attack_vector,attack_complexity,privileges_required,user_interaction,scope,confidentiality_impact,integrity_impact,availability_impact,epss_score,exploit_maturity,days_since_published,severity
network,low,high,none,unchanged,none,high,high,0.0757,poc,330,medium
network,high,none,none,unchanged,low,none,high,0.1925,poc,180,medium
network,low,none,required,changed,high,high,high,0.0702,unproven,143,critical
local,high,low,none,changed,low,low,none,0.3567,unproven,155,medium
network,low,none,none,unchanged,high,none,low,0.055,high,90,high
network,low,high,required,changed,none,high,none,0.2614,poc,22,medium
local,low,none,required,changed,none,low,low,0.1571,unproven,380,medium
local,low,none,required,changed,none,none,low,0.0658,functional,118,low
network,low,none,required,unchanged,low,high,none,0.0837,poc,94,medium
network,low,none,required,changed,high,high,low,0.1376,unproven,423,critical
network,low,low,none,changed,high,low,high,0.3535,unproven,98,critical
network,low,low,none,changed,high,low,high,0.2335,unproven,265,critical
network,low,none,required,unchanged,low,high,none,0.1071,functional,81,high
local,high,low,none,changed,low,low,high,0.0422,poc,736,medium
network,high,none,none,unchanged,high,low,low,0.126,unproven,215,medium
network,low,low,none,unchanged,high,low,none,0.1237,functional,299,medium
adjacent,low,none,none,changed,high,none,low,0.0346,poc,185,high
local,high,low,none,unchanged,high,low,high,0.0753,unproven,91,medium
network,low,none,none,unchanged,low,low,high,0.0609,functional,472,high
adjacent,low,none,none,changed,low,low,none,0.008,functional,32,medium
network,low,low,none,unchanged,low,low,high,0.247,unproven,430,high
network,low,low,none,changed,none,high,low,0.0252,functional,160,high
network,high,none,none,changed,high,none,none,0.0055,poc,59,high
network,low,low,required,unchanged,low,high,none,0.0157,unproven,328,medium
adjacent,high,none,none,changed,low,low,high,0.2664,unproven,212,medium
local,high,low,none,unchanged,none,none,high,0.0731,poc,724,medium
network,low,high,required,unchanged,high,high,low,0.0539,functional,171,medium
network,low,low,none,changed,low,low,high,0.0132,poc,86,critical
network,low,none,required,changed,low,none,high,0.1114,high,288,high
network,high,low,required,unchanged,low,low,high,0.033,poc,144,medium
adjacent,low,low,none,unchanged,high,none,none,0.0834,poc,57,medium
network,low,low,required,unchanged,high,low,low,0.0431,unproven,537,medium
adjacent,low,low,none,unchanged,high,high,high,0.0688,unproven,262,high
network,low,none,required,unchanged,low,low,low,0.1021,poc,241,medium
network,low,high,none,unchanged,high,low,none,0.1553,functional,217,medium
local,low,low,none,unchanged,high,high,high,0.0219,functional,189,high
adjacent,low,none,required,unchanged,low,low,high,0.0607,poc,177,high
local,high,none,none,unchanged,low,high,none,0.1899,functional,202,medium
network,low,none,required,unchanged,low,high,high,0.0594,unproven,125,high
adjacent,low,none,none,changed,high,high,none,0.0063,high,217,high
network,low,none,none,unchanged,high,high,high,0.071,unproven,319,critical
network,low,none,required,unchanged,none,none,high,0.3405,poc,559,medium
network,low,none,none,unchanged,high,high,low,0.2868,poc,282,critical
local,low,low,required,unchanged,low,high,high,0.0132,poc,228,medium
network,high,low,required,unchanged,high,none,high,0.144,functional,182,medium
network,low,none,none,unchanged,low,low,high,0.0721,poc,808,critical
network,low,none,none,unchanged,high,high,none,0.0075,unproven,35,critical
network,low,none,required,unchanged,low,high,low,0.0258,unproven,244,high
adjacent,high,high,none,unchanged,low,none,high,0.1238,functional,63,medium
network,low,low,none,unchanged,none,high,none,0.0043,poc,305,medium
network,low,low,none,unchanged,none,low,none,0.0416,unproven,744,medium
local,high,low,required,unchanged,high,none,high,0.1231,unproven,323,medium
network,low,low,none,unchanged,none,high,low,0.1633,poc,84,medium
network,low,low,required,unchanged,high,high,none,0.0286,poc,233,medium
local,low,none,none,changed,low,none,none,0.1911,unproven,279,medium
adjacent,low,none,required,unchanged,high,none,none,0.064,functional,59,medium
physical,high,none,required,unchanged,high,low,high,0.1814,poc,57,medium
network,high,low,none,unchanged,high,none,low,0.0106,unproven,130,medium
network,low,high,required,changed,low,low,none,0.1539,functional,241,low
network,high,low,required,changed,high,high,high,0.0247,poc,285,high
network,low,none,none,unchanged,high,high,none,0.0071,unproven,435,critical
network,high,none,none,unchanged,low,low,low,0.0707,unproven,82,medium
network,high,low,none,unchanged,none,low,high,0.0278,poc,590,medium
local,low,low,none,unchanged,none,high,high,0.1149,unproven,132,high
local,high,high,required,unchanged,high,high,none,0.1263,unproven,92,medium
network,low,high,required,unchanged,high,none,high,0.1388,poc,190,medium
network,low,high,none,changed,high,high,low,0.0883,poc,86,high
network,high,low,required,unchanged,low,high,low,0.0165,unproven,188,medium
network,low,low,required,unchanged,high,none,high,0.0756,poc,215,medium
local,low,none,none,changed,none,none,low,0.1062,poc,24,medium
network,low,none,required,unchanged,none,low,low,0.0543,unproven,168,medium
network,high,none,required,unchanged,low,low,high,0.2313,poc,96,medium
local,low,high,none,unchanged,low,low,high,0.292,functional,140,medium
network,high,none,none,unchanged,high,none,low,0.0525,poc,102,medium
local,high,none,none,unchanged,none,none,high,0.0375,functional,87,medium
local,low,high,none,unchanged,low,low,low,0.0752,unproven,120,low
network,high,low,none,changed,none,high,low,0.1088,unproven,225,medium
network,low,low,none,unchanged,none,none,none,0.3191,unproven,67,low
local,high,high,required,unchanged,high,low,none,0.0252,functional,151,medium
network,high,low,none,unchanged,high,high,high,0.031,unproven,84,high
network,low,none,none,unchanged,low,none,none,0.0537,unproven,69,medium
network,high,none,required,changed,low,high,low,0.1505,unproven,20,high
network,high,high,required,unchanged,high,none,high,0.154,poc,348,medium
adjacent,low,low,required,changed,none,high,none,0.0333,poc,100,medium
network,high,low,required,changed,high,high,high,0.2844,unproven,222,high
adjacent,low,none,none,unchanged,high,low,high,0.0104,functional,254,high
network,high,none,none,unchanged,high,high,high,0.0334,unproven,359,high
network,low,low,none,unchanged,none,low,low,0.2048,unproven,327,medium
network,high,none,none,unchanged,high,low,high,0.0062,functional,667,high
network,low,none,required,unchanged,high,none,high,0.0651,high,315,high
network,low,none,required,changed,low,none,high,0.1959,poc,224,high
network,high,none,required,changed,low,high,high,0.1712,unproven,69,high
local,low,high,required,changed,low,none,high,0.0215,unproven,88,medium
network,low,none,required,unchanged,high,none,high,0.0804,unproven,48,high
adjacent,low,none,none,changed,low,high,high,0.0693,functional,301,critical
physical,high,low,none,changed,low,low,high,0.1335,poc,358,medium
adjacent,low,low,none,changed,none,high,none,0.0259,unproven,352,medium
adjacent,low,none,required,changed,low,low,low,0.0055,poc,298,high
network,low,none,none,unchanged,high,high,none,0.012,unproven,199,critical
adjacent,low,none,none,unchanged,none,high,high,0.0456,unproven,408,high
network,high,none,none,unchanged,low,low,low,0.2086,unproven,334,medium
local,low,none,none,changed,high,low,high,0.1263,high,190,critical
adjacent,high,none,none,unchanged,low,none,high,0.2655,unproven,676,medium
network,high,none,none,changed,low,low,low,0.0706,unproven,98,medium
network,high,low,required,unchanged,high,high,low,0.1586,poc,315,medium
network,low,high,none,unchanged,low,none,low,0.0707,poc,381,low
local,high,none,none,changed,none,low,high,0.2474,poc,355,medium
network,low,low,required,unchanged,high,high,high,0.0484,poc,381,high
physical,low,high,none,unchanged,low,high,low,0.0191,unproven,99,medium
network,low,none,none,unchanged,low,none,high,0.166,functional,51,high
network,low,low,required,unchanged,high,none,none,0.035,poc,103,medium
adjacent,high,low,none,unchanged,high,none,low,0.0585,unproven,98,medium
network,high,high,none,unchanged,low,high,low,0.2639,unproven,237,medium
network,low,none,none,unchanged,high,none,high,0.0587,unproven,22,critical
adjacent,low,none,none,unchanged,none,none,high,0.1578,unproven,199,medium
network,low,low,none,unchanged,low,low,high,0.0361,functional,311,high
adjacent,low,none,required,unchanged,low,low,low,0.0367,functional,426,medium
network,low,none,required,unchanged,high,high,none,0.0757,unproven,403,high
local,low,low,required,unchanged,low,high,low,0.0743,functional,119,medium
network,low,high,none,unchanged,high,high,none,0.1076,unproven,250,medium
adjacent,low,none,none,unchanged,low,high,none,0.0357,functional,391,high
network,low,low,required,changed,high,none,high,0.0329,poc,29,high
local,low,low,none,unchanged,high,none,none,0.0402,unproven,246,medium
network,high,high,none,unchanged,low,none,none,0.0222,poc,382,low
local,low,high,required,unchanged,high,high,high,0.0958,unproven,81,high
adjacent,low,none,none,unchanged,high,low,high,0.0322,functional,304,high
network,low,low,none,unchanged,none,low,high,0.0774,unproven,129,medium
network,low,low,required,unchanged,high,none,low,0.0211,unproven,150,medium
physical,low,none,none,unchanged,low,none,high,0.2126,functional,96,medium
network,low,none,none,unchanged,high,none,none,0.0644,high,227,high
network,high,none,none,unchanged,high,low,high,0.0028,functional,258,high
local,low,low,required,unchanged,high,none,high,0.0223,unproven,545,medium
adjacent,low,none,none,changed,low,high,low,0.0748,unproven,250,critical
network,low,low,none,changed,low,none,high,0.0369,functional,897,high
physical,low,low,none,unchanged,none,high,low,0.091,unproven,128,medium
network,low,none,required,unchanged,low,low,none,0.0189,unproven,132,medium
network,low,low,none,unchanged,high,high,none,0.029,functional,403,high
network,low,low,required,unchanged,high,low,none,0.1547,poc,284,medium
physical,high,none,required,changed,none,high,low,0.1202,unproven,608,medium
adjacent,low,none,none,changed,high,none,none,0.0863,functional,155,high
adjacent,low,low,none,unchanged,low,none,none,0.2084,poc,109,low
local,high,none,none,unchanged,low,none,low,0.0637,poc,133,low
local,low,low,required,unchanged,low,high,high,0.0088,unproven,589,high
network,low,none,required,unchanged,low,high,high,0.0628,poc,283,high
local,low,low,none,unchanged,high,none,high,0.1892,functional,189,high
network,high,none,required,unchanged,high,low,high,0.0956,poc,195,high
network,high,low,none,unchanged,none,high,none,0.048,functional,91,medium
network,low,low,none,unchanged,none,low,none,0.2665,unproven,134,medium
network,high,none,required,changed,high,none,high,0.1918,unproven,214,high
network,high,high,none,unchanged,low,low,high,0.251,unproven,218,medium
local,low,low,none,unchanged,high,low,none,0.032,unproven,301,medium
network,low,low,required,changed,low,high,none,0.1151,unproven,426,high
network,low,high,required,unchanged,low,high,high,0.0021,poc,110,medium
local,low,none,required,unchanged,low,high,none,0.0801,unproven,454,medium
local,high,low,required,unchanged,high,low,high,0.0092,unproven,323,medium
network,low,low,none,unchanged,none,high,low,0.0537,functional,65,high
network,low,low,none,unchanged,low,low,low,0.0639,unproven,432,medium
network,high,high,none,changed,low,low,low,0.0596,unproven,171,medium
local,high,none,none,unchanged,low,none,low,0.1314,functional,335,low
network,low,low,required,unchanged,low,high,high,0.023,high,221,high
network,low,low,required,changed,high,none,none,0.1274,poc,461,medium
network,low,low,none,unchanged,none,none,high,0.1825,unproven,490,medium
network,low,low,none,unchanged,high,high,none,0.0363,poc,173,high
network,low,low,none,unchanged,low,high,high,0.0231,unproven,126,high
local,low,low,none,unchanged,low,low,none,0.0907,functional,343,medium
network,high,low,required,unchanged,none,none,high,0.2637,functional,255,medium
adjacent,low,low,none,unchanged,high,low,none,0.1141,poc,180,medium
local,low,none,required,changed,low,none,low,0.2855,unproven,122,medium
network,low,none,none,unchanged,none,low,none,0.1286,unproven,842,medium
network,low,high,none,changed,high,high,high,0.1105,functional,11,high
network,low,high,none,unchanged,high,none,low,0.0494,unproven,379,medium
network,high,low,required,changed,high,low,none,0.0812,poc,369,medium
network,low,low,none,unchanged,high,low,none,0.1619,high,224,high
network,low,none,required,unchanged,high,low,low,0.1655,functional,199,high
network,high,high,none,changed,high,none,high,0.0836,functional,119,high
local,high,low,none,changed,high,none,high,0.0546,functional,74,high
adjacent,low,low,none,changed,high,low,high,0.048,high,125,high
adjacent,low,high,none,unchanged,low,high,high,0.157,poc,241,medium
network,high,none,none,unchanged,low,high,none,0.0162,unproven,44,high
network,high,none,none,changed,high,none,high,0.0392,poc,62,high
network,low,low,none,changed,high,low,none,0.0695,unproven,215,high
network,low,none,required,unchanged,none,none,low,0.1047,poc,181,medium
network,low,low,none,changed,high,high,high,0.059,unproven,67,critical
network,high,none,none,unchanged,none,low,high,0.162,poc,283,medium
network,high,none,required,changed,high,low,low,0.2388,functional,159,high
network,low,none,none,changed,high,low,low,0.1956,unproven,416,critical
local,high,none,none,unchanged,high,none,low,0.0321,poc,280,medium
local,low,none,none,changed,high,high,high,0.1287,unproven,71,critical
network,low,low,none,unchanged,high,none,none,0.0699,unproven,246,medium
local,high,none,none,changed,none,high,none,0.0757,poc,380,medium
network,low,low,required,unchanged,high,none,high,0.0563,poc,103,high
network,high,low,none,changed,low,high,none,0.0446,functional,81,medium
network,high,none,required,changed,high,none,none,0.2111,unproven,179,medium
network,low,high,none,changed,high,none,none,0.0317,unproven,199,medium
network,high,low,required,changed,high,low,low,0.1863,functional,897,medium
network,high,none,none,unchanged,low,low,none,0.0057,unproven,231,medium
network,high,none,required,unchanged,high,high,none,0.0769,functional,408,medium
local,low,high,none,changed,high,none,none,0.0759,unproven,280,medium
network,high,low,none,unchanged,high,none,low,0.1037,poc,19,medium
local,low,low,none,unchanged,high,low,high,0.1535,functional,434,high
adjacent,high,none,none,changed,low,high,low,0.0953,functional,118,medium
local,low,low,none,unchanged,low,none,none,0.1268,functional,152,low
network,high,none,required,unchanged,low,high,none,0.0206,functional,502,medium
network,high,none,required,changed,low,none,none,0.1311,unproven,516,low
network,low,none,none,unchanged,high,high,high,0.0825,unproven,226,critical
local,low,none,required,unchanged,high,none,high,0.2652,high,165,high
network,low,none,required,unchanged,none,high,none,0.0268,unproven,127,medium
local,low,none,required,unchanged,high,none,high,0.0848,poc,400,medium
network,high,low,none,unchanged,low,high,low,0.1536,functional,244,medium
local,low,none,none,unchanged,low,low,high,0.0748,unproven,428,medium
adjacent,low,low,required,unchanged,low,high,none,0.1649,unproven,176,medium
local,low,high,none,unchanged,none,none,high,0.0509,poc,170,medium
network,low,high,none,unchanged,low,none,high,0.1918,poc,457,medium
network,high,none,required,unchanged,high,low,low,0.0987,functional,14,medium
network,high,none,none,unchanged,none,none,high,0.0378,poc,52,medium
local,low,low,none,unchanged,low,low,high,0.0247,functional,215,high
network,low,none,none,unchanged,low,none,high,0.071,poc,382,high
network,low,none,none,unchanged,high,high,low,0.1802,unproven,313,critical
adjacent,high,low,required,unchanged,low,low,high,0.1501,unproven,741,medium
local,high,low,none,changed,high,low,high,0.1994,unproven,121,high
adjacent,high,none,required,unchanged,low,low,low,0.1126,functional,28,medium
adjacent,low,none,none,unchanged,high,low,low,0.1148,poc,233,high
adjacent,high,none,required,unchanged,low,high,none,0.022,poc,147,medium
network,high,low,required,unchanged,high,high,high,0.1515,poc,160,high
adjacent,low,low,none,unchanged,high,high,high,0.0501,unproven,153,high
local,low,low,none,unchanged,none,none,none,0.0211,poc,595,low
network,low,none,required,unchanged,high,high,none,0.0318,functional,437,high
local,low,none,none,unchanged,none,none,none,0.0143,unproven,437,low
local,high,low,none,unchanged,high,high,none,0.1889,poc,276,medium
network,low,none,none,unchanged,low,none,high,0.1583,unproven,193,high
local,high,low,none,unchanged,high,high,low,0.046,unproven,151,medium
local,low,high,none,unchanged,none,none,none,0.1741,poc,54,low
network,low,none,required,unchanged,none,low,low,0.0374,poc,288,medium
local,low,low,none,unchanged,high,low,low,0.0522,poc,315,medium
local,high,low,required,unchanged,high,low,low,0.0662,high,326,medium
adjacent,low,high,none,unchanged,low,none,high,0.1358,unproven,656,medium
network,high,low,required,unchanged,high,high,high,0.1487,functional,243,medium
network,low,none,required,unchanged,high,none,none,0.212,poc,244,medium
network,low,none,none,changed,low,none,high,0.013,unproven,623,critical
local,low,low,none,unchanged,low,high,high,0.0356,functional,268,high
network,low,none,none,changed,low,high,high,0.0728,poc,390,critical
local,high,low,none,unchanged,low,high,none,0.1661,unproven,203,medium
local,low,none,none,changed,low,low,high,0.0243,poc,394,high
network,low,none,none,unchanged,low,low,low,0.0264,high,403,medium
network,low,low,none,unchanged,low,low,low,0.0708,poc,59,high
physical,low,low,required,unchanged,high,high,high,0.0177,functional,656,medium
local,low,low,required,unchanged,none,high,high,0.1731,high,182,medium
network,low,none,none,changed,high,none,high,0.057,unproven,214,critical
local,low,none,none,unchanged,none,none,low,0.0611,high,101,low
adjacent,low,none,required,unchanged,high,low,none,0.3007,poc,107,medium
local,low,low,none,unchanged,none,high,high,0.2487,unproven,110,high
network,low,low,none,unchanged,none,low,none,0.0902,poc,314,low
network,low,low,required,unchanged,high,low,none,0.0174,unproven,47,medium
network,low,high,required,unchanged,low,low,high,0.178,functional,482,medium
local,low,none,none,unchanged,high,high,none,0.0656,unproven,495,high
network,low,none,none,unchanged,high,low,high,0.0055,poc,114,critical
network,low,low,required,unchanged,low,none,low,0.0425,poc,222,medium
network,low,high,none,unchanged,low,high,none,0.025,poc,112,medium
local,low,low,none,unchanged,low,none,high,0.3045,poc,117,medium
adjacent,low,low,none,unchanged,low,high,low,0.0806,unproven,30,medium
local,high,low,none,unchanged,high,low,none,0.0417,high,218,medium
network,high,none,none,changed,none,low,high,0.0304,poc,31,high
local,low,none,required,changed,high,low,low,0.1421,poc,433,high
local,low,none,none,changed,low,high,low,0.0508,poc,109,critical
physical,high,none,required,changed,high,low,high,0.047,poc,533,medium
local,high,low,none,changed,low,high,low,0.0695,functional,184,high
adjacent,low,high,required,unchanged,high,low,low,0.0486,unproven,327,medium
network,low,none,none,unchanged,low,low,high,0.0072,unproven,69,high
network,low,high,none,unchanged,none,low,high,0.0041,functional,523,medium
local,low,none,required,unchanged,low,high,high,0.16,high,268,medium
local,high,low,none,unchanged,low,none,high,0.3115,unproven,116,medium
network,low,low,required,unchanged,low,high,high,0.0526,unproven,91,high
network,high,none,none,unchanged,low,high,low,0.0801,functional,120,high
network,low,none,required,unchanged,low,low,none,0.0471,poc,163,medium
network,low,high,none,unchanged,none,high,high,0.0969,unproven,743,medium
local,high,none,none,changed,high,high,high,0.0123,functional,460,high
adjacent,low,low,required,changed,low,low,low,0.0419,high,180,medium
network,high,low,required,unchanged,high,none,high,0.1164,functional,131,medium
network,low,none,none,unchanged,high,low,high,0.0504,poc,211,critical
network,low,none,none,unchanged,high,none,high,0.0208,high,278,critical
local,low,high,none,unchanged,high,none,none,0.1368,unproven,491,low
network,low,none,required,unchanged,none,none,high,0.0208,poc,445,medium
network,low,none,none,unchanged,none,none,high,0.0707,unproven,113,high
network,high,none,none,changed,none,none,low,0.0927,unproven,696,low
local,high,none,none,changed,none,high,low,0.1353,unproven,208,high
network,low,none,none,unchanged,high,high,none,0.091,unproven,35,high
local,low,none,required,changed,low,high,high,0.3029,unproven,271,high
adjacent,low,high,none,unchanged,high,low,none,0.1239,unproven,420,medium
network,low,low,required,unchanged,high,high,high,0.0475,unproven,307,high
adjacent,low,low,none,unchanged,low,high,high,0.1216,poc,587,high
physical,high,high,none,unchanged,low,low,high,0.0528,poc,215,medium
local,low,low,required,changed,high,none,high,0.0432,poc,627,high
adjacent,low,low,required,unchanged,low,low,high,0.128,unproven,197,medium
network,high,none,none,changed,high,high,none,0.1865,poc,33,high
adjacent,low,none,required,unchanged,low,none,none,0.3052,poc,99,low
network,high,none,none,unchanged,none,low,high,0.0929,poc,349,medium
network,low,none,required,changed,none,low,high,0.1842,high,176,high
network,low,none,required,changed,low,none,none,0.0003,unproven,250,medium
network,low,low,none,unchanged,high,high,high,0.0847,poc,213,high
network,low,low,none,unchanged,high,none,none,0.0203,unproven,58,medium
local,low,none,required,unchanged,low,high,none,0.0511,high,107,medium
network,high,low,none,changed,high,none,low,0.0352,functional,237,medium
adjacent,low,high,none,unchanged,low,high,high,0.2285,unproven,297,medium
network,low,none,none,unchanged,none,high,none,0.0979,poc,375,high
local,low,high,required,changed,low,low,none,0.1002,unproven,132,low
local,low,none,required,unchanged,high,low,high,0.0268,unproven,403,medium
network,high,low,none,unchanged,high,low,high,0.068,functional,225,high
local,low,none,none,unchanged,none,low,high,0.1947,functional,251,medium
local,low,high,none,unchanged,none,high,high,0.1858,functional,240,medium
network,high,none,none,changed,high,high,low,0.1243,poc,223,high
local,high,none,required,unchanged,high,low,high,0.2683,unproven,773,medium
network,low,low,none,changed,none,high,none,0.0394,unproven,110,high
network,low,low,none,changed,high,low,none,0.2257,unproven,198,high
network,high,none,required,changed,high,none,none,0.1613,high,275,medium
network,low,high,none,unchanged,low,low,low,0.0703,unproven,201,medium
network,low,high,none,unchanged,low,high,none,0.0112,high,404,medium
local,low,none,none,changed,high,high,none,0.0133,functional,265,high
local,low,high,required,changed,high,low,low,0.0853,unproven,197,medium
local,low,none,none,unchanged,none,high,none,0.0103,unproven,138,medium
local,high,low,none,unchanged,low,low,low,0.1574,unproven,133,medium
network,low,none,none,unchanged,high,low,low,0.2008,unproven,168,critical
network,low,none,none,unchanged,none,low,high,0.0065,unproven,230,high
network,low,none,none,unchanged,none,low,high,0.2168,unproven,92,high
network,low,low,none,unchanged,low,none,none,0.0401,high,189,medium
network,high,none,none,unchanged,none,low,none,0.0909,poc,388,low
physical,low,high,required,changed,high,low,high,0.2613,high,183,medium
local,low,none,none,unchanged,low,low,high,0.3248,unproven,194,high
network,low,none,required,unchanged,low,high,none,0.2695,unproven,346,medium
local,low,low,required,unchanged,high,low,low,0.0352,unproven,96,medium
local,high,none,none,unchanged,low,low,high,0.0778,poc,307,medium
adjacent,high,none,none,unchanged,low,low,high,0.2236,poc,570,medium
network,low,none,none,unchanged,high,high,high,0.0335,unproven,367,critical
network,high,none,none,changed,high,high,none,0.1207,unproven,335,high
local,low,low,none,changed,none,high,low,0.0632,functional,16,high
local,low,none,none,unchanged,high,low,low,0.1042,functional,62,high
network,high,none,required,unchanged,none,low,none,0.0876,poc,48,low
network,high,low,required,unchanged,low,low,high,0.1062,functional,91,medium
network,high,none,none,unchanged,high,none,high,0.1702,functional,105,high
network,low,none,none,unchanged,none,low,none,0.2995,unproven,116,medium
network,high,none,none,unchanged,low,high,high,0.0539,functional,479,high
network,high,high,none,changed,high,high,none,0.013,unproven,265,high
network,low,none,none,unchanged,high,high,high,0.0367,unproven,87,high
network,low,none,required,changed,low,none,high,0.0309,unproven,181,high
local,low,low,none,unchanged,low,high,none,0.2381,unproven,9,medium
network,low,none,none,unchanged,low,low,low,0.1721,poc,391,high
network,low,none,none,unchanged,low,none,low,0.0243,unproven,167,medium
network,low,high,none,unchanged,low,high,none,0.0363,poc,75,medium
adjacent,high,low,required,unchanged,none,high,high,0.3266,poc,102,medium
network,high,high,none,unchanged,none,low,high,0.1219,poc,315,low
physical,low,none,none,unchanged,high,low,high,0.0618,functional,307,medium
adjacent,low,low,required,unchanged,low,high,high,0.0852,poc,541,medium
network,low,high,none,changed,high,low,none,0.2681,poc,192,high
adjacent,low,none,none,unchanged,low,low,high,0.0227,unproven,107,high
network,low,low,none,unchanged,high,none,high,0.2433,unproven,183,high
local,high,none,required,unchanged,high,high,high,0.0099,poc,193,medium
local,low,high,none,unchanged,none,low,high,0.1898,unproven,413,medium
adjacent,low,none,none,unchanged,high,none,high,0.1767,poc,249,high
network,high,high,none,unchanged,none,high,high,0.0233,unproven,77,medium
network,low,none,none,unchanged,low,low,high,0.0823,functional,43,critical
network,low,none,none,unchanged,high,none,high,0.0932,poc,263,critical
network,low,low,none,changed,low,none,high,0.0157,unproven,341,high
network,low,low,required,changed,low,low,none,0.1439,unproven,183,medium
network,low,low,none,unchanged,high,none,low,0.0538,functional,284,medium
network,low,low,none,changed,low,low,high,0.0091,poc,459,high
physical,low,high,required,changed,high,none,high,0.2369,unproven,196,medium
network,low,none,required,unchanged,high,low,high,0.0562,unproven,417,high
network,low,high,none,unchanged,none,none,low,0.0304,unproven,584,low
network,low,high,required,unchanged,high,low,none,0.3032,poc,380,medium
network,high,low,none,unchanged,low,low,none,0.2008,poc,311,medium
adjacent,low,none,required,unchanged,low,low,none,0.008,unproven,315,medium
local,low,low,none,unchanged,low,none,high,0.0211,poc,481,medium
network,high,none,none,unchanged,high,low,none,0.0863,unproven,178,medium
network,low,low,required,unchanged,high,high,low,0.0978,unproven,68,medium
network,high,high,none,unchanged,high,low,high,0.3278,functional,194,medium
local,high,none,none,unchanged,high,none,low,0.0313,unproven,122,medium
local,low,none,none,unchanged,high,high,low,0.0563,unproven,167,high
local,high,low,none,changed,none,none,high,0.0543,poc,260,medium
network,low,none,required,unchanged,low,high,high,0.1755,unproven,239,critical
physical,high,none,none,changed,low,none,none,0.0628,functional,56,low
network,low,low,none,unchanged,low,high,high,0.1301,unproven,463,high
local,low,low,none,changed,low,high,none,0.1229,unproven,146,medium
network,high,none,none,unchanged,none,low,low,0.033,poc,246,medium
adjacent,low,low,required,unchanged,none,low,low,0.0434,unproven,106,medium
network,low,none,none,unchanged,low,high,low,0.0947,unproven,822,high
physical,low,high,none,unchanged,high,low,low,0.0373,functional,324,medium
network,low,low,required,changed,high,none,low,0.3648,poc,106,high
network,low,high,required,unchanged,high,high,none,0.1444,unproven,202,medium
adjacent,low,high,none,unchanged,high,high,none,0.129,high,233,medium
local,high,high,none,changed,none,low,high,0.0795,functional,332,medium
local,low,none,none,unchanged,low,high,low,0.0476,high,114,high
network,low,none,required,unchanged,high,low,low,0.0275,unproven,375,high
adjacent,high,high,none,unchanged,high,high,high,0.1182,unproven,317,medium
network,low,high,none,unchanged,low,none,high,0.0233,unproven,422,medium
network,low,none,none,changed,none,high,none,0.1665,functional,289,high
network,low,low,required,unchanged,high,high,none,0.0512,poc,155,high
network,high,none,none,unchanged,high,low,high,0.1316,functional,43,high
local,low,none,none,unchanged,high,none,low,0.3002,functional,869,medium
local,high,none,required,unchanged,low,low,high,0.0795,functional,85,medium
local,low,low,none,unchanged,high,high,low,0.0894,poc,176,high
network,low,none,none,changed,high,low,none,0.361,unproven,239,critical
physical,low,none,required,unchanged,high,none,high,0.1063,functional,121,medium
physical,low,high,required,unchanged,none,high,high,0.0964,poc,132,medium
network,high,none,required,unchanged,low,high,none,0.06,unproven,422,medium
network,low,none,none,unchanged,none,none,high,0.0764,poc,412,high
network,high,high,required,unchanged,none,high,low,0.261,poc,291,medium
physical,high,low,required,unchanged,high,none,low,0.039,poc,140,medium
local,high,low,required,unchanged,low,high,none,0.1731,poc,127,medium
adjacent,low,none,none,unchanged,low,none,low,0.1344,poc,450,medium
network,high,none,none,unchanged,none,high,low,0.0851,unproven,429,medium
physical,low,low,none,unchanged,none,high,none,0.1294,unproven,161,medium
physical,high,low,none,changed,none,low,none,0.0874,unproven,313,low
network,high,low,required,unchanged,high,low,high,0.1104,functional,153,medium
network,low,none,none,unchanged,none,low,high,0.1921,poc,56,high
adjacent,low,low,required,unchanged,low,none,high,0.0376,unproven,360,medium
local,high,low,required,unchanged,none,low,low,0.1442,unproven,378,medium
network,low,low,required,unchanged,low,high,none,0.0449,functional,48,medium
network,low,low,none,changed,none,low,none,0.0016,unproven,21,medium
physical,low,low,none,unchanged,low,low,high,0.0915,unproven,207,medium
network,low,none,none,unchanged,low,high,high,0.0283,poc,119,high
local,low,low,required,unchanged,none,none,low,0.1352,poc,729,low
network,high,high,required,unchanged,low,high,low,0.0433,unproven,215,medium
network,low,low,none,unchanged,none,high,high,0.0621,functional,408,high
network,high,low,none,unchanged,none,none,high,0.0791,high,40,medium
network,low,none,none,unchanged,high,high,low,0.0567,functional,335,critical
physical,low,none,none,unchanged,low,low,high,0.1987,poc,526,medium
adjacent,low,none,none,changed,high,none,none,0.0289,unproven,754,high
network,low,none,none,unchanged,high,high,high,0.1494,high,334,critical
local,low,low,required,unchanged,high,none,high,0.1122,high,535,medium
network,high,none,none,unchanged,low,low,none,0.0541,poc,32,medium
network,low,low,none,changed,high,low,high,0.1452,high,285,critical
local,low,none,required,unchanged,none,high,low,0.1069,unproven,140,medium
network,high,none,required,unchanged,none,none,low,0.059,unproven,321,low
local,high,none,required,unchanged,none,low,high,0.1801,high,236,medium
local,low,low,required,unchanged,low,high,high,0.1163,high,326,medium
local,high,high,required,unchanged,low,low,none,0.0987,poc,87,low
network,low,low,none,unchanged,none,none,none,0.1506,functional,86,low
adjacent,high,none,required,unchanged,high,low,none,0.0026,unproven,83,medium
local,low,none,none,unchanged,none,low,high,0.0213,functional,170,high
local,low,high,none,unchanged,high,high,none,0.1084,functional,414,medium
physical,low,none,none,unchanged,low,low,high,0.0481,poc,74,medium
adjacent,low,none,none,changed,low,none,low,0.0446,functional,616,medium
network,low,none,required,unchanged,high,low,high,0.255,unproven,93,high
local,low,high,none,changed,high,low,low,0.1452,poc,215,medium
local,low,none,none,unchanged,high,high,low,0.1513,poc,147,high
local,high,low,required,unchanged,high,low,low,0.1217,functional,195,medium
network,low,low,required,unchanged,high,low,high,0.0691,high,194,high
adjacent,low,high,none,unchanged,low,none,none,0.3382,poc,193,low
adjacent,low,low,none,unchanged,low,high,low,0.0356,unproven,79,medium
local,high,none,required,unchanged,high,none,high,0.0431,unproven,137,medium
network,high,low,none,unchanged,low,high,high,0.1513,poc,241,high
network,low,none,required,unchanged,high,none,high,0.2596,unproven,256,high
network,low,none,required,changed,none,low,none,0.2354,poc,160,medium
local,high,high,none,changed,high,high,none,0.0413,functional,85,high
network,low,low,required,unchanged,high,high,low,0.0998,poc,346,high
adjacent,low,low,none,unchanged,none,none,high,0.1311,unproven,229,medium
adjacent,low,none,required,changed,high,high,low,0.0498,unproven,299,high
network,low,low,none,changed,none,high,high,0.0434,functional,700,high
network,high,none,required,unchanged,high,low,high,0.131,unproven,258,medium
network,low,low,required,changed,low,low,none,0.0983,unproven,160,medium
network,low,none,none,unchanged,low,high,low,0.067,unproven,61,high
network,high,none,required,unchanged,low,high,none,0.2919,unproven,158,medium
network,low,none,required,unchanged,none,low,low,0.2722,poc,437,medium
network,high,low,required,unchanged,none,low,none,0.0581,high,182,low
adjacent,low,high,none,unchanged,high,none,high,0.1842,unproven,261,medium
network,high,high,required,unchanged,low,none,high,0.1115,unproven,722,medium
adjacent,low,low,required,changed,none,high,none,0.1569,unproven,52,medium
network,low,low,none,unchanged,high,low,low,0.2002,poc,130,high
adjacent,high,none,none,unchanged,high,low,none,0.2042,unproven,54,medium
local,low,low,required,unchanged,low,high,high,0.2528,unproven,263,medium
physical,low,low,none,unchanged,high,low,high,0.2756,unproven,35,medium
network,high,none,none,changed,high,high,high,0.1675,unproven,244,high
network,low,low,none,unchanged,low,high,low,0.2737,poc,418,high
local,high,none,required,unchanged,low,high,low,0.1657,unproven,35,medium
network,low,low,required,unchanged,low,high,none,0.0781,unproven,62,medium
local,high,none,required,unchanged,high,high,high,0.1824,poc,59,medium
network,low,low,none,unchanged,low,high,high,0.0874,unproven,222,high
network,low,high,required,unchanged,high,low,high,0.0161,poc,390,medium
adjacent,high,none,none,unchanged,low,none,high,0.0808,unproven,387,medium
local,low,none,none,unchanged,high,none,low,0.2103,unproven,96,medium
adjacent,low,low,required,unchanged,low,low,high,0.0574,unproven,204,medium
local,high,none,required,changed,low,low,low,0.077,unproven,217,medium
local,low,none,none,unchanged,high,none,low,0.2296,poc,25,medium
network,low,low,none,unchanged,low,low,high,0.0552,unproven,91,high
network,high,none,none,unchanged,low,low,high,0.0672,unproven,413,medium
adjacent,high,none,none,unchanged,low,none,none,0.0431,unproven,36,low
local,high,none,none,changed,low,none,high,0.1801,functional,88,medium
network,low,low,required,unchanged,low,none,high,0.0761,functional,704,medium
adjacent,low,none,none,changed,low,high,none,0.1561,poc,88,high
network,low,none,none,unchanged,none,high,none,0.0831,unproven,66,high
adjacent,low,none,none,changed,none,none,low,0.0662,unproven,91,medium
network,low,none,none,unchanged,none,none,high,0.2443,unproven,281,medium
network,low,high,none,unchanged,low,low,none,0.0558,high,121,low
local,low,none,required,unchanged,low,low,low,0.2547,poc,108,medium
network,low,low,none,unchanged,high,high,high,0.1982,unproven,75,high
local,low,low,none,unchanged,high,low,high,0.1219,unproven,156,high
adjacent,low,low,none,unchanged,high,low,high,0.0131,unproven,360,medium
network,low,high,none,unchanged,none,none,high,0.2484,unproven,45,medium
network,low,low,required,unchanged,low,low,none,0.0037,functional,55,medium
adjacent,low,low,required,changed,low,none,low,0.017,poc,135,low
network,high,none,required,unchanged,high,high,high,0.1725,unproven,125,high
adjacent,high,none,none,unchanged,low,low,high,0.189,poc,75,medium
adjacent,low,none,none,changed,low,none,high,0.2436,unproven,254,high
network,low,low,required,unchanged,high,none,high,0.2936,poc,171,medium
local,high,high,required,changed,low,low,high,0.0997,poc,239,medium
adjacent,high,none,none,changed,low,none,high,0.016,unproven,101,high
network,high,none,required,changed,high,none,high,0.0151,unproven,202,high
adjacent,low,low,required,changed,low,high,high,0.0411,unproven,118,high
adjacent,high,none,required,changed,low,high,high,0.0286,poc,338,high
network,low,low,none,unchanged,high,low,none,0.0617,poc,225,medium
network,low,none,required,unchanged,high,high,high,0.1043,poc,219,critical
adjacent,low,none,none,unchanged,high,low,none,0.1203,functional,94,medium
local,low,low,none,unchanged,low,high,none,0.083,functional,50,medium
network,low,high,none,changed,none,high,high,0.1136,unproven,379,high
network,high,high,none,unchanged,high,none,high,0.1411,unproven,152,medium
adjacent,low,low,none,unchanged,high,low,none,0.0398,high,100,medium
adjacent,high,low,required,changed,low,high,high,0.1451,unproven,367,high
network,low,low,none,unchanged,high,low,low,0.2345,unproven,255,high
network,low,none,none,unchanged,low,low,high,0.0207,poc,200,high
network,high,none,required,changed,low,high,high,0.0235,unproven,485,high
network,low,low,required,unchanged,low,none,none,0.1167,unproven,40,low
network,low,low,none,unchanged,high,none,low,0.2411,functional,137,medium
network,low,none,required,changed,high,none,high,0.0352,unproven,555,critical
network,low,none,none,changed,low,none,high,0.1166,unproven,111,high
network,low,low,none,unchanged,none,low,high,0.1939,unproven,222,medium
adjacent,low,none,required,unchanged,high,high,low,0.0291,functional,236,medium
adjacent,low,none,none,unchanged,low,high,high,0.0204,unproven,84,high
local,low,low,none,unchanged,low,high,none,0.1117,unproven,96,medium
network,low,none,none,unchanged,low,none,none,0.0832,unproven,480,medium
network,high,low,required,unchanged,none,low,low,0.04,high,239,low
network,low,high,none,changed,none,high,none,0.0397,functional,242,medium
network,low,none,none,unchanged,high,none,none,0.4054,unproven,66,high
network,high,low,required,unchanged,none,high,none,0.1192,functional,298,medium
physical,high,none,required,unchanged,none,low,none,0.1032,functional,132,low
adjacent,high,none,none,unchanged,low,low,low,0.3059,unproven,94,medium
network,high,low,none,changed,none,high,none,0.033,poc,252,medium
adjacent,low,low,none,unchanged,high,high,low,0.1515,poc,185,high
local,low,low,required,changed,low,low,high,0.0514,functional,101,medium
network,high,none,required,unchanged,high,high,low,0.0064,unproven,196,medium
physical,low,high,required,unchanged,none,none,high,0.0787,high,57,low
network,high,high,none,unchanged,none,none,low,0.0227,poc,121,low
network,low,none,required,changed,none,high,low,0.0418,poc,378,high
network,low,low,required,changed,high,low,high,0.2307,functional,425,critical
local,low,low,required,unchanged,high,low,low,0.3517,poc,367,medium
local,low,low,required,unchanged,low,low,high,0.0526,poc,35,high
network,low,low,required,unchanged,low,none,none,0.134,poc,133,low
local,low,none,required,unchanged,low,high,none,0.0758,poc,464,medium
network,high,none,required,unchanged,high,none,none,0.0559,unproven,43,medium
local,low,low,required,unchanged,high,low,none,0.0338,poc,403,medium
network,low,none,required,unchanged,low,high,high,0.012,unproven,302,high
network,low,none,none,unchanged,high,low,none,0.2293,unproven,194,high
network,low,none,none,unchanged,none,low,low,0.0711,unproven,299,medium
local,high,low,none,unchanged,high,low,none,0.1549,unproven,180,medium
local,high,none,none,changed,high,high,high,0.0848,poc,483,high
network,low,none,required,changed,low,low,low,0.0298,high,169,medium
network,low,high,none,unchanged,none,none,high,0.0556,unproven,162,medium
local,low,none,none,changed,low,low,low,0.0082,functional,93,medium
network,high,low,none,changed,high,high,low,0.1255,poc,53,high
network,low,high,required,unchanged,low,none,none,0.0378,unproven,357,low
adjacent,low,none,none,changed,low,low,high,0.0568,unproven,187,high
local,high,low,required,unchanged,low,high,low,0.0508,unproven,222,medium
network,high,none,required,unchanged,none,high,low,0.1069,poc,455,medium
local,high,none,none,unchanged,high,low,none,0.0739,unproven,144,medium
adjacent,low,low,required,unchanged,high,high,low,0.0394,unproven,185,high
network,high,low,none,unchanged,high,none,none,0.0212,unproven,319,medium
adjacent,low,low,none,unchanged,low,high,none,0.245,functional,11,medium
network,low,none,required,changed,low,none,high,0.1262,unproven,287,high
local,high,low,none,unchanged,high,high,low,0.2142,unproven,182,medium
adjacent,low,none,required,unchanged,high,high,high,0.0123,unproven,139,high
network,low,none,none,unchanged,low,low,high,0.0948,functional,294,high
local,low,high,none,unchanged,low,low,high,0.3042,poc,259,medium
network,low,none,none,changed,high,high,high,0.2953,high,57,critical
network,low,low,none,unchanged,high,none,none,0.1115,unproven,149,medium
network,low,none,none,unchanged,low,none,none,0.0986,high,153,medium
network,low,low,none,unchanged,low,high,high,0.0608,poc,62,high
local,high,high,none,unchanged,high,low,high,0.0841,unproven,74,medium
network,high,none,none,changed,low,low,high,0.2125,poc,127,high
network,low,high,none,unchanged,low,none,high,0.0349,unproven,308,medium
adjacent,high,none,required,unchanged,low,high,none,0.034,unproven,161,medium
network,low,none,none,unchanged,low,high,none,0.2184,poc,178,high
network,high,high,required,unchanged,low,low,high,0.0732,poc,370,medium
local,low,none,required,unchanged,high,high,high,0.0295,unproven,181,high
network,low,high,none,unchanged,none,low,none,0.136,unproven,377,low
network,high,none,none,unchanged,high,high,none,0.1628,poc,117,high
network,low,low,none,changed,high,high,high,0.0786,poc,461,critical
network,high,high,none,unchanged,low,high,none,0.2061,functional,165,medium
network,high,none,required,changed,high,high,none,0.0929,unproven,552,high
local,high,none,required,unchanged,high,low,high,0.1318,unproven,170,medium
adjacent,low,low,required,unchanged,high,low,none,0.1942,unproven,32,medium
local,low,low,none,unchanged,high,none,high,0.149,unproven,106,high
physical,high,none,none,unchanged,none,low,high,0.0693,unproven,593,medium
local,low,high,required,changed,none,low,high,0.1101,poc,205,medium
local,high,low,none,changed,high,none,none,0.0855,poc,211,medium
network,low,none,none,unchanged,high,low,none,0.1172,high,18,high
local,low,none,none,unchanged,high,none,none,0.0913,poc,597,medium
local,low,none,required,changed,none,none,low,0.041,unproven,55,low
network,high,high,required,changed,high,low,high,0.0533,poc,273,medium
local,low,low,none,unchanged,high,low,high,0.2361,poc,18,medium
network,low,none,none,unchanged,low,low,none,0.0284,unproven,805,medium
network,low,high,none,unchanged,none,none,high,0.2426,high,481,medium
network,low,none,none,unchanged,low,none,low,0.0564,poc,153,medium
adjacent,high,high,required,unchanged,none,high,low,0.1639,poc,266,medium
adjacent,low,high,none,unchanged,high,low,high,0.2299,functional,243,high
network,low,high,none,unchanged,none,high,low,0.0449,unproven,444,medium
local,high,low,none,changed,none,high,low,0.0686,unproven,77,medium
adjacent,low,none,required,unchanged,low,high,none,0.0725,poc,33,medium
local,high,low,required,unchanged,none,high,none,0.1162,poc,142,medium
network,low,low,none,unchanged,high,high,high,0.0169,functional,186,critical
local,low,low,none,unchanged,high,none,low,0.051,functional,218,medium
network,high,low,required,unchanged,high,low,none,0.0785,unproven,235,medium
adjacent,low,none,required,changed,low,high,none,0.1045,poc,165,high
network,low,low,none,unchanged,low,high,high,0.2146,functional,319,high
network,low,none,none,changed,high,low,high,0.0429,functional,243,critical
local,low,none,none,unchanged,high,low,high,0.2899,unproven,80,high
local,low,none,none,unchanged,high,low,none,0.1023,unproven,295,medium
network,low,none,required,changed,high,low,none,0.1241,unproven,78,high
local,low,none,none,unchanged,low,high,low,0.0142,unproven,88,high
local,high,high,none,changed,low,none,low,0.0161,unproven,231,low
network,low,none,required,changed,high,none,none,0.1682,poc,259,high
local,high,low,none,changed,none,none,high,0.146,functional,290,medium
network,low,high,required,unchanged,low,high,low,0.0776,functional,215,medium
network,low,low,required,unchanged,low,none,high,0.0261,functional,208,medium
local,low,none,none,unchanged,high,none,high,0.0595,poc,172,high
network,low,low,none,unchanged,none,low,high,0.1431,functional,67,high
network,high,none,required,unchanged,none,low,none,0.0605,unproven,109,low
local,high,high,required,changed,none,high,low,0.1993,poc,213,medium
adjacent,low,high,required,unchanged,high,none,none,0.1503,unproven,344,medium
local,high,none,required,unchanged,low,high,none,0.0305,unproven,169,medium
adjacent,low,low,none,unchanged,high,none,low,0.0927,poc,181,medium
network,low,none,required,unchanged,none,low,low,0.0181,high,115,medium
network,high,high,required,unchanged,high,none,none,0.0591,unproven,300,low
local,low,none,none,unchanged,high,low,low,0.0986,unproven,267,medium
physical,low,high,none,unchanged,low,none,high,0.3346,unproven,307,medium
local,low,low,none,changed,high,low,low,0.1757,unproven,137,high
adjacent,low,low,required,unchanged,low,low,high,0.1297,high,110,medium
adjacent,high,low,none,unchanged,low,high,high,0.0121,unproven,161,high
physical,high,low,required,unchanged,none,high,none,0.2116,poc,429,medium
network,high,none,required,changed,low,high,none,0.0917,poc,319,medium
network,low,none,required,changed,high,high,high,0.2121,unproven,245,critical
network,high,low,none,unchanged,none,low,high,0.2865,poc,169,medium
network,low,low,none,unchanged,low,low,none,0.1736,poc,44,medium
local,low,high,required,changed,high,low,none,0.0375,poc,176,medium
network,low,low,none,unchanged,high,high,none,0.0288,unproven,70,high
network,high,none,none,unchanged,low,low,high,0.1085,poc,83,medium
network,high,none,required,unchanged,high,low,high,0.0141,unproven,166,high
network,low,none,none,changed,low,none,low,0.0783,unproven,233,high
local,low,none,none,unchanged,none,high,high,0.047,functional,148,high
network,low,high,required,unchanged,low,low,none,0.1193,high,195,low
local,low,low,none,changed,low,none,high,0.0212,unproven,88,high
local,low,none,required,changed,high,none,low,0.133,functional,261,medium
network,low,high,none,unchanged,low,low,high,0.0478,unproven,54,medium
network,high,high,none,changed,low,none,low,0.1085,poc,106,low
adjacent,low,high,required,unchanged,high,high,high,0.2326,unproven,59,medium
network,low,none,none,changed,high,high,low,0.1651,unproven,149,critical
network,high,low,none,unchanged,none,none,none,0.1731,unproven,211,low
network,high,low,none,unchanged,none,none,low,0.0608,high,207,low
network,low,low,none,unchanged,none,low,high,0.1695,poc,388,high
network,high,none,none,changed,none,high,high,0.0691,high,45,high
physical,low,low,required,unchanged,high,high,none,0.1352,poc,293,medium
network,low,none,none,unchanged,high,high,high,0.053,poc,35,critical
adjacent,low,low,required,changed,high,none,high,0.1337,unproven,177,high
network,low,low,required,unchanged,high,high,low,0.1013,unproven,33,high
adjacent,low,none,required,unchanged,high,none,high,0.1204,poc,268,high
local,high,none,none,unchanged,none,high,low,0.2361,unproven,338,medium
adjacent,low,none,none,unchanged,high,none,none,0.1241,poc,422,medium
local,low,none,none,unchanged,high,low,low,0.06,poc,61,high
physical,low,none,none,unchanged,low,high,none,0.1712,unproven,174,medium
network,low,low,required,unchanged,high,low,high,0.0446,unproven,564,high
local,low,none,none,unchanged,high,high,high,0.0668,poc,40,high
network,low,low,none,unchanged,none,high,high,0.0616,unproven,466,high
local,low,low,none,unchanged,none,low,none,0.197,poc,290,low
network,low,low,none,unchanged,high,high,none,0.0751,poc,303,high
network,low,high,required,changed,high,low,none,0.1861,high,179,medium
local,low,none,none,changed,low,none,none,0.1623,functional,358,medium
local,low,low,none,unchanged,high,low,high,0.0312,high,89,medium
network,high,high,none,unchanged,low,high,none,0.1125,functional,501,medium
network,low,low,none,changed,none,low,high,0.0303,unproven,52,high
local,low,none,required,unchanged,none,high,none,0.1209,unproven,386,medium
physical,low,low,required,changed,low,low,low,0.0392,high,184,medium
local,low,low,none,unchanged,high,none,low,0.2554,high,623,medium
network,low,low,none,changed,low,low,low,0.0267,unproven,567,medium
network,low,low,required,unchanged,low,low,high,0.1532,unproven,191,medium
adjacent,low,none,required,unchanged,high,low,none,0.0666,unproven,79,medium
adjacent,low,none,none,changed,high,high,none,0.0433,unproven,401,high
network,low,none,none,unchanged,high,low,high,0.1158,poc,447,critical
network,low,none,none,unchanged,none,high,none,0.0502,unproven,189,high
network,low,low,required,unchanged,high,high,high,0.1376,unproven,425,high
physical,low,low,none,unchanged,none,high,none,0.3604,unproven,297,medium
network,high,high,none,unchanged,high,high,none,0.0614,unproven,290,medium
local,low,low,required,unchanged,low,low,none,0.1015,unproven,192,low
local,low,none,none,unchanged,high,none,none,0.1298,poc,58,medium
adjacent,low,none,none,changed,low,low,low,0.3688,poc,222,medium
adjacent,high,none,none,unchanged,low,none,none,0.0703,unproven,423,low
adjacent,high,high,none,unchanged,none,none,none,0.1411,poc,77,low
adjacent,low,none,required,unchanged,low,none,high,0.2203,unproven,4,medium
network,low,none,required,unchanged,high,low,none,0.1471,poc,257,high
local,high,low,none,unchanged,none,low,low,0.0374,poc,271,medium
network,high,low,none,changed,low,low,high,0.0286,unproven,170,high
network,low,none,none,changed,high,high,low,0.0651,unproven,90,critical
network,low,low,required,changed,high,high,none,0.2535,unproven,231,high
network,high,low,none,unchanged,low,low,low,0.0537,poc,192,medium
network,low,low,none,changed,high,low,none,0.075,unproven,98,high
local,low,low,none,unchanged,high,high,high,0.0565,poc,532,high
adjacent,high,low,required,unchanged,none,none,none,0.0418,poc,119,low
network,low,high,none,unchanged,none,none,none,0.0414,poc,84,low
local,low,none,none,changed,none,high,high,0.0327,functional,138,high
network,low,low,required,unchanged,high,none,low,0.1484,poc,337,medium
network,low,low,none,changed,low,none,low,0.1882,poc,3,medium
network,high,high,none,unchanged,low,high,low,0.0381,functional,405,medium
network,low,none,none,changed,low,high,low,0.0904,unproven,37,critical
adjacent,low,high,required,unchanged,none,low,high,0.1733,high,233,medium
local,low,none,required,unchanged,high,none,none,0.0158,poc,206,medium
local,low,none,none,unchanged,none,low,none,0.268,functional,218,low
network,low,high,none,unchanged,none,none,low,0.1238,unproven,526,low
network,low,low,required,unchanged,low,none,none,0.0387,poc,148,low
local,high,none,required,unchanged,low,high,high,0.0536,functional,410,medium
adjacent,low,low,none,unchanged,low,none,high,0.0467,unproven,267,medium
network,low,none,none,changed,high,none,none,0.0949,unproven,85,high
network,low,high,required,changed,none,low,high,0.1765,unproven,103,medium
network,low,high,none,unchanged,low,low,high,0.0429,unproven,495,medium
local,low,low,required,changed,high,high,high,0.0798,functional,927,high
network,low,none,none,unchanged,none,low,low,0.0374,high,76,medium
network,low,high,none,unchanged,high,none,high,0.0756,poc,241,medium
network,low,none,none,unchanged,high,low,low,0.1196,unproven,67,high
local,low,high,none,changed,none,none,high,0.0244,poc,69,medium
physical,low,low,none,unchanged,low,high,none,0.0818,unproven,445,medium
local,high,low,required,unchanged,high,none,high,0.059,unproven,195,medium
network,high,none,none,changed,high,none,none,0.0139,poc,275,medium
local,low,none,none,unchanged,none,none,high,0.2856,poc,250,medium
network,low,none,required,unchanged,none,low,none,0.0527,unproven,167,medium
network,low,none,none,changed,high,high,low,0.1389,unproven,100,critical
network,low,high,none,unchanged,high,none,high,0.2304,unproven,148,medium
adjacent,low,low,none,unchanged,low,high,low,0.186,functional,165,medium
local,low,low,required,unchanged,none,low,low,0.1234,unproven,183,medium
network,low,high,none,changed,low,high,low,0.1376,poc,284,medium
local,low,none,none,changed,high,low,high,0.1864,high,69,critical
local,high,none,none,unchanged,low,low,high,0.0777,poc,381,medium
network,high,none,none,unchanged,high,none,low,0.0525,unproven,82,medium
local,low,none,required,unchanged,low,low,low,0.2263,functional,369,medium
network,low,none,none,changed,high,low,high,0.1979,poc,519,critical
adjacent,high,none,required,unchanged,low,high,high,0.0257,poc,60,medium
adjacent,high,low,required,unchanged,low,none,none,0.1469,unproven,5,low
network,low,low,none,changed,high,low,none,0.1597,unproven,154,high
network,low,high,none,unchanged,none,high,none,0.0797,poc,444,medium
network,low,low,required,unchanged,none,low,high,0.2559,poc,169,medium
network,high,low,none,unchanged,high,high,none,0.2567,unproven,41,medium
local,low,high,none,changed,none,none,none,0.2151,poc,549,low
physical,low,none,none,unchanged,none,none,high,0.0209,poc,461,medium
network,low,low,required,changed,high,high,low,0.1149,poc,268,high
adjacent,low,high,none,changed,low,none,none,0.0599,unproven,137,low
network,high,high,none,unchanged,none,high,low,0.0022,poc,97,medium
network,low,none,required,unchanged,low,none,high,0.1498,functional,91,high
adjacent,low,none,required,unchanged,low,low,high,0.1305,poc,180,medium
local,high,none,none,unchanged,low,low,low,0.0639,unproven,237,medium
network,low,none,required,unchanged,none,none,high,0.0484,poc,120,medium
network,high,none,none,changed,high,none,high,0.028,poc,275,high
physical,high,low,required,unchanged,none,low,high,0.0183,unproven,238,medium
network,low,high,none,unchanged,high,high,low,0.0529,poc,552,medium
network,low,none,none,unchanged,high,high,low,0.2215,unproven,281,critical
adjacent,low,low,none,unchanged,none,low,high,0.0353,functional,171,medium
network,low,high,required,unchanged,low,low,high,0.1327,unproven,312,medium
adjacent,low,low,required,unchanged,none,none,low,0.291,unproven,458,low
network,high,high,none,unchanged,high,low,none,0.2353,poc,100,medium
adjacent,low,low,none,unchanged,high,high,none,0.0262,poc,100,high
local,low,none,none,changed,high,high,none,0.1327,unproven,123,high
network,low,none,none,unchanged,low,low,low,0.0454,poc,73,medium
network,low,none,required,unchanged,high,none,none,0.0557,functional,93,medium
network,low,low,none,unchanged,high,high,none,0.0155,unproven,58,high
network,high,low,none,unchanged,high,none,none,0.2235,unproven,174,medium
local,low,none,required,unchanged,low,low,high,0.0555,functional,178,medium
network,high,low,required,changed,low,high,none,0.0062,unproven,237,medium
network,low,none,none,unchanged,none,low,none,0.2915,functional,285,medium
network,low,none,none,unchanged,none,none,none,0.1183,poc,161,low
physical,low,low,none,changed,high,none,high,0.1352,poc,187,medium
network,low,none,required,changed,low,none,high,0.0238,poc,39,high
local,low,low,required,unchanged,low,low,none,0.073,unproven,622,low
network,low,low,none,changed,none,low,none,0.0896,functional,214,medium
adjacent,low,low,required,unchanged,high,low,none,0.0144,poc,80,medium
local,low,none,required,changed,low,high,none,0.1047,functional,107,medium
local,low,none,none,unchanged,high,high,high,0.0864,functional,278,high
network,low,low,none,unchanged,low,low,low,0.1389,high,317,medium
local,high,high,required,changed,low,high,high,0.041,unproven,53,medium
network,low,low,none,changed,high,high,none,0.1357,functional,168,critical
local,low,low,none,changed,low,none,high,0.0567,unproven,203,medium
local,high,high,required,changed,low,high,low,0.0458,poc,389,medium
network,low,none,required,unchanged,low,high,low,0.1244,unproven,352,high
network,low,low,none,unchanged,low,low,high,0.042,unproven,104,high
local,high,none,required,unchanged,high,low,high,0.074,poc,426,medium
network,low,none,none,unchanged,high,none,high,0.0735,poc,182,critical
network,high,none,none,unchanged,high,low,low,0.1212,unproven,505,medium
local,low,high,none,unchanged,none,high,none,0.0094,poc,478,medium
local,low,none,required,unchanged,none,low,low,0.3298,poc,251,medium
network,high,none,required,unchanged,high,high,none,0.0654,unproven,76,medium
network,high,low,required,changed,high,high,high,0.0609,unproven,124,high
local,low,high,none,unchanged,none,low,high,0.0859,unproven,232,medium
local,low,high,none,changed,low,none,low,0.0255,functional,176,medium
network,low,low,required,unchanged,high,low,low,0.0748,functional,286,medium
adjacent,low,low,none,unchanged,low,high,low,0.2016,poc,83,medium
local,high,low,none,unchanged,low,high,none,0.0984,unproven,398,medium
local,low,none,none,changed,low,high,high,0.0198,poc,241,critical
physical,low,high,required,unchanged,none,high,low,0.0306,unproven,212,medium
network,high,high,none,unchanged,none,high,none,0.1278,high,187,low
local,high,none,none,unchanged,high,none,none,0.0637,unproven,485,medium
network,low,none,required,unchanged,high,high,high,0.0226,unproven,294,high
network,high,high,required,unchanged,low,none,low,0.0661,functional,156,low
network,high,high,none,unchanged,low,none,none,0.0165,unproven,46,low
local,low,none,none,unchanged,low,low,low,0.102,functional,533,medium
physical,high,low,none,unchanged,low,none,high,0.263,functional,28,medium
local,low,low,required,unchanged,high,none,high,0.1171,poc,413,medium
network,low,none,none,changed,low,none,none,0.0376,unproven,584,medium
local,low,high,required,unchanged,none,none,high,0.0577,poc,196,medium
network,low,none,required,unchanged,none,high,none,0.2655,functional,328,medium
network,low,none,required,unchanged,low,high,low,0.019,unproven,84,high
network,low,none,required,unchanged,high,low,none,0.0813,unproven,143,high
local,high,high,none,unchanged,low,low,none,0.0754,functional,146,low
network,high,low,required,changed,low,low,high,0.2831,unproven,39,medium
network,high,low,required,unchanged,low,none,high,0.0884,unproven,111,medium
network,high,none,none,unchanged,none,none,low,0.1795,functional,130,low
network,high,low,required,unchanged,high,low,low,0.3348,unproven,7,medium
network,high,low,none,unchanged,low,low,high,0.3168,poc,396,medium
adjacent,low,high,none,changed,high,low,low,0.0455,unproven,206,high
network,high,none,none,unchanged,low,none,low,0.1033,unproven,140,medium
adjacent,low,low,none,unchanged,low,none,none,0.1182,functional,338,low
adjacent,high,none,none,unchanged,high,none,low,0.0387,poc,202,medium
local,low,low,required,unchanged,low,none,none,0.1992,unproven,842,low
network,high,low,required,unchanged,high,high,none,0.1961,poc,83,medium
network,low,none,required,unchanged,low,high,high,0.0296,functional,289,high
local,high,low,none,unchanged,none,high,none,0.3194,unproven,32,medium
network,low,none,required,unchanged,none,high,high,0.0468,poc,261,high
local,low,high,required,unchanged,low,high,low,0.0704,unproven,154,medium
network,low,high,none,unchanged,none,low,high,0.123,poc,271,medium
local,low,none,required,unchanged,high,high,low,0.0228,high,347,medium
adjacent,high,none,required,changed,none,none,low,0.1337,poc,158,low
adjacent,low,none,none,changed,high,high,high,0.0182,unproven,92,critical
network,low,none,required,unchanged,none,high,high,0.0395,unproven,261,high
network,low,low,none,unchanged,low,low,high,0.1426,poc,174,high
network,low,none,required,changed,none,high,high,0.0426,unproven,167,critical
physical,low,low,required,unchanged,high,high,low,0.2167,poc,421,medium
physical,low,high,required,unchanged,high,none,low,0.2774,unproven,223,low
network,high,low,none,unchanged,none,none,high,0.0691,unproven,164,medium
adjacent,low,low,none,unchanged,high,none,low,0.212,unproven,395,medium
network,low,none,required,unchanged,low,high,low,0.1062,unproven,208,high
network,low,none,none,changed,low,low,high,0.0161,high,245,critical
network,low,high,required,unchanged,high,none,none,0.0609,poc,178,medium
adjacent,low,none,required,unchanged,low,low,none,0.1571,unproven,289,medium
physical,low,low,none,unchanged,none,low,none,0.0974,poc,287,low
local,high,low,required,unchanged,high,low,none,0.0419,poc,93,medium
network,low,none,none,unchanged,high,high,low,0.1813,unproven,1211,critical
adjacent,high,low,required,unchanged,none,none,high,0.0086,poc,196,medium
network,high,high,required,changed,none,high,high,0.0613,functional,265,medium
network,low,high,none,changed,low,none,high,0.1599,unproven,223,high
adjacent,low,none,none,changed,high,high,high,0.0636,functional,831,critical
network,high,low,required,unchanged,high,high,none,0.1492,high,365,medium
adjacent,low,low,none,unchanged,low,high,high,0.0721,functional,419,high
local,low,none,none,unchanged,high,high,none,0.0861,unproven,334,high
adjacent,high,none,none,unchanged,low,none,none,0.0605,unproven,303,low
network,high,low,none,changed,high,high,low,0.0678,unproven,52,high
network,low,high,none,changed,none,none,none,0.1014,unproven,109,low
adjacent,high,low,required,unchanged,low,none,high,0.1184,unproven,11,medium
physical,low,none,required,unchanged,low,none,none,0.0722,unproven,364,low
network,low,low,none,changed,high,low,low,0.2034,poc,288,high
network,high,none,none,unchanged,high,low,high,0.06,poc,241,high
adjacent,high,none,required,unchanged,none,low,high,0.0874,poc,48,medium
network,high,none,required,unchanged,high,low,none,0.2818,unproven,33,medium
network,high,none,required,unchanged,low,none,high,0.0628,unproven,283,medium
network,low,high,none,unchanged,high,low,none,0.0124,unproven,198,medium
network,low,high,none,unchanged,low,none,high,0.3228,unproven,122,medium
network,low,none,none,changed,high,none,high,0.2552,poc,767,critical
network,high,high,required,unchanged,high,high,low,0.0389,functional,321,medium
network,low,none,required,unchanged,none,low,low,0.0376,poc,518,medium
local,high,none,none,unchanged,high,low,low,0.0814,functional,472,medium
network,low,none,none,changed,none,high,low,0.0704,unproven,191,critical
local,low,none,none,changed,high,none,high,0.0477,unproven,106,critical
network,high,high,required,unchanged,low,low,high,0.0835,unproven,156,medium
network,low,none,none,unchanged,high,none,low,0.0097,poc,344,high
local,high,high,required,changed,high,low,high,0.0609,unproven,406,high
network,high,high,none,unchanged,high,high,high,0.0996,unproven,357,medium
network,high,high,required,unchanged,low,high,low,0.193,poc,448,medium
network,low,none,none,unchanged,high,high,low,0.0181,unproven,135,critical
local,low,low,required,unchanged,none,high,none,0.0906,unproven,404,medium
local,low,low,none,unchanged,low,high,low,0.0715,unproven,386,medium
adjacent,high,low,none,changed,high,high,high,0.1218,unproven,103,high
network,low,high,required,unchanged,none,low,high,0.0755,poc,316,medium
network,low,none,none,unchanged,high,high,high,0.0337,poc,263,critical
network,high,high,none,unchanged,high,none,low,0.1618,poc,129,medium
local,high,none,none,unchanged,high,low,none,0.1482,unproven,85,medium
local,high,none,required,unchanged,none,low,none,0.1203,functional,115,low
network,high,high,required,changed,low,none,low,0.0535,poc,335,low
adjacent,high,high,none,unchanged,low,none,low,0.0736,functional,183,low
adjacent,high,none,none,unchanged,high,none,none,0.1936,unproven,61,medium
network,low,none,none,unchanged,none,high,low,0.0612,unproven,153,high
local,low,low,required,unchanged,none,high,low,0.2205,functional,134,medium
network,high,low,none,unchanged,none,low,high,0.0214,poc,205,medium
physical,low,low,required,unchanged,none,low,low,0.1009,unproven,259,low
local,low,none,none,changed,none,low,low,0.1268,functional,401,medium
adjacent,low,low,none,changed,low,none,low,0.1473,poc,307,medium
local,low,low,none,changed,high,low,none,0.1854,unproven,155,high
network,low,low,required,unchanged,high,low,low,0.1628,unproven,97,medium
network,low,low,none,unchanged,low,none,high,0.2732,unproven,138,medium
adjacent,low,low,required,unchanged,high,low,low,0.0431,unproven,100,medium
network,low,none,required,unchanged,low,none,high,0.1532,poc,293,high
network,low,none,required,unchanged,low,none,low,0.0544,functional,257,medium
physical,high,high,none,unchanged,high,low,none,0.0699,poc,181,medium
physical,high,none,none,unchanged,high,low,none,0.1468,unproven,180,medium
network,low,none,required,unchanged,low,low,none,0.1533,unproven,473,medium
network,high,none,required,unchanged,low,high,none,0.1394,unproven,108,medium
adjacent,low,low,none,unchanged,none,none,none,0.1268,functional,263,low
network,low,none,required,unchanged,low,none,high,0.2676,poc,511,medium
adjacent,high,none,none,unchanged,high,low,high,0.0884,functional,144,high
local,low,high,required,unchanged,high,low,low,0.1839,functional,341,medium
network,low,low,required,unchanged,none,high,low,0.1503,functional,187,medium
network,low,low,none,unchanged,high,high,low,0.0423,unproven,93,high
physical,low,low,none,unchanged,high,high,low,0.0966,unproven,380,medium
network,low,none,none,unchanged,low,none,high,0.0647,functional,68,high
adjacent,high,low,required,unchanged,low,low,low,0.0644,unproven,199,low
physical,low,none,none,unchanged,none,none,none,0.0467,unproven,347,low
adjacent,high,none,none,unchanged,high,none,low,0.0611,poc,256,medium
network,high,low,none,unchanged,none,high,high,0.0407,functional,531,medium
adjacent,low,low,none,changed,low,high,high,0.0897,unproven,182,critical
adjacent,low,none,none,unchanged,low,none,low,0.0947,unproven,167,medium
network,low,none,required,changed,high,none,high,0.1534,poc,99,critical
local,high,low,none,unchanged,low,high,none,0.1404,functional,9,medium
network,high,none,required,unchanged,high,none,high,0.1584,unproven,247,medium
network,high,low,none,unchanged,high,none,none,0.0378,high,634,medium
network,low,none,required,unchanged,none,high,low,0.0626,functional,499,high
network,low,low,required,changed,low,low,high,0.0892,unproven,260,high
local,low,high,none,changed,high,none,low,0.4057,unproven,198,medium
network,low,high,required,unchanged,none,high,none,0.1838,unproven,102,low
network,low,high,required,unchanged,low,low,low,0.0563,poc,153,medium
network,high,none,required,changed,high,high,high,0.2666,functional,252,high
local,high,high,required,changed,low,low,high,0.2083,poc,408,medium
adjacent,low,none,required,changed,high,high,high,0.0698,unproven,316,high
adjacent,high,none,required,unchanged,low,low,none,0.095,unproven,198,low
network,low,none,none,unchanged,high,low,none,0.0296,unproven,345,high
adjacent,low,low,none,unchanged,high,high,low,0.0126,unproven,245,high
local,high,none,none,unchanged,high,none,low,0.1445,poc,81,medium
local,low,none,none,unchanged,high,low,none,0.048,unproven,77,medium
adjacent,low,low,none,unchanged,high,none,low,0.0849,poc,211,medium
network,low,low,required,changed,high,none,high,0.1077,poc,276,high
local,low,none,required,unchanged,none,none,none,0.0631,poc,411,low
local,low,low,none,unchanged,high,none,high,0.1865,unproven,216,medium
network,low,none,required,unchanged,low,high,high,0.2618,functional,334,high
local,low,none,none,changed,low,none,high,0.0984,high,46,high
network,low,low,required,unchanged,high,high,low,0.0817,functional,219,high
network,low,none,required,unchanged,high,high,high,0.1413,unproven,578,high
network,high,none,required,unchanged,high,low,high,0.2738,poc,127,medium
network,low,none,required,unchanged,none,none,high,0.2231,unproven,353,high
local,low,low,required,unchanged,high,none,low,0.0731,unproven,262,medium
adjacent,low,none,none,unchanged,none,low,low,0.0409,unproven,55,medium
adjacent,low,low,none,unchanged,none,none,none,0.1077,poc,99,low
adjacent,low,none,required,unchanged,none,low,high,0.0618,functional,95,medium
local,low,high,none,unchanged,low,low,high,0.0558,unproven,509,medium
local,low,none,required,unchanged,high,none,high,0.0568,unproven,261,medium
local,low,none,none,unchanged,low,none,high,0.1328,unproven,197,high
network,low,low,required,unchanged,low,none,high,0.1937,unproven,184,medium
network,low,none,required,changed,high,none,high,0.2567,unproven,213,critical
network,high,high,required,unchanged,high,high,none,0.0959,unproven,68,medium
network,high,none,required,changed,none,low,none,0.159,high,335,low
network,high,none,none,changed,low,low,high,0.1285,unproven,182,high
network,low,none,none,unchanged,low,high,none,0.0704,unproven,457,high
physical,low,high,none,unchanged,low,high,low,0.1835,unproven,517,medium
network,low,none,none,changed,low,high,high,0.0066,functional,587,critical
network,high,none,required,unchanged,none,high,low,0.0177,unproven,56,medium
network,low,low,required,unchanged,none,high,low,0.0441,poc,441,medium
local,low,low,required,unchanged,high,low,low,0.0231,poc,358,medium
network,high,none,required,unchanged,high,none,low,0.1796,unproven,426,medium
local,low,low,none,unchanged,low,high,none,0.0341,unproven,396,medium
network,low,none,none,unchanged,none,none,none,0.1877,unproven,523,low
network,high,high,required,unchanged,low,high,high,0.054,poc,328,medium
network,low,high,none,unchanged,high,low,low,0.2439,unproven,285,medium
local,low,high,none,unchanged,none,none,low,0.0779,high,174,low
network,high,none,none,unchanged,none,high,high,0.0691,unproven,83,high
network,low,low,required,unchanged,high,low,none,0.2452,unproven,621,medium
network,high,none,none,unchanged,none,high,high,0.0499,unproven,292,high
network,low,none,required,unchanged,high,high,low,0.1683,poc,111,high
network,low,low,required,unchanged,none,low,high,0.0413,poc,62,medium
adjacent,low,low,none,changed,high,none,high,0.2882,unproven,153,high
physical,high,high,required,unchanged,low,high,high,0.1703,unproven,416,medium
local,low,none,none,unchanged,high,none,none,0.0401,poc,399,medium
network,low,none,none,unchanged,low,none,none,0.117,functional,602,medium
network,low,none,none,unchanged,none,high,low,0.0509,unproven,110,high
network,low,high,required,unchanged,high,high,none,0.0092,functional,83,medium
network,low,none,none,unchanged,high,high,high,0.1485,poc,275,critical
network,low,none,none,unchanged,none,low,low,0.0855,functional,87,medium
local,low,none,required,unchanged,high,low,low,0.218,poc,111,medium
network,low,none,required,unchanged,low,low,none,0.0221,poc,208,medium
adjacent,low,low,none,unchanged,low,low,high,0.0197,unproven,255,medium
network,high,low,none,changed,low,none,high,0.1847,unproven,558,high
local,high,low,none,changed,high,low,low,0.1752,unproven,163,medium
network,low,low,required,unchanged,low,high,low,0.0325,poc,453,medium
local,high,high,required,unchanged,none,low,none,0.0041,poc,121,low
adjacent,low,low,required,unchanged,low,low,high,0.1839,poc,361,medium
network,low,low,none,unchanged,low,low,low,0.0614,unproven,134,medium
local,high,none,none,unchanged,high,high,high,0.0099,unproven,122,high
network,high,high,none,unchanged,none,none,high,0.1771,unproven,8,low
adjacent,high,low,none,unchanged,low,high,none,0.4042,high,247,medium
network,low,low,none,changed,high,high,none,0.0274,unproven,47,critical
physical,low,low,required,changed,none,high,none,0.0389,unproven,192,medium
adjacent,high,low,required,unchanged,low,high,high,0.0547,poc,288,medium
network,high,none,required,unchanged,low,none,high,0.033,poc,274,medium
physical,low,high,none,changed,low,high,low,0.1624,poc,89,medium
network,low,none,none,changed,none,high,high,0.1466,poc,196,critical
local,high,low,required,unchanged,low,none,none,0.0869,unproven,140,low
adjacent,low,none,required,unchanged,high,none,high,0.1029,unproven,469,high
network,low,low,none,unchanged,high,low,low,0.1044,poc,336,high
local,high,none,none,unchanged,low,high,high,0.3401,functional,249,medium
adjacent,low,none,required,unchanged,low,high,none,0.0625,high,110,medium
network,low,low,required,unchanged,none,high,low,0.1449,poc,279,medium
local,low,high,none,unchanged,low,none,low,0.0647,unproven,603,low
adjacent,low,high,none,unchanged,high,high,high,0.0701,unproven,358,medium
network,high,high,required,unchanged,low,high,high,0.2273,poc,117,medium
network,low,none,required,changed,low,low,none,0.0204,unproven,859,medium
network,low,none,none,unchanged,high,low,none,0.0945,poc,67,high
network,low,none,required,changed,none,high,none,0.3657,functional,238,high
network,low,none,none,unchanged,none,low,low,0.0995,high,188,medium
local,low,low,none,changed,none,low,none,0.1324,unproven,153,low
network,low,high,none,unchanged,none,low,high,0.0531,functional,170,medium
network,low,none,required,unchanged,high,low,none,0.0378,functional,138,high
network,high,none,none,unchanged,high,low,low,0.1126,high,152,high
local,low,none,none,unchanged,low,low,low,0.073,unproven,17,medium
network,low,low,required,unchanged,none,high,high,0.1294,unproven,377,high
network,high,none,none,unchanged,low,none,none,0.0099,functional,31,low
network,low,high,required,unchanged,high,none,high,0.1401,unproven,74,medium
physical,high,none,required,changed,none,low,high,0.1517,unproven,198,medium
network,low,high,none,changed,high,low,none,0.2012,unproven,279,medium
adjacent,high,low,none,unchanged,high,none,high,0.2146,functional,208,medium
local,high,none,required,unchanged,none,none,none,0.0341,poc,80,low
physical,low,high,none,unchanged,low,low,none,0.0509,unproven,219,low
network,low,none,required,unchanged,none,low,low,0.1145,unproven,296,medium
adjacent,low,low,none,changed,high,high,none,0.115,unproven,619,medium
network,high,low,none,changed,none,none,none,0.204,functional,236,low
network,high,none,none,unchanged,high,low,low,0.006,functional,100,medium
network,low,low,none,changed,none,low,none,0.2266,poc,250,medium
network,high,high,none,unchanged,high,low,high,0.0469,functional,623,medium
network,high,high,required,changed,high,low,none,0.0929,unproven,92,medium
local,low,low,none,unchanged,none,high,low,0.027,poc,158,medium
physical,low,low,required,unchanged,none,high,high,0.1646,unproven,468,medium
network,low,none,none,unchanged,high,low,high,0.1711,poc,745,critical
network,low,none,none,unchanged,high,low,none,0.1246,poc,62,high
adjacent,low,none,required,unchanged,none,high,high,0.0214,unproven,214,medium
network,low,none,none,unchanged,high,none,none,0.0973,functional,44,high
network,low,low,none,unchanged,high,none,low,0.0526,poc,204,high
physical,high,none,none,unchanged,low,none,high,0.2066,unproven,338,medium
local,low,low,none,changed,high,none,high,0.0372,unproven,282,high
network,low,low,required,unchanged,high,low,low,0.0389,functional,89,high
network,high,high,none,unchanged,none,low,none,0.0402,poc,257,low
network,low,none,required,unchanged,none,low,low,0.0202,unproven,262,medium
network,high,none,required,changed,low,low,high,0.0633,unproven,257,high
network,high,none,none,unchanged,high,high,none,0.0683,unproven,246,high
network,high,low,none,unchanged,none,none,none,0.1911,unproven,92,low
adjacent,low,none,required,unchanged,low,low,high,0.0141,poc,280,medium
local,low,none,none,unchanged,high,none,low,0.1108,poc,701,medium
adjacent,low,low,required,unchanged,low,low,low,0.1113,unproven,57,medium
network,low,low,none,changed,low,high,low,0.0948,poc,791,high
local,high,low,none,changed,none,none,high,0.0774,unproven,335,medium
local,high,high,required,unchanged,low,low,low,0.1154,poc,182,low
local,low,none,required,changed,none,high,low,0.1702,high,370,high
network,low,none,required,unchanged,high,none,high,0.0948,unproven,264,high
local,high,none,none,unchanged,low,low,none,0.1475,unproven,424,medium
adjacent,low,none,none,unchanged,none,high,high,0.0553,high,104,high
network,low,none,none,changed,high,low,low,0.1454,unproven,89,critical
network,low,low,required,unchanged,none,low,none,0.1348,unproven,46,medium
network,low,none,none,unchanged,high,high,high,0.0906,poc,127,critical
network,low,none,none,unchanged,low,none,low,0.1188,unproven,290,high
local,low,high,none,changed,none,low,high,0.0813,functional,93,medium
adjacent,low,none,none,unchanged,low,high,high,0.2051,high,35,high
network,low,none,none,unchanged,high,low,none,0.0494,functional,121,high
network,low,high,none,unchanged,low,high,none,0.321,unproven,71,medium
network,low,low,none,unchanged,low,low,low,0.07,unproven,94,medium
local,low,none,required,changed,low,low,low,0.0868,high,661,medium
adjacent,high,none,none,changed,high,high,none,0.1648,unproven,45,high
network,low,high,required,unchanged,low,high,none,0.0156,poc,230,medium
network,high,low,none,unchanged,none,low,none,0.0695,functional,174,low
network,low,none,required,unchanged,high,none,low,0.0261,functional,261,high
adjacent,low,none,none,changed,high,none,low,0.1472,poc,245,high
adjacent,low,high,none,unchanged,low,high,none,0.2371,unproven,60,medium
network,low,low,required,unchanged,none,none,low,0.0467,poc,150,low
network,low,low,required,unchanged,low,none,low,0.0228,poc,44,medium
network,low,none,required,unchanged,low,low,high,0.1831,unproven,99,high
adjacent,low,low,required,unchanged,none,low,high,0.1049,unproven,345,medium
network,high,high,none,unchanged,high,high,low,0.264,unproven,419,medium
local,low,none,none,unchanged,high,high,high,0.0486,unproven,69,high
local,low,none,required,unchanged,none,low,high,0.1787,high,56,medium
network,high,high,none,unchanged,none,high,high,0.0411,functional,169,medium
network,low,low,none,unchanged,low,low,low,0.0226,unproven,172,medium
network,low,low,none,unchanged,high,low,high,0.0405,unproven,123,high
adjacent,low,high,none,changed,none,low,none,0.027,functional,27,low
local,high,low,required,unchanged,none,none,low,0.0232,unproven,338,low
physical,low,none,none,unchanged,low,low,low,0.1617,high,133,medium
network,low,none,required,unchanged,high,none,none,0.0956,unproven,41,medium
network,low,low,required,changed,none,high,low,0.1458,functional,227,medium
network,low,low,required,unchanged,high,low,none,0.0154,high,74,medium
network,low,none,none,unchanged,none,low,high,0.113,unproven,296,high
adjacent,low,none,none,unchanged,high,high,none,0.2003,unproven,1670,high
local,low,low,none,unchanged,low,high,none,0.0467,functional,287,medium
network,low,none,required,unchanged,high,low,high,0.0372,unproven,460,high
network,low,high,required,changed,low,high,high,0.1323,poc,323,high
adjacent,low,low,none,unchanged,none,high,low,0.1628,poc,393,medium
adjacent,high,none,none,unchanged,high,low,none,0.0068,functional,89,medium
network,low,low,none,unchanged,none,high,high,0.0683,poc,371,high
network,low,high,none,changed,high,low,high,0.0962,unproven,219,high
adjacent,high,low,none,unchanged,none,low,low,0.0715,functional,345,low
network,low,none,required,changed,high,none,none,0.2405,high,7,high
network,low,none,required,changed,high,none,low,0.0291,functional,203,high
network,low,low,required,unchanged,high,high,high,0.0351,unproven,252,high
network,low,low,none,unchanged,high,low,none,0.2981,poc,41,medium
network,low,none,required,unchanged,high,low,high,0.2424,poc,522,high
adjacent,high,none,required,unchanged,low,low,low,0.2774,unproven,529,medium
network,high,none,required,unchanged,low,none,none,0.3001,high,102,low
network,high,high,required,unchanged,high,none,high,0.0107,functional,72,medium
network,high,low,required,unchanged,low,none,high,0.061,poc,651,medium
local,high,high,required,changed,high,none,high,0.0947,functional,210,medium
network,high,none,none,unchanged,none,high,none,0.0591,poc,164,medium
network,high,none,none,unchanged,low,low,low,0.0142,poc,174,medium
network,high,low,none,unchanged,none,high,high,0.177,poc,177,high
adjacent,low,high,none,unchanged,high,none,high,0.1161,unproven,161,medium
network,high,none,none,unchanged,low,none,none,0.1106,unproven,161,low
network,low,high,none,unchanged,low,low,high,0.1541,poc,207,medium
network,low,none,none,unchanged,high,high,none,0.0611,poc,270,critical
network,high,none,none,unchanged,high,none,high,0.2957,functional,435,medium
local,low,low,none,unchanged,low,low,high,0.1892,functional,92,medium
network,low,none,none,unchanged,low,high,high,0.1594,poc,187,critical
network,low,low,required,unchanged,none,low,none,0.0649,unproven,458,low
network,low,none,required,unchanged,high,low,none,0.0403,functional,82,medium
network,high,none,none,unchanged,none,high,high,0.0476,unproven,316,high
network,low,none,required,unchanged,low,high,none,0.1116,unproven,88,high
network,low,none,none,changed,low,high,low,0.3308,unproven,172,critical
adjacent,low,none,required,unchanged,none,low,none,0.2046,unproven,201,low
adjacent,high,low,none,unchanged,none,low,high,0.0968,unproven,98,medium
adjacent,high,none,required,unchanged,none,none,low,0.0902,unproven,223,low
local,low,low,required,unchanged,high,high,none,0.1378,unproven,487,medium
network,high,high,none,changed,high,low,low,0.1189,unproven,567,medium
adjacent,high,low,none,changed,low,none,none,0.2319,functional,291,low
network,high,none,none,unchanged,high,high,high,0.0325,unproven,499,high
network,high,high,required,unchanged,high,low,high,0.2008,functional,337,medium
network,low,none,none,unchanged,low,high,high,0.0518,unproven,140,critical
adjacent,low,none,none,changed,none,none,high,0.5442,poc,713,high
network,low,low,none,unchanged,high,none,high,0.1374,functional,168,high
local,low,none,required,changed,high,high,none,0.028,unproven,426,high
network,high,none,none,unchanged,low,low,high,0.009,unproven,296,medium
network,high,none,none,changed,low,high,low,0.0515,unproven,617,high
network,high,low,none,unchanged,none,high,high,0.0551,unproven,248,medium
local,low,high,required,unchanged,low,none,none,0.1775,poc,220,low
local,low,none,required,unchanged,none,low,high,0.4393,high,94,medium
network,high,low,required,unchanged,low,low,high,0.0706,functional,46,medium
network,low,high,none,unchanged,none,low,low,0.0969,poc,261,low
network,high,none,required,changed,high,low,none,0.0586,unproven,158,high
adjacent,low,none,required,changed,high,high,low,0.0273,unproven,96,high
local,low,high,none,unchanged,high,high,low,0.0587,poc,50,medium
physical,low,low,none,unchanged,low,high,high,0.2083,poc,123,medium
local,low,low,required,unchanged,none,low,high,0.2304,functional,141,medium
adjacent,high,none,none,unchanged,high,high,low,0.0394,unproven,32,medium
network,low,none,required,changed,high,high,low,0.0305,unproven,234,critical
adjacent,high,none,required,unchanged,low,low,high,0.2208,unproven,113,medium
network,low,low,none,unchanged,none,none,low,0.0862,poc,280,medium
physical,low,none,none,unchanged,high,high,high,0.0294,unproven,86,high
network,low,high,required,changed,high,low,low,0.0556,poc,213,medium
local,low,low,none,unchanged,low,low,none,0.1161,unproven,268,medium
adjacent,high,none,none,unchanged,high,high,none,0.0411,unproven,162,medium
local,low,none,required,changed,low,none,none,0.1019,unproven,389,low
network,low,low,none,unchanged,none,none,high,0.1443,poc,150,medium
network,low,none,required,unchanged,low,low,none,0.1907,poc,210,medium
network,low,low,none,unchanged,none,none,high,0.1376,functional,524,medium
network,low,high,required,changed,none,low,high,0.0799,functional,225,medium
network,high,low,none,unchanged,high,low,none,0.2686,unproven,184,medium
network,low,high,none,unchanged,high,low,high,0.1507,poc,599,medium
network,low,low,none,changed,none,none,low,0.1453,poc,89,medium
physical,low,high,none,unchanged,low,none,low,0.509,unproven,272,low
adjacent,high,high,required,unchanged,low,low,low,0.0063,unproven,78,medium
local,low,none,required,unchanged,low,low,none,0.0126,unproven,282,medium
local,high,low,none,changed,low,high,none,0.2223,poc,83,medium
network,low,none,none,unchanged,low,low,high,0.0651,functional,236,high
network,low,none,none,unchanged,high,none,high,0.011,high,175,critical
local,low,none,none,unchanged,low,high,high,0.1314,unproven,400,high
network,low,high,required,changed,none,low,high,0.022,unproven,101,medium
adjacent,low,none,none,changed,none,none,low,0.0523,unproven,228,low
physical,high,low,none,unchanged,high,none,low,0.0308,unproven,389,medium
network,low,none,none,unchanged,low,low,low,0.0787,functional,63,high
network,low,high,none,unchanged,none,low,low,0.1133,poc,78,low
network,low,high,required,unchanged,none,high,high,0.0631,unproven,373,medium
network,high,none,none,unchanged,none,high,high,0.0694,poc,550,high
local,low,low,none,unchanged,none,low,high,0.1809,unproven,130,medium
network,low,none,required,unchanged,low,high,high,0.0639,poc,335,high
adjacent,high,high,required,unchanged,low,high,low,0.064,poc,234,medium
network,high,low,none,unchanged,none,none,none,0.0749,unproven,457,low
local,low,none,none,unchanged,low,low,low,0.0325,unproven,76,medium
local,low,none,required,unchanged,none,high,none,0.0445,poc,13,medium
network,low,high,required,changed,low,high,high,0.037,poc,274,high
adjacent,low,none,none,unchanged,high,low,high,0.3735,high,167,high
network,low,low,none,unchanged,low,low,high,0.2148,unproven,250,high
adjacent,low,low,none,unchanged,low,none,high,0.2024,functional,246,medium
network,low,high,required,unchanged,none,high,high,0.1047,functional,83,medium
network,high,none,none,unchanged,low,high,low,0.0385,unproven,427,medium
local,low,high,none,unchanged,low,high,low,0.1145,unproven,171,medium
physical,low,none,none,changed,low,low,high,0.1084,unproven,54,high
local,low,low,none,changed,high,low,none,0.0767,functional,34,medium
adjacent,low,high,required,unchanged,low,low,none,0.0957,unproven,210,low
local,high,high,required,unchanged,low,low,low,0.1912,functional,92,low
network,low,none,none,unchanged,none,none,low,0.0585,functional,361,medium
network,low,high,required,unchanged,high,none,none,0.1573,poc,218,medium
network,low,none,required,changed,high,low,none,0.1746,unproven,266,high
local,low,low,required,changed,none,none,none,0.127,poc,664,low
adjacent,low,none,none,unchanged,high,high,high,0.0531,unproven,60,high
local,high,low,none,unchanged,none,high,low,0.1044,unproven,397,medium
physical,high,high,required,unchanged,low,high,none,0.3905,poc,39,medium
network,low,low,none,unchanged,low,none,high,0.2117,unproven,194,high
network,high,none,required,changed,none,low,high,0.0702,poc,355,high
network,low,low,none,unchanged,none,high,none,0.0936,unproven,45,medium
network,high,none,required,unchanged,high,none,low,0.0344,high,185,medium
network,high,high,none,unchanged,low,high,high,0.034,unproven,231,medium
network,low,none,required,unchanged,high,low,low,0.3854,unproven,113,high
local,high,low,none,changed,none,high,low,0.1155,unproven,246,medium
network,low,none,none,unchanged,low,high,none,0.0452,poc,195,high
local,low,low,none,unchanged,none,low,low,0.1046,unproven,131,low
adjacent,high,high,none,changed,low,low,low,0.0342,poc,69,medium
network,low,low,none,changed,high,none,low,0.1063,unproven,162,high
local,low,high,none,unchanged,low,high,low,0.0286,unproven,108,medium
local,high,low,none,unchanged,high,low,high,0.099,unproven,84,high
network,low,none,none,unchanged,high,high,high,0.0274,poc,312,critical
network,low,none,required,unchanged,none,none,low,0.0699,poc,215,medium
network,high,none,none,unchanged,low,low,low,0.014,functional,151,medium
network,low,low,none,unchanged,low,high,high,0.0144,functional,254,high
network,low,high,required,unchanged,none,low,none,0.0316,poc,266,low
adjacent,high,none,required,unchanged,low,none,none,0.2315,unproven,54,low
adjacent,low,high,required,unchanged,high,high,high,0.0703,high,90,high
network,high,none,required,unchanged,low,none,high,0.2038,poc,128,medium
network,high,low,none,unchanged,high,high,low,0.1836,poc,152,medium
adjacent,low,none,required,unchanged,high,high,low,0.1344,unproven,323,high
network,low,low,none,unchanged,low,high,low,0.112,unproven,136,high
local,low,none,none,unchanged,none,high,high,0.1763,unproven,177,medium
local,high,low,required,unchanged,none,low,low,0.0436,unproven,216,low
adjacent,low,low,none,unchanged,low,low,high,0.2144,poc,154,medium
network,low,low,required,unchanged,low,low,high,0.0634,unproven,45,medium
network,low,none,required,changed,high,high,high,0.0272,unproven,542,critical
network,high,none,required,unchanged,none,high,high,0.1414,unproven,153,medium
adjacent,low,none,required,changed,high,high,none,0.024,poc,521,high
local,low,none,required,unchanged,low,none,high,0.071,functional,22,medium
network,high,none,required,unchanged,high,high,none,0.2712,poc,184,medium
network,low,low,required,unchanged,high,low,none,0.1238,unproven,332,medium
network,low,high,required,unchanged,none,none,high,0.0189,unproven,26,medium
local,low,none,none,unchanged,high,low,high,0.1267,unproven,208,high
local,low,none,none,unchanged,high,none,high,0.1899,unproven,392,high
network,high,low,none,changed,low,none,none,0.0805,unproven,208,low
network,low,low,none,unchanged,high,none,high,0.1134,high,238,high
network,low,none,required,unchanged,high,none,low,0.0059,unproven,287,medium
local,low,none,required,unchanged,none,high,none,0.0185,poc,453,medium
physical,high,none,none,unchanged,low,low,high,0.0363,unproven,208,medium
network,low,high,none,unchanged,none,none,none,0.0853,functional,284,low
network,low,low,required,changed,high,low,low,0.1811,unproven,212,high
network,low,low,none,unchanged,low,none,none,0.0884,poc,454,medium
local,low,low,none,unchanged,high,high,high,0.2459,unproven,56,high
network,low,high,required,unchanged,high,high,low,0.0548,poc,317,medium
adjacent,low,low,none,unchanged,none,low,low,0.0429,poc,164,medium
network,low,low,required,unchanged,high,low,low,0.0688,functional,427,medium
network,low,none,none,changed,low,high,high,0.1144,unproven,421,critical
network,high,high,none,changed,none,high,high,0.0073,functional,356,high
network,low,none,required,unchanged,high,none,low,0.5691,unproven,300,high
network,low,high,none,unchanged,none,low,high,0.0133,functional,117,medium
network,low,none,none,unchanged,low,low,low,0.0873,unproven,290,high
network,high,none,none,unchanged,low,high,low,0.0793,poc,217,medium
adjacent,low,none,none,unchanged,high,none,high,0.0968,poc,359,high
network,high,high,required,changed,none,none,high,0.0634,high,284,medium
network,low,low,required,unchanged,high,none,high,0.0902,poc,106,high
adjacent,high,none,required,unchanged,none,low,high,0.0273,poc,565,medium
local,low,none,none,unchanged,high,low,high,0.0175,unproven,220,high
network,low,none,none,unchanged,low,none,high,0.0457,unproven,74,high
network,low,none,none,unchanged,high,high,high,0.057,high,101,critical
physical,high,low,none,changed,high,low,high,0.1213,poc,308,high
network,low,none,required,unchanged,low,none,none,0.0502,unproven,273,low
adjacent,high,none,none,unchanged,high,none,none,0.251,unproven,51,medium
network,low,high,required,changed,high,none,none,0.0645,functional,246,medium
adjacent,low,high,required,changed,high,low,low,0.1054,unproven,443,medium
network,high,high,none,unchanged,low,none,high,0.1488,unproven,307,medium
network,high,low,required,unchanged,low,high,high,0.1596,unproven,568,high
adjacent,low,high,none,unchanged,high,low,low,0.1403,high,79,medium
adjacent,low,low,none,changed,high,low,high,0.2277,high,177,high
local,low,none,required,unchanged,low,high,none,0.1833,unproven,368,medium
network,low,low,required,unchanged,none,low,none,0.1421,unproven,424,low
network,low,low,none,unchanged,low,low,none,0.0291,unproven,256,medium
adjacent,low,none,none,unchanged,low,none,none,0.0032,unproven,139,low
local,low,none,none,unchanged,low,none,high,0.2677,unproven,209,medium
adjacent,low,high,none,unchanged,high,none,high,0.0654,poc,237,medium
local,low,low,required,unchanged,low,low,low,0.0389,unproven,170,medium
network,low,none,none,changed,high,low,low,0.2697,poc,126,critical
local,high,high,none,unchanged,none,none,none,0.0461,unproven,561,low
network,high,low,none,unchanged,high,high,high,0.4663,poc,164,high
network,low,none,required,unchanged,high,high,low,0.0438,poc,560,high
local,low,none,none,unchanged,low,low,none,0.1182,unproven,163,medium
network,low,high,none,unchanged,none,high,high,0.3079,unproven,199,medium
network,low,high,none,unchanged,high,high,low,0.0454,poc,70,high
network,low,low,required,unchanged,none,high,none,0.0745,unproven,454,medium
network,low,none,required,unchanged,high,high,none,0.1795,unproven,117,high
local,high,low,none,unchanged,high,none,high,0.229,poc,343,medium
local,low,none,required,unchanged,high,low,none,0.0699,unproven,75,medium
network,low,low,required,unchanged,none,none,none,0.2308,unproven,161,low
local,high,low,required,unchanged,none,low,high,0.0553,high,506,medium
network,low,low,required,unchanged,low,high,low,0.2419,unproven,183,medium
adjacent,low,none,none,unchanged,low,high,high,0.183,unproven,147,high
local,high,none,none,unchanged,high,high,high,0.0418,unproven,104,high
local,low,low,none,unchanged,low,low,high,0.2312,poc,554,medium
network,low,low,required,unchanged,low,low,high,0.1408,unproven,144,high
network,high,none,required,unchanged,high,none,none,0.0611,poc,220,medium
local,high,low,none,changed,none,low,high,0.1697,poc,24,medium
local,low,none,none,unchanged,high,high,high,0.0406,poc,64,high
network,low,none,required,unchanged,none,low,high,0.0233,unproven,108,medium
local,low,high,none,unchanged,none,high,none,0.1382,high,243,medium
network,low,none,none,unchanged,low,low,high,0.1401,functional,278,critical
adjacent,low,low,none,unchanged,none,high,none,0.185,unproven,133,medium
local,high,none,required,unchanged,high,low,none,0.0875,high,148,medium
local,high,none,none,unchanged,low,low,low,0.3114,poc,127,medium
network,low,high,none,unchanged,low,none,high,0.145,poc,358,medium
network,high,none,none,unchanged,high,low,high,0.1106,high,169,high
network,low,none,none,changed,low,low,none,0.088,poc,240,high
network,low,low,none,unchanged,high,high,none,0.1332,unproven,163,high
network,low,none,required,unchanged,none,none,high,0.015,unproven,182,medium
physical,high,high,none,unchanged,none,high,none,0.0289,unproven,297,low
network,low,low,none,unchanged,low,none,high,0.1103,poc,206,medium
network,low,high,none,unchanged,none,low,high,0.0848,functional,333,medium
local,low,high,none,unchanged,none,low,high,0.3045,unproven,344,medium
network,high,none,none,changed,high,high,none,0.0909,unproven,79,high
network,low,none,none,changed,high,none,low,0.3324,unproven,274,critical
network,low,high,required,unchanged,high,high,low,0.1852,unproven,250,medium
network,low,low,none,unchanged,low,none,low,0.0746,poc,60,medium
network,low,none,none,unchanged,low,none,low,0.0736,unproven,284,medium
local,low,low,required,changed,none,high,low,0.0219,functional,201,medium
local,high,low,none,unchanged,none,none,low,0.1746,functional,178,low
physical,low,none,none,changed,none,high,high,0.0837,poc,84,high
adjacent,low,high,required,unchanged,none,low,high,0.0172,unproven,106,medium
adjacent,low,high,none,unchanged,high,none,high,0.1122,poc,39,medium
network,low,high,required,changed,low,low,low,0.188,functional,265,medium
network,high,high,none,unchanged,none,none,none,0.114,unproven,213,low
adjacent,low,low,none,unchanged,none,high,low,0.065,poc,124,medium
local,low,low,none,changed,low,none,low,0.0604,unproven,378,medium
network,low,low,required,unchanged,none,none,high,0.2101,poc,33,medium
network,low,high,none,unchanged,none,none,high,0.149,functional,159,medium
network,high,low,none,unchanged,high,none,low,0.0551,poc,47,medium
network,low,low,required,changed,none,low,low,0.0516,unproven,219,medium
adjacent,low,low,none,unchanged,none,none,none,0.1544,unproven,96,low
network,low,none,none,unchanged,high,high,high,0.2965,unproven,208,critical
network,low,none,required,unchanged,none,none,low,0.0544,unproven,216,low
local,low,high,required,unchanged,low,low,none,0.0666,poc,104,low
local,low,low,none,unchanged,low,low,high,0.1146,functional,362,medium
local,low,low,required,changed,high,high,high,0.2546,high,173,high
local,low,none,none,unchanged,high,low,high,0.0189,unproven,286,high
network,high,none,none,unchanged,none,high,none,0.0134,poc,284,medium
network,low,none,required,unchanged,high,low,none,0.0286,poc,139,high
network,low,high,none,unchanged,high,low,low,0.0551,unproven,231,medium
local,high,low,none,unchanged,low,high,high,0.4533,unproven,97,medium
network,high,low,none,unchanged,low,low,low,0.0805,poc,649,medium
adjacent,low,low,required,unchanged,high,low,high,0.0109,unproven,201,high
local,low,none,none,changed,low,high,high,0.0374,poc,141,critical
network,low,high,required,changed,high,low,high,0.0537,functional,117,high
adjacent,low,high,none,unchanged,low,low,high,0.0905,unproven,243,medium
network,high,low,none,changed,low,low,high,0.0257,unproven,353,high
network,low,high,none,unchanged,high,high,high,0.0696,unproven,47,medium
physical,low,low,none,unchanged,high,low,low,0.0586,poc,248,medium
network,low,low,required,unchanged,high,high,none,0.1544,poc,96,medium
local,low,none,none,unchanged,none,high,high,0.1229,unproven,38,high
network,low,none,none,unchanged,low,low,none,0.1396,functional,60,medium
network,low,none,none,changed,low,low,high,0.1634,unproven,426,critical
network,low,none,required,unchanged,high,low,high,0.0938,unproven,154,high
network,high,none,none,changed,low,none,none,0.3504,unproven,597,medium
local,high,none,none,changed,high,low,low,0.1612,poc,148,high
network,low,low,required,changed,none,high,high,0.0573,functional,129,high
network,low,none,none,unchanged,none,high,high,0.0666,poc,41,critical
network,low,none,none,unchanged,high,low,low,0.0568,unproven,71,high
local,high,high,none,unchanged,low,none,low,0.0227,poc,29,low
network,low,low,none,unchanged,none,low,low,0.0941,high,327,medium
physical,low,low,none,unchanged,high,none,low,0.2101,unproven,345,medium
network,low,none,required,unchanged,high,low,high,0.0594,unproven,91,critical
network,high,low,required,unchanged,none,none,high,0.0177,functional,100,medium
network,low,none,required,changed,high,low,high,0.0677,poc,153,critical
local,low,none,none,unchanged,none,low,low,0.1078,unproven,442,medium
network,low,none,none,unchanged,low,high,none,0.1185,functional,21,high
adjacent,low,high,none,unchanged,low,high,none,0.1215,poc,411,medium
local,low,high,required,changed,high,low,high,0.0742,unproven,521,high
network,low,high,required,unchanged,low,low,high,0.0945,unproven,371,medium
local,low,low,none,changed,high,low,none,0.0085,unproven,541,high
network,low,low,none,unchanged,none,low,none,0.1258,functional,267,medium
network,low,high,none,changed,low,low,none,0.2094,unproven,300,medium
local,low,none,none,changed,none,high,high,0.0037,functional,327,high
adjacent,low,low,required,unchanged,high,low,none,0.083,poc,575,medium
network,low,high,none,changed,none,none,none,0.0365,unproven,31,low
network,low,low,none,changed,high,none,high,0.0694,poc,153,high
adjacent,low,none,none,unchanged,low,high,none,0.0657,unproven,202,medium
network,high,low,none,unchanged,none,high,none,0.2388,unproven,256,medium
network,high,low,none,unchanged,none,low,none,0.0691,poc,150,low
adjacent,low,low,none,changed,low,low,high,0.0381,poc,359,high
adjacent,low,none,none,changed,none,high,low,0.0174,unproven,259,high
network,high,none,none,changed,high,high,none,0.1653,functional,245,high
local,low,high,none,unchanged,low,high,high,0.014,poc,273,medium
adjacent,low,high,required,changed,low,high,low,0.071,unproven,261,medium
network,high,none,none,unchanged,high,low,low,0.0071,unproven,24,high
local,low,high,none,unchanged,none,none,high,0.0451,unproven,70,medium
network,low,low,none,changed,low,low,none,0.0863,functional,21,medium
network,low,none,none,unchanged,high,high,high,0.223,poc,189,critical
local,low,none,none,unchanged,high,high,high,0.3692,unproven,59,high
network,low,low,required,unchanged,high,high,high,0.0998,poc,190,high
adjacent,low,high,required,unchanged,high,low,low,0.0694,functional,356,medium
network,low,none,none,unchanged,low,low,high,0.2785,high,624,high
network,low,low,required,unchanged,low,none,none,0.0549,unproven,262,low
network,low,high,required,unchanged,high,none,low,0.099,unproven,130,medium
physical,high,none,required,unchanged,low,none,none,0.3729,poc,347,low
adjacent,low,low,none,unchanged,low,high,high,0.2342,unproven,444,high
network,low,none,none,unchanged,none,low,high,0.1335,unproven,504,high
local,low,low,required,unchanged,none,high,low,0.0614,functional,820,medium
local,low,none,none,unchanged,high,low,low,0.2212,unproven,197,high
local,low,none,none,changed,low,none,low,0.0103,unproven,85,medium
network,low,low,required,unchanged,high,none,high,0.0791,high,195,high
local,low,none,required,unchanged,low,none,low,0.1201,unproven,424,medium
network,low,high,none,unchanged,low,none,low,0.3351,unproven,274,low
network,low,high,required,unchanged,high,none,high,0.1095,poc,123,medium
physical,low,low,none,unchanged,high,low,low,0.134,unproven,269,medium
network,low,low,none,unchanged,high,low,low,0.1046,poc,78,high
local,low,none,required,unchanged,low,high,low,0.1591,functional,115,medium
network,low,low,required,unchanged,high,none,high,0.0841,poc,170,high
adjacent,low,none,none,changed,high,none,none,0.0554,unproven,498,medium
network,low,none,required,changed,low,high,none,0.141,high,114,high
local,low,high,none,unchanged,low,none,high,0.1322,poc,163,medium
adjacent,low,none,required,unchanged,high,none,high,0.0466,unproven,81,medium
network,low,none,none,unchanged,none,none,none,0.0889,unproven,981,low
network,high,none,required,unchanged,low,low,none,0.0074,unproven,81,medium
local,high,none,required,unchanged,high,high,high,0.0344,unproven,729,high
adjacent,low,none,none,unchanged,high,none,high,0.2277,poc,445,high
network,low,low,none,unchanged,high,high,low,0.3639,high,60,high
local,low,low,none,unchanged,high,none,high,0.0719,unproven,56,medium
local,high,none,none,unchanged,low,high,none,0.0175,poc,208,medium
network,low,low,none,changed,high,high,low,0.0588,functional,241,critical
local,low,low,required,changed,high,high,high,0.1934,functional,55,high
network,low,low,none,unchanged,high,low,high,0.0949,poc,371,critical
network,high,none,required,unchanged,none,none,low,0.2912,functional,234,low
network,low,low,none,unchanged,low,none,high,0.021,poc,340,high
network,low,none,none,unchanged,high,none,none,0.0337,functional,177,high
local,high,none,none,unchanged,low,none,none,0.0989,unproven,280,low
network,low,low,none,changed,none,low,none,0.3014,poc,243,medium
network,low,none,none,unchanged,high,high,none,0.0491,unproven,372,high
network,low,high,none,unchanged,low,high,low,0.3238,functional,116,medium
adjacent,low,low,none,unchanged,none,high,low,0.0255,unproven,476,medium
network,low,none,required,unchanged,low,high,low,0.1776,poc,368,high
network,low,low,required,changed,high,low,none,0.3609,functional,273,high
network,high,none,required,unchanged,high,none,none,0.0624,high,66,medium
network,low,none,none,changed,none,low,high,0.054,unproven,215,critical
adjacent,low,low,none,unchanged,high,none,high,0.017,poc,175,high
physical,low,none,none,unchanged,low,none,high,0.0983,functional,201,medium
network,low,low,none,unchanged,low,low,low,0.1592,functional,101,medium
network,low,none,required,changed,none,none,high,0.1119,high,109,high
network,high,high,none,unchanged,low,low,none,0.1309,unproven,487,low
local,high,none,required,unchanged,none,none,high,0.3798,functional,44,medium
network,high,low,none,unchanged,none,none,low,0.0553,functional,671,low
network,low,none,required,unchanged,none,low,high,0.0648,high,35,medium
local,low,low,none,unchanged,low,low,low,0.019,unproven,299,medium
network,low,none,required,unchanged,none,low,low,0.094,functional,132,medium
network,low,high,none,unchanged,high,none,high,0.0435,poc,291,medium
adjacent,low,none,none,unchanged,low,none,high,0.1204,poc,150,medium
adjacent,low,low,none,unchanged,high,none,low,0.0095,high,470,medium
network,low,none,none,changed,low,high,low,0.1176,unproven,128,critical
physical,low,low,required,unchanged,high,high,low,0.1505,functional,248,medium
adjacent,high,high,none,unchanged,none,high,low,0.1654,functional,97,medium
network,low,none,none,unchanged,none,low,low,0.3247,unproven,146,medium
adjacent,high,low,required,unchanged,none,none,high,0.2212,unproven,204,medium
network,high,none,required,changed,high,none,high,0.0587,unproven,112,high
network,low,low,required,unchanged,low,none,high,0.054,unproven,159,medium
adjacent,high,high,required,unchanged,low,none,high,0.1026,unproven,284,medium
network,high,none,none,unchanged,low,low,none,0.0807,poc,199,medium
network,high,low,required,unchanged,low,none,none,0.1505,unproven,208,low
network,high,low,required,unchanged,low,none,none,0.0667,unproven,507,low
local,low,low,required,unchanged,high,low,low,0.0948,high,224,medium
local,low,none,none,unchanged,none,none,high,0.0105,poc,426,medium
adjacent,low,none,required,changed,high,none,none,0.0585,poc,170,medium
network,low,none,required,unchanged,none,high,high,0.1837,functional,365,high
network,high,low,required,unchanged,none,none,none,0.2735,poc,63,low
local,low,none,none,changed,low,low,low,0.0695,unproven,160,high
network,low,high,none,changed,none,high,low,0.0062,functional,86,medium
local,low,high,none,unchanged,high,none,none,0.1387,functional,331,medium
adjacent,low,none,required,changed,high,high,high,0.0325,unproven,275,high
physical,low,high,required,unchanged,low,none,none,0.0713,poc,50,low
network,low,none,none,unchanged,high,high,low,0.0177,unproven,163,critical
network,low,none,required,changed,none,high,none,0.0092,unproven,298,high
network,low,none,none,unchanged,none,none,low,0.3627,high,158,medium
local,low,high,none,unchanged,high,none,high,0.0876,poc,1030,medium
network,low,none,none,changed,high,low,low,0.0415,functional,93,critical
network,low,high,none,unchanged,low,high,low,0.0282,poc,142,medium
local,low,none,required,changed,high,high,none,0.0132,poc,199,high
local,low,none,none,unchanged,none,high,high,0.169,high,237,high
adjacent,low,low,none,unchanged,high,high,none,0.2198,poc,111,high
network,high,none,none,changed,low,high,none,0.0008,unproven,672,high
network,low,low,required,changed,low,low,low,0.0644,high,161,medium
network,high,low,required,changed,low,none,high,0.1573,poc,176,medium
network,low,none,none,unchanged,low,high,none,0.0318,poc,730,high
local,low,low,required,unchanged,high,high,high,0.1385,unproven,96,high
network,low,none,none,unchanged,high,low,low,0.0242,unproven,214,high
network,high,none,none,unchanged,high,high,low,0.0589,poc,163,high
local,low,low,none,unchanged,low,low,high,0.1495,functional,475,high
local,high,none,required,unchanged,low,high,high,0.0727,unproven,259,medium
local,low,high,required,unchanged,high,low,low,0.081,poc,146,medium
network,low,low,none,unchanged,low,none,low,0.2547,unproven,174,medium
local,high,none,none,unchanged,high,low,none,0.0193,poc,373,medium
physical,low,none,none,unchanged,low,high,high,0.3197,functional,314,medium
network,high,none,none,unchanged,high,none,high,0.0528,unproven,236,medium
local,high,low,none,unchanged,low,high,high,0.1594,functional,186,medium
local,high,none,none,unchanged,low,high,none,0.1669,poc,310,medium
network,low,high,none,unchanged,low,none,none,0.018,unproven,531,low
network,high,none,required,unchanged,none,low,low,0.0268,poc,240,low
local,low,none,required,unchanged,high,high,high,0.1691,functional,206,high
network,low,none,required,changed,high,none,low,0.0078,unproven,136,high
network,high,high,none,unchanged,none,low,low,0.0317,poc,137,low
local,high,high,none,unchanged,low,low,low,0.0811,unproven,211,low
network,high,low,none,changed,high,none,low,0.1297,poc,132,high
network,low,none,required,unchanged,low,none,high,0.0716,poc,178,high
network,low,low,required,changed,high,low,high,0.0719,unproven,66,high
network,low,high,required,unchanged,high,high,high,0.1741,unproven,533,medium
network,low,high,none,changed,low,none,low,0.0711,functional,346,medium
network,low,none,none,unchanged,none,none,high,0.0295,unproven,405,high
adjacent,low,none,required,unchanged,low,high,none,0.0169,unproven,177,medium
local,low,low,required,unchanged,high,low,none,0.0152,unproven,55,medium
local,low,low,none,unchanged,high,low,high,0.1569,poc,159,high
network,low,none,none,unchanged,none,none,high,0.2762,functional,379,high
network,high,none,none,changed,low,low,none,0.0776,unproven,143,medium
local,high,low,none,unchanged,high,none,high,0.094,unproven,35,medium
network,low,low,required,unchanged,none,high,low,0.0679,poc,73,medium
adjacent,low,high,required,changed,low,high,low,0.0062,unproven,421,medium
network,high,low,required,changed,low,low,none,0.0028,unproven,178,medium
local,low,none,required,changed,none,low,none,0.145,functional,312,low
local,low,none,none,unchanged,low,none,high,0.0443,unproven,379,medium
network,low,none,none,unchanged,low,low,low,0.1179,unproven,189,high
network,low,none,required,unchanged,low,high,low,0.1387,functional,78,high
network,low,high,none,unchanged,none,high,low,0.0908,unproven,274,medium
network,high,none,none,unchanged,none,low,high,0.0091,high,147,medium
adjacent,low,none,none,unchanged,low,low,high,0.0845,poc,325,high
adjacent,low,low,none,unchanged,low,high,low,0.0488,unproven,255,medium
network,high,none,required,unchanged,high,high,high,0.1105,poc,177,high
network,low,high,required,unchanged,high,low,high,0.216,functional,439,medium
local,low,none,none,unchanged,low,high,high,0.0091,unproven,339,high
network,low,none,required,unchanged,none,high,high,0.0657,poc,187,high
adjacent,low,none,required,unchanged,none,none,high,0.049,unproven,473,medium
network,low,low,required,unchanged,low,none,none,0.1763,poc,282,low
local,low,low,required,changed,low,low,high,0.1249,functional,24,high
physical,high,low,none,unchanged,none,low,none,0.1142,poc,101,low
network,low,none,required,changed,high,low,low,0.0305,unproven,205,high
local,high,none,none,unchanged,low,high,high,0.0795,poc,58,medium
physical,low,low,none,unchanged,high,none,none,0.1156,poc,269,medium
local,low,high,required,changed,low,high,low,0.2072,functional,116,medium
network,low,low,none,changed,high,low,high,0.2382,unproven,117,critical
adjacent,low,low,required,unchanged,high,low,high,0.1267,functional,692,medium
local,low,low,required,unchanged,low,low,low,0.1005,poc,122,medium
local,high,high,none,unchanged,low,low,high,0.1846,functional,55,medium
network,low,low,required,unchanged,high,high,low,0.1601,unproven,57,high
network,high,high,required,unchanged,low,none,none,0.0295,functional,504,low
network,low,high,none,unchanged,low,low,none,0.1772,unproven,109,low
network,high,none,none,changed,low,none,low,0.0374,unproven,147,medium
network,high,none,required,unchanged,low,low,low,0.081,unproven,64,medium
network,low,low,none,unchanged,low,low,none,0.2046,poc,68,medium
network,low,none,none,unchanged,none,low,low,0.0865,unproven,96,medium
local,high,low,required,unchanged,none,high,none,0.1857,functional,232,medium
network,low,none,none,unchanged,low,low,high,0.0723,unproven,184,high
network,low,high,none,unchanged,none,none,none,0.0638,poc,669,low
adjacent,low,low,none,changed,high,low,low,0.1179,unproven,141,high
network,low,low,none,unchanged,high,low,high,0.2425,unproven,103,high
network,high,high,none,unchanged,low,high,low,0.0732,functional,236,medium
network,high,low,required,unchanged,none,none,low,0.0565,unproven,189,low
local,low,none,none,changed,low,high,low,0.0266,unproven,258,high
network,low,none,none,changed,high,high,none,0.0761,high,421,critical
network,low,none,none,unchanged,low,none,high,0.1652,poc,475,high
network,low,low,required,unchanged,low,none,none,0.1961,poc,383,low
physical,low,none,none,unchanged,low,high,high,0.0899,high,266,medium
physical,low,high,none,unchanged,high,none,low,0.0219,unproven,47,low
local,high,none,none,changed,high,low,low,0.3943,unproven,48,medium
network,high,none,none,unchanged,high,high,low,0.3084,unproven,220,high
network,low,low,none,unchanged,high,low,high,0.0573,functional,112,high
network,high,none,required,changed,high,none,none,0.0045,unproven,440,medium
adjacent,low,none,none,changed,none,high,high,0.2634,poc,165,critical
network,high,low,required,unchanged,high,low,none,0.0421,unproven,122,medium
network,low,low,none,unchanged,high,high,high,0.0565,poc,241,high
network,low,none,none,changed,high,none,high,0.0954,poc,284,critical
adjacent,low,none,required,changed,high,low,low,0.1926,unproven,442,high
adjacent,low,none,none,unchanged,none,none,low,0.1092,unproven,623,medium
local,low,high,required,unchanged,low,high,high,0.0181,unproven,558,medium
local,low,none,required,unchanged,none,none,high,0.1831,poc,107,medium
network,low,low,none,unchanged,low,high,high,0.3057,high,492,high
network,low,high,none,unchanged,high,high,none,0.0502,functional,321,medium
local,high,high,none,unchanged,high,high,high,0.0158,unproven,296,medium
network,low,high,required,changed,high,high,high,0.0593,unproven,83,high
network,high,high,none,unchanged,none,high,low,0.2607,functional,102,medium
adjacent,high,none,none,changed,low,low,low,0.2699,poc,209,medium
network,low,none,none,changed,low,low,none,0.0494,poc,255,medium
network,low,none,none,changed,low,high,high,0.0277,unproven,250,critical
local,high,low,required,unchanged,low,low,none,0.0376,functional,63,low
network,high,high,none,unchanged,high,low,none,0.0273,poc,574,medium
network,low,none,none,unchanged,low,none,low,0.074,functional,82,medium
network,low,none,required,changed,low,high,low,0.0989,unproven,291,high
local,high,low,none,unchanged,low,none,high,0.2847,unproven,17,medium
network,low,high,none,unchanged,high,none,low,0.0754,poc,41,medium
local,high,none,required,unchanged,none,low,none,0.0237,functional,146,low
network,low,none,required,changed,none,none,low,0.2238,unproven,54,medium
network,high,low,required,unchanged,none,low,low,0.0591,poc,78,low
local,high,none,none,unchanged,high,none,none,0.0336,unproven,69,medium
network,low,none,required,changed,none,low,high,0.0503,unproven,65,critical
network,low,low,none,unchanged,low,low,high,0.0497,unproven,125,high
local,low,low,none,unchanged,low,low,low,0.2172,unproven,62,medium
local,low,low,required,unchanged,none,low,none,0.1333,functional,284,low
local,high,low,none,unchanged,high,high,high,0.2201,poc,169,high
local,low,none,required,unchanged,low,none,high,0.1647,unproven,95,medium
network,low,none,none,unchanged,none,low,high,0.1745,unproven,111,high
physical,low,none,required,unchanged,low,none,low,0.1876,poc,51,low
network,high,none,required,changed,high,low,low,0.261,unproven,192,high
network,high,low,none,unchanged,none,high,none,0.0417,unproven,235,medium
network,high,high,none,unchanged,low,none,none,0.1252,poc,144,low
network,low,none,none,unchanged,high,low,low,0.2081,unproven,34,high
physical,high,none,none,unchanged,high,low,low,0.0282,functional,349,medium
adjacent,high,none,none,changed,high,none,low,0.0395,functional,121,high
local,low,none,none,unchanged,low,none,high,0.1242,poc,207,medium
physical,low,none,none,unchanged,high,low,high,0.1834,unproven,129,medium
network,high,none,none,unchanged,high,high,low,0.0833,poc,46,high
physical,low,none,none,unchanged,high,low,high,0.1714,unproven,227,medium
network,low,none,none,unchanged,low,high,high,0.0239,unproven,351,high
physical,low,none,none,unchanged,low,low,low,0.089,functional,245,medium
adjacent,low,high,none,unchanged,none,none,low,0.0218,poc,379,low
network,low,low,none,unchanged,none,low,high,0.0961,unproven,77,high
adjacent,high,low,required,unchanged,low,none,none,0.0593,functional,131,low
network,low,none,none,unchanged,low,low,high,0.1571,unproven,251,high
network,low,none,none,changed,none,none,low,0.0298,unproven,539,medium
network,low,low,required,unchanged,high,none,low,0.4379,unproven,161,medium
adjacent,low,none,required,unchanged,high,none,none,0.1019,unproven,762,medium
local,low,none,none,changed,none,high,high,0.2869,unproven,145,high
network,low,none,none,unchanged,none,low,low,0.0102,unproven,67,medium
network,high,none,required,unchanged,high,none,high,0.1082,unproven,90,medium
network,low,low,none,changed,low,high,low,0.2133,functional,160,critical
adjacent,low,none,none,unchanged,high,low,high,0.1309,high,69,high
local,low,low,required,unchanged,high,low,low,0.0287,functional,123,medium
network,high,low,required,unchanged,high,high,none,0.0415,poc,44,medium
local,low,high,none,unchanged,high,none,high,0.2772,high,120,medium
local,low,none,required,unchanged,high,low,high,0.0852,unproven,142,high
network,low,high,none,changed,high,none,high,0.0455,functional,129,high
network,low,high,required,unchanged,none,none,high,0.1109,unproven,346,medium
network,low,none,none,unchanged,high,none,low,0.3397,unproven,139,high
local,low,none,none,changed,high,low,none,0.1988,functional,112,high
adjacent,low,low,required,unchanged,high,none,high,0.0643,unproven,528,medium
local,low,low,none,unchanged,high,low,high,0.2095,unproven,136,high
adjacent,high,none,none,unchanged,none,none,none,0.0153,unproven,381,low
adjacent,low,none,none,unchanged,low,none,none,0.3489,functional,169,low
network,low,high,none,unchanged,high,low,none,0.0927,functional,272,medium
adjacent,high,none,required,changed,low,high,none,0.1055,functional,187,medium
network,low,none,required,unchanged,high,low,low,0.2571,poc,822,high
network,low,low,none,unchanged,high,low,low,0.1867,high,442,medium
local,low,low,none,unchanged,high,high,none,0.1915,poc,198,high
network,low,none,required,unchanged,low,low,low,0.2046,functional,256,medium
network,high,none,none,unchanged,low,high,low,0.155,poc,118,medium
network,low,none,none,unchanged,low,high,low,0.0494,unproven,85,high
adjacent,high,none,required,unchanged,high,low,none,0.0218,poc,64,medium
network,high,high,none,unchanged,none,high,low,0.1286,unproven,37,medium
network,low,low,none,unchanged,none,none,low,0.0685,unproven,310,medium
local,low,low,required,unchanged,low,low,none,0.0377,functional,138,low
network,low,low,none,unchanged,none,low,low,0.0677,unproven,112,medium
local,low,none,required,unchanged,high,low,high,0.0748,poc,98,high
network,low,high,required,unchanged,none,low,low,0.1374,poc,73,low
network,low,high,none,unchanged,low,high,high,0.0821,unproven,183,medium
local,high,none,none,unchanged,low,low,high,0.1272,unproven,312,medium
local,low,none,required,changed,high,none,none,0.0936,functional,301,medium
adjacent,low,low,none,unchanged,high,none,none,0.1774,poc,244,medium
network,low,none,none,unchanged,high,none,none,0.0503,functional,82,high
adjacent,high,none,none,unchanged,high,high,high,0.1176,unproven,225,high
network,low,high,none,unchanged,none,high,low,0.291,unproven,140,medium
network,low,low,required,changed,high,high,low,0.2046,unproven,34,high
network,low,none,required,unchanged,low,low,high,0.37,unproven,413,high
network,low,none,none,unchanged,high,low,low,0.0364,functional,199,high
network,low,none,required,changed,high,low,none,0.12,functional,74,high
local,low,high,none,unchanged,low,high,low,0.0592,unproven,131,medium
local,low,none,none,unchanged,low,none,low,0.1535,functional,332,medium
adjacent,low,low,required,unchanged,none,low,low,0.0824,unproven,183,medium
physical,high,low,none,unchanged,high,none,none,0.109,unproven,170,low
network,low,none,required,changed,high,high,none,0.0711,functional,123,critical
network,low,high,required,changed,low,high,high,0.0433,high,180,medium
local,low,low,required,unchanged,low,high,none,0.1003,poc,199,medium
adjacent,low,low,none,changed,low,high,high,0.0943,high,628,high
local,high,high,required,unchanged,high,low,low,0.1786,poc,96,medium
network,low,none,required,unchanged,high,high,low,0.0549,poc,381,high
local,low,none,none,unchanged,none,none,none,0.1103,poc,611,low
network,low,high,required,changed,low,high,high,0.0893,functional,433,high
network,low,high,required,changed,low,high,high,0.2396,functional,95,high
network,low,high,none,changed,high,high,high,0.0333,poc,26,high
local,low,none,none,unchanged,low,high,high,0.0737,unproven,48,high
physical,low,low,required,unchanged,high,low,low,0.1012,poc,102,medium
network,low,low,none,changed,low,none,none,0.3462,high,438,low
network,low,none,required,unchanged,low,none,low,0.0479,unproven,152,medium
network,low,none,none,unchanged,none,high,high,0.027,poc,337,high
local,low,none,none,unchanged,none,low,high,0.126,poc,167,medium
local,low,low,required,unchanged,low,high,none,0.0211,unproven,111,medium
network,low,low,none,unchanged,low,high,high,0.0902,poc,128,high
network,high,none,required,unchanged,high,none,low,0.0039,high,368,medium
local,high,low,none,unchanged,low,high,high,0.0153,functional,336,high
local,low,none,none,unchanged,none,high,none,0.0471,poc,297,medium
local,high,none,none,changed,low,low,low,0.1029,functional,451,medium
network,low,none,none,unchanged,low,low,low,0.0453,unproven,197,high
network,low,none,none,unchanged,low,high,high,0.0827,unproven,389,critical
network,high,none,none,unchanged,low,none,high,0.1509,unproven,625,medium
adjacent,low,low,none,changed,none,none,low,0.0878,unproven,161,low
physical,low,none,none,unchanged,low,low,high,0.1761,unproven,322,medium
network,low,none,required,unchanged,low,none,high,0.0066,unproven,669,high
network,low,high,none,unchanged,low,low,high,0.0299,unproven,577,medium
network,low,low,none,changed,none,high,high,0.0721,poc,113,high
network,low,low,required,changed,low,none,none,0.0065,high,208,medium
network,low,none,none,unchanged,high,high,none,0.2126,unproven,204,critical
local,high,none,required,changed,none,high,high,0.0765,poc,200,high
network,high,low,none,unchanged,low,none,low,0.2906,poc,332,medium
local,low,low,none,unchanged,none,high,high,0.0689,functional,416,high
network,low,high,none,changed,low,high,none,0.0847,poc,166,medium
network,low,none,none,unchanged,high,high,low,0.4533,unproven,149,high
local,high,low,required,unchanged,low,high,high,0.0424,unproven,45,medium
network,high,high,none,changed,high,high,low,0.064,poc,256,high
network,low,high,required,unchanged,high,none,none,0.0428,unproven,73,medium
network,high,high,none,unchanged,high,none,high,0.3307,high,211,medium
network,low,none,none,unchanged,low,none,low,0.0714,unproven,191,high
network,high,low,required,changed,low,high,high,0.0209,high,124,high
network,low,low,required,changed,high,low,high,0.0349,poc,182,high
network,high,high,none,unchanged,none,low,none,0.4513,unproven,383,low
local,high,none,required,unchanged,none,high,low,0.0442,unproven,68,medium
adjacent,low,low,none,unchanged,high,none,low,0.1264,poc,389,medium
network,low,none,none,changed,high,low,none,0.0971,unproven,107,critical
network,low,none,none,unchanged,high,none,high,0.268,unproven,151,critical
network,low,none,none,unchanged,none,high,high,0.1608,unproven,385,high
network,low,low,none,unchanged,high,low,low,0.1682,unproven,280,high
adjacent,high,none,required,unchanged,high,low,low,0.1275,poc,425,medium
network,low,low,required,unchanged,high,low,high,0.1371,poc,82,high
local,low,low,none,changed,low,low,high,0.0937,poc,225,high
network,low,high,none,unchanged,low,high,high,0.0673,poc,56,medium
network,low,low,none,unchanged,low,none,low,0.2531,unproven,355,medium
adjacent,low,low,none,unchanged,none,low,low,0.1774,poc,177,medium
local,low,none,none,unchanged,none,none,low,0.0287,unproven,186,medium
local,low,none,none,unchanged,high,none,none,0.041,functional,74,medium
network,low,none,none,unchanged,low,high,low,0.0795,high,314,high
network,low,none,none,unchanged,none,low,high,0.121,poc,230,high
network,low,high,required,changed,none,none,high,0.0763,functional,408,medium
network,high,none,none,unchanged,none,high,none,0.1148,unproven,53,medium
adjacent,low,none,none,unchanged,high,none,low,0.0583,poc,56,medium
network,high,none,none,unchanged,high,none,low,0.0852,unproven,142,medium
local,high,low,required,changed,high,high,high,0.0343,poc,137,high
adjacent,high,none,none,unchanged,low,high,high,0.1232,functional,126,high
local,low,low,required,unchanged,high,low,low,0.0784,unproven,134,medium
network,low,high,required,changed,none,none,high,0.3395,poc,48,medium
adjacent,low,low,none,unchanged,high,low,none,0.2047,poc,269,medium
network,high,none,required,unchanged,none,none,low,0.1187,high,341,low
local,high,low,required,unchanged,none,high,low,0.0547,functional,232,medium
network,high,high,none,unchanged,high,low,low,0.0913,unproven,74,medium
local,low,none,none,unchanged,low,low,none,0.0904,unproven,125,medium
local,low,low,required,unchanged,low,high,low,0.1033,functional,106,medium
local,low,none,none,unchanged,high,low,high,0.0595,unproven,444,high
local,low,none,required,unchanged,high,high,high,0.0003,functional,496,high
network,low,none,required,changed,none,high,low,0.0694,poc,72,high
network,low,none,required,unchanged,high,low,none,0.0451,high,232,high
network,low,none,required,unchanged,high,none,high,0.1637,poc,125,high
local,low,none,none,unchanged,high,none,none,0.1075,functional,103,medium
network,low,none,none,changed,high,high,none,0.3425,unproven,562,critical
network,low,none,none,unchanged,low,low,high,0.0855,unproven,73,high
network,low,none,none,changed,high,high,none,0.2841,poc,302,critical
network,low,none,required,unchanged,low,low,low,0.0491,unproven,177,medium
network,low,none,required,unchanged,low,high,low,0.0492,unproven,120,high
network,high,low,none,unchanged,high,none,high,0.0651,functional,236,medium
network,low,none,none,changed,high,none,low,0.1541,unproven,365,critical
local,low,high,required,unchanged,high,low,none,0.0273,functional,16,medium
network,low,low,none,unchanged,high,low,high,0.2488,poc,259,high
network,low,none,none,unchanged,high,none,none,0.0715,functional,289,high
network,low,low,none,unchanged,low,low,none,0.0631,functional,99,medium
network,low,high,required,unchanged,high,none,low,0.1469,poc,203,medium
network,high,high,none,unchanged,low,low,high,0.1531,functional,125,medium
adjacent,high,none,required,unchanged,low,high,high,0.3577,unproven,175,medium
network,low,high,required,unchanged,low,high,none,0.1676,unproven,235,medium
network,low,none,none,changed,low,high,high,0.1045,unproven,171,critical
network,low,low,none,unchanged,low,none,low,0.0838,poc,417,medium
adjacent,low,none,required,unchanged,high,low,high,0.2187,functional,195,high
network,low,none,none,unchanged,none,high,high,0.1568,poc,344,high
local,low,high,none,unchanged,low,high,high,0.071,high,259,medium
network,low,low,none,unchanged,none,high,high,0.0596,poc,185,high
network,low,none,none,unchanged,none,low,high,0.0164,poc,281,high
local,high,low,none,unchanged,high,none,low,0.1018,unproven,81,medium
adjacent,high,none,required,unchanged,high,none,none,0.0496,unproven,209,medium
adjacent,low,low,none,unchanged,low,none,high,0.0939,unproven,173,medium
network,low,high,required,changed,low,low,high,0.2193,poc,510,high
network,high,none,none,unchanged,high,none,high,0.0504,unproven,830,high
adjacent,low,none,required,unchanged,none,high,high,0.3698,poc,436,high
adjacent,low,none,none,unchanged,high,low,low,0.012,poc,105,high
network,low,low,required,unchanged,low,high,none,0.0554,high,234,medium
local,high,low,none,unchanged,low,none,none,0.1228,functional,383,low
network,low,high,none,changed,high,low,low,0.1653,poc,125,high
network,low,none,none,unchanged,high,none,none,0.3416,unproven,366,high
local,high,none,none,changed,none,high,high,0.2401,poc,103,high
network,high,none,required,unchanged,low,high,low,0.0748,poc,542,medium
local,high,high,none,unchanged,low,low,high,0.103,unproven,146,medium
physical,low,none,none,unchanged,low,none,high,0.063,unproven,253,medium
local,low,none,none,unchanged,none,high,none,0.1838,unproven,404,medium
network,low,high,required,unchanged,low,none,high,0.0911,functional,170,medium
network,high,none,none,changed,low,low,high,0.0318,poc,281,high
local,low,none,none,unchanged,low,none,high,0.2103,functional,189,medium
network,low,none,none,unchanged,high,high,none,0.0226,unproven,512,critical
adjacent,low,low,none,changed,low,high,low,0.3501,poc,174,high
adjacent,low,low,required,unchanged,none,high,high,0.2174,unproven,143,medium
network,low,low,required,changed,high,none,low,0.1561,poc,114,high
network,low,none,none,unchanged,none,low,high,0.1565,unproven,331,high
network,low,low,none,unchanged,low,low,none,0.0957,poc,245,medium
network,low,none,none,unchanged,high,none,low,0.1343,unproven,510,high
network,low,none,none,changed,none,low,low,0.09,unproven,214,high
local,low,low,none,unchanged,low,low,high,0.0481,poc,259,medium
adjacent,high,low,none,unchanged,low,low,high,0.0862,unproven,157,medium
local,high,low,none,unchanged,high,low,high,0.0637,unproven,317,medium
network,low,low,none,changed,low,high,high,0.1698,unproven,389,high
network,low,high,none,changed,high,low,high,0.1541,unproven,202,high
network,high,high,none,unchanged,low,low,none,0.3278,functional,351,low
adjacent,low,none,none,unchanged,high,none,low,0.1866,unproven,101,high
adjacent,low,high,none,unchanged,high,none,high,0.1784,unproven,59,medium
local,low,none,none,unchanged,low,none,high,0.2679,unproven,298,medium
local,high,low,none,unchanged,high,none,none,0.2709,poc,152,medium
local,low,none,required,unchanged,high,none,low,0.0649,functional,103,medium
adjacent,high,low,required,unchanged,none,high,high,0.3248,functional,275,medium
network,low,none,none,unchanged,low,high,low,0.2618,unproven,244,high
network,high,none,none,unchanged,high,high,low,0.0419,poc,551,high
network,high,none,required,unchanged,high,low,low,0.0845,poc,156,medium
local,low,none,none,unchanged,none,low,none,0.0983,unproven,492,medium
network,low,none,none,changed,low,high,low,0.0568,functional,540,critical
adjacent,high,high,required,unchanged,high,none,low,0.1406,unproven,159,medium
adjacent,low,low,none,unchanged,low,high,none,0.0665,unproven,148,medium
network,high,none,none,unchanged,high,none,none,0.1142,unproven,339,medium
local,high,low,required,unchanged,low,low,high,0.0779,functional,296,medium
adjacent,low,low,required,unchanged,low,high,high,0.0376,poc,181,medium
adjacent,low,high,required,unchanged,low,none,high,0.0733,functional,182,medium
network,low,high,required,unchanged,none,high,low,0.11,high,656,medium
network,low,high,none,unchanged,none,high,high,0.0473,unproven,27,medium
network,low,high,required,unchanged,low,high,none,0.2008,high,200,medium
network,low,high,none,unchanged,high,none,high,0.321,unproven,165,medium
network,low,low,required,unchanged,low,none,none,0.0643,unproven,115,low
network,low,none,required,changed,low,none,high,0.1193,functional,210,high
adjacent,low,high,none,unchanged,high,none,low,0.033,unproven,548,medium
network,low,low,none,changed,low,high,low,0.0278,unproven,21,high
local,high,low,none,changed,low,high,low,0.1034,poc,361,medium
network,low,low,required,unchanged,high,none,high,0.044,unproven,626,high
network,high,none,required,unchanged,none,low,high,0.0494,unproven,278,medium
local,low,none,required,changed,low,none,low,0.1132,poc,262,medium
network,low,high,required,changed,low,none,none,0.0377,poc,265,low
network,low,none,none,unchanged,none,high,low,0.1934,high,221,high
local,low,low,none,unchanged,low,low,none,0.1783,poc,250,medium
network,high,none,required,changed,low,high,high,0.0089,unproven,114,high
network,low,high,required,unchanged,low,high,high,0.031,functional,141,medium
network,low,high,none,changed,none,high,none,0.3149,poc,163,medium
adjacent,low,high,none,changed,high,none,none,0.0554,poc,409,medium
network,low,none,none,changed,low,high,high,0.2499,functional,713,critical
adjacent,low,none,required,unchanged,high,high,high,0.2302,high,195,high
local,low,high,required,unchanged,low,none,none,0.0134,functional,144,low
network,low,low,required,unchanged,high,low,none,0.1423,unproven,775,medium
network,low,none,none,unchanged,none,high,high,0.0407,unproven,366,high
local,low,none,required,unchanged,low,none,none,0.0456,unproven,104,low
network,low,low,none,changed,low,none,none,0.0633,unproven,319,medium
local,high,low,required,unchanged,none,high,high,0.1609,poc,391,medium
network,high,none,none,unchanged,high,low,high,0.1348,unproven,99,high
network,low,none,required,changed,low,none,high,0.112,poc,158,high
physical,high,none,none,unchanged,high,low,low,0.1311,unproven,678,medium
network,low,high,none,unchanged,low,high,none,0.2843,unproven,66,medium
network,low,none,required,unchanged,low,high,none,0.1379,unproven,508,medium
network,low,high,required,changed,high,high,high,0.152,unproven,240,high
network,low,none,none,unchanged,low,none,low,0.0308,poc,112,medium
local,low,high,required,unchanged,high,low,high,0.071,unproven,102,medium
local,high,none,none,unchanged,low,low,high,0.0137,poc,374,medium
physical,low,high,none,unchanged,none,high,none,0.049,poc,159,low
adjacent,low,none,required,unchanged,none,low,high,0.158,functional,185,medium
local,low,low,none,changed,none,none,high,0.0057,poc,242,medium
network,low,high,none,changed,low,none,none,0.1451,unproven,332,low
local,low,none,none,unchanged,high,low,high,0.1324,unproven,316,high
network,low,high,none,unchanged,low,none,high,0.2673,poc,162,medium
network,high,high,required,unchanged,none,high,none,0.0298,unproven,226,medium
network,low,high,none,unchanged,low,high,high,0.1198,unproven,263,medium
local,low,low,required,changed,low,low,none,0.0325,unproven,293,medium
local,low,none,none,unchanged,none,none,low,0.2097,functional,27,low
local,low,high,none,unchanged,low,high,high,0.0319,poc,514,medium
network,low,high,required,unchanged,low,high,low,0.1336,poc,170,medium
local,low,low,none,changed,low,high,high,0.072,unproven,142,high
local,low,none,none,unchanged,high,none,low,0.1291,poc,45,medium
network,low,none,required,unchanged,high,high,low,0.3484,unproven,197,high
network,low,none,none,unchanged,high,high,high,0.1129,poc,270,critical
local,high,none,none,unchanged,high,low,high,0.028,functional,317,medium
network,high,none,none,unchanged,low,none,high,0.0773,poc,177,medium
adjacent,low,high,none,unchanged,low,low,low,0.0235,poc,176,medium
network,low,none,none,changed,high,low,high,0.1423,poc,314,critical
physical,high,none,required,unchanged,high,none,high,0.1653,poc,110,medium
adjacent,low,low,none,unchanged,low,none,none,0.1334,high,119,low
adjacent,high,low,required,changed,low,none,low,0.0809,poc,57,low
adjacent,low,high,required,unchanged,none,high,none,0.0363,poc,557,medium
network,low,low,none,changed,none,low,none,0.1623,unproven,213,medium
local,low,none,none,changed,low,none,low,0.1735,poc,233,medium
network,low,low,none,unchanged,none,none,high,0.0597,poc,78,medium
local,low,none,none,changed,none,high,low,0.2282,unproven,327,high
network,high,none,required,unchanged,none,none,none,0.0406,unproven,196,low
network,low,none,none,unchanged,low,low,none,0.1042,poc,216,medium
local,low,low,required,unchanged,none,none,high,0.1071,high,253,medium
local,low,high,none,unchanged,low,high,high,0.0106,functional,365,medium
local,high,none,required,unchanged,none,high,none,0.0249,high,281,medium
adjacent,low,low,none,changed,low,none,high,0.0745,poc,349,high
network,low,none,none,unchanged,none,low,low,0.0152,unproven,296,medium
network,low,none,required,unchanged,high,low,high,0.1136,unproven,158,high
network,low,high,none,unchanged,none,low,high,0.037,unproven,59,medium
network,low,high,none,unchanged,none,none,none,0.0429,high,318,low
network,low,none,none,changed,high,none,high,0.1008,unproven,584,critical
network,high,high,required,unchanged,low,low,high,0.1057,functional,255,medium
physical,low,high,none,unchanged,none,low,none,0.0496,unproven,208,low
adjacent,low,low,required,unchanged,none,low,none,0.142,unproven,81,low
network,low,none,required,unchanged,none,low,none,0.4436,unproven,284,medium
network,high,none,required,changed,none,low,low,0.1607,unproven,127,medium
network,low,high,none,unchanged,low,low,high,0.0198,unproven,188,medium
network,low,high,none,changed,none,high,high,0.1293,unproven,91,high
network,high,none,none,unchanged,none,none,none,0.0419,unproven,446,low
network,high,low,none,unchanged,high,low,high,0.113,functional,138,high
local,low,low,none,changed,high,none,high,0.2054,unproven,121,high
network,low,none,none,unchanged,high,high,none,0.0597,functional,175,critical
network,low,low,none,unchanged,high,none,high,0.1655,unproven,520,high
local,low,low,none,changed,none,none,high,0.0242,unproven,200,medium
adjacent,low,none,required,unchanged,high,high,none,0.0253,poc,210,high
network,low,none,none,unchanged,none,high,none,0.2028,functional,206,high
network,low,low,required,unchanged,high,high,low,0.1029,functional,114,high
network,low,none,none,unchanged,low,none,high,0.1728,unproven,331,high
network,low,none,none,unchanged,high,high,high,0.1766,unproven,237,critical
local,low,high,none,unchanged,high,none,low,0.0351,functional,255,medium
adjacent,low,none,none,changed,none,none,low,0.0482,functional,86,low
network,low,high,none,unchanged,low,none,high,0.0427,unproven,82,medium
physical,high,none,none,unchanged,high,none,high,0.2835,poc,44,medium
local,high,none,none,changed,high,low,low,0.0523,poc,183,high
local,low,high,none,unchanged,low,none,high,0.0462,functional,120,medium
adjacent,low,low,required,unchanged,none,high,high,0.3019,unproven,98,medium
network,high,none,required,unchanged,high,low,none,0.0491,poc,95,medium
local,low,low,none,unchanged,low,high,low,0.0282,unproven,481,medium
local,high,high,required,unchanged,low,low,low,0.0075,unproven,174,low
local,low,none,none,changed,none,high,none,0.0974,poc,168,medium
network,high,low,required,unchanged,none,none,none,0.0445,poc,116,low
network,low,none,none,unchanged,low,none,none,0.0405,unproven,300,medium
local,low,none,required,unchanged,low,high,high,0.0554,poc,54,high
physical,low,none,none,changed,high,low,low,0.0508,functional,461,high
network,low,none,none,unchanged,high,low,high,0.2709,unproven,90,critical
network,low,none,required,unchanged,low,high,none,0.0189,functional,120,high
network,low,none,required,unchanged,none,low,high,0.146,poc,227,high
network,low,low,none,unchanged,none,high,low,0.0441,unproven,229,high
adjacent,low,low,none,unchanged,high,low,none,0.1376,functional,317,medium
network,low,high,none,unchanged,none,none,low,0.0196,poc,297,low
network,low,low,none,changed,high,high,none,0.2146,unproven,360,critical
physical,high,low,required,unchanged,high,none,none,0.1093,poc,129,low
network,low,low,none,changed,high,low,low,0.0347,unproven,103,high
local,low,low,none,changed,none,low,none,0.0487,poc,286,medium
local,low,none,required,changed,low,low,high,0.1346,unproven,352,high
network,low,none,none,unchanged,low,none,none,0.12,high,187,medium
network,low,none,none,unchanged,high,high,none,0.1201,high,234,critical
network,high,none,none,changed,high,low,high,0.0153,poc,283,high
adjacent,low,high,none,unchanged,high,low,high,0.0509,unproven,157,medium
network,low,none,none,unchanged,low,high,none,0.2885,unproven,87,high
network,high,low,required,unchanged,low,high,none,0.1835,poc,19,medium
network,high,none,none,unchanged,low,none,low,0.2825,unproven,143,medium
adjacent,low,none,none,unchanged,high,low,low,0.1483,poc,262,high
adjacent,low,high,required,unchanged,none,none,low,0.0048,poc,433,low
local,low,low,none,unchanged,high,high,high,0.0495,unproven,109,high
network,low,low,none,unchanged,low,none,low,0.1605,poc,148,medium
local,high,high,none,unchanged,high,high,none,0.1017,unproven,84,medium
network,high,none,none,unchanged,low,high,low,0.0367,unproven,82,high
adjacent,low,none,required,unchanged,high,low,none,0.0382,unproven,183,medium
network,high,none,required,changed,high,low,high,0.1227,functional,290,high
local,high,none,required,unchanged,none,high,high,0.1392,functional,126,medium
local,low,high,none,unchanged,none,low,none,0.2182,poc,84,low
local,high,high,required,unchanged,low,high,low,0.0009,poc,161,medium
network,high,none,none,changed,none,low,high,0.0623,functional,118,medium
network,low,low,none,unchanged,none,none,none,0.0189,unproven,343,low
adjacent,low,low,none,unchanged,low,low,high,0.1006,high,25,medium
network,low,none,required,changed,low,high,low,0.1428,functional,308,high
local,high,low,none,changed,none,low,high,0.0297,high,170,medium
adjacent,low,low,none,unchanged,low,low,none,0.0308,unproven,246,medium
adjacent,low,none,none,unchanged,low,low,high,0.15,poc,24,high
network,low,low,required,unchanged,low,low,low,0.0332,high,177,medium
network,low,low,required,unchanged,high,high,low,0.1372,functional,222,high
network,high,low,none,unchanged,none,none,low,0.1135,unproven,370,low
local,low,low,required,unchanged,low,low,none,0.0504,poc,594,low
local,low,high,required,changed,low,low,high,0.0513,unproven,150,medium
network,low,none,required,unchanged,low,high,none,0.0525,poc,219,medium
network,low,none,none,unchanged,high,low,none,0.1717,poc,361,high
network,low,low,none,changed,high,low,high,0.1362,functional,253,critical
adjacent,low,low,required,unchanged,none,low,none,0.1833,unproven,411,low
network,low,high,none,unchanged,high,low,none,0.0546,unproven,334,medium
network,low,low,required,changed,none,high,low,0.0749,poc,32,high
adjacent,low,none,none,unchanged,low,low,high,0.1218,poc,19,high
network,low,none,none,changed,low,none,none,0.1612,poc,319,medium
network,low,none,required,unchanged,low,high,none,0.2606,unproven,135,medium
network,low,none,required,changed,low,high,high,0.0928,poc,57,critical
network,low,high,required,unchanged,low,none,high,0.231,unproven,153,medium
network,low,low,required,unchanged,none,low,none,0.0869,high,71,medium
network,low,none,required,changed,none,high,high,0.1388,unproven,74,critical
network,high,low,required,unchanged,high,none,none,0.2557,unproven,223,medium
local,low,none,required,changed,low,low,low,0.3791,functional,211,medium
adjacent,low,low,required,unchanged,high,none,high,0.0122,unproven,436,medium
local,low,high,required,unchanged,none,none,high,0.0139,unproven,73,medium
adjacent,low,none,none,changed,high,low,low,0.0345,functional,197,critical
network,low,low,required,unchanged,none,high,none,0.0474,poc,471,medium
network,low,high,none,changed,high,low,low,0.0117,unproven,183,medium
adjacent,low,low,required,unchanged,high,none,high,0.0833,high,413,medium
local,low,low,none,unchanged,low,low,low,0.3022,unproven,84,medium
network,high,low,none,unchanged,low,none,high,0.0818,poc,519,medium
local,high,high,required,unchanged,none,low,high,0.0433,poc,34,medium
network,low,none,required,unchanged,none,low,none,0.2459,unproven,86,medium
network,low,none,required,unchanged,none,low,low,0.0588,poc,289,medium
network,low,low,required,unchanged,high,low,low,0.0094,poc,165,medium
network,low,low,none,unchanged,low,none,low,0.1615,unproven,250,medium
local,high,low,none,changed,low,high,high,0.3301,functional,305,high
physical,low,low,none,unchanged,high,low,high,0.1103,poc,164,medium
network,low,none,none,changed,low,high,none,0.2353,poc,74,critical
network,low,low,none,unchanged,high,low,low,0.1311,functional,75,medium
local,low,none,required,unchanged,none,high,high,0.0683,unproven,37,high
network,low,low,none,unchanged,low,none,none,0.0773,unproven,456,low
physical,low,none,none,unchanged,high,none,none,0.0661,high,82,medium
network,low,none,none,unchanged,low,low,high,0.1711,poc,170,high
network,low,none,none,unchanged,none,none,none,0.0844,poc,237,low
physical,low,high,none,changed,high,none,none,0.0504,poc,214,medium
local,low,low,none,changed,none,none,low,0.048,unproven,226,low
adjacent,low,low,none,unchanged,none,high,high,0.0898,high,578,high
network,high,high,none,unchanged,high,low,high,0.0565,unproven,648,medium
adjacent,low,none,required,unchanged,low,high,low,0.0998,unproven,115,medium
network,low,none,none,unchanged,high,none,none,0.0174,functional,417,high
network,high,none,none,changed,low,none,low,0.159,unproven,268,medium
local,low,low,none,unchanged,low,low,high,0.0266,poc,246,medium
network,low,high,required,unchanged,high,high,none,0.116,poc,112,medium
network,low,none,none,unchanged,low,low,none,0.1229,functional,377,medium
network,low,none,none,unchanged,low,low,none,0.1261,high,243,high
local,low,none,required,changed,high,high,high,0.0084,unproven,186,critical
local,low,low,none,unchanged,high,high,high,0.0737,unproven,446,high
local,high,none,required,unchanged,low,low,none,0.1369,functional,60,low
network,low,low,none,unchanged,none,low,high,0.1253,unproven,341,high
local,low,low,none,unchanged,high,high,high,0.0282,unproven,245,high
network,high,high,none,unchanged,none,none,none,0.1015,unproven,96,low
network,high,high,none,unchanged,high,high,low,0.1211,unproven,105,medium
local,low,none,required,unchanged,low,high,high,0.0677,unproven,99,high
network,high,low,required,unchanged,high,high,none,0.1854,poc,329,medium
network,low,low,none,unchanged,none,none,none,0.0629,functional,96,low
network,high,high,none,unchanged,high,high,high,0.0527,high,239,medium
local,low,none,none,changed,high,low,low,0.0648,functional,255,high
network,high,none,required,unchanged,low,low,low,0.0433,poc,93,medium
network,high,high,none,unchanged,high,high,none,0.1463,high,101,medium
adjacent,high,low,required,unchanged,high,high,none,0.1064,unproven,219,medium
network,low,none,required,unchanged,low,low,high,0.1526,poc,59,high
network,low,none,required,unchanged,high,none,high,0.0526,functional,322,high
network,high,none,none,changed,low,low,high,0.0485,functional,99,high
local,high,low,required,unchanged,low,high,low,0.135,unproven,398,medium
network,high,low,none,changed,none,high,none,0.251,functional,387,medium
network,high,none,required,unchanged,high,none,high,0.0563,unproven,531,medium
local,high,none,required,changed,high,none,none,0.0348,unproven,92,medium
network,low,low,none,unchanged,low,low,high,0.0453,poc,94,high
network,low,low,none,changed,high,low,high,0.0616,poc,149,critical
network,low,low,none,changed,high,high,high,0.0329,functional,604,critical
local,low,low,none,changed,none,low,low,0.1739,unproven,132,medium
network,low,high,required,unchanged,high,high,none,0.1364,high,301,medium
local,high,none,required,unchanged,low,none,none,0.0671,unproven,547,low
local,low,none,required,unchanged,high,none,high,0.2021,unproven,351,high
local,low,low,required,unchanged,none,high,high,0.0415,unproven,182,medium
adjacent,high,high,none,unchanged,high,low,high,0.1531,unproven,8,medium
adjacent,high,low,required,changed,none,none,high,0.0848,functional,232,medium
local,low,none,none,unchanged,high,low,high,0.191,poc,807,high
network,low,low,required,unchanged,high,low,low,0.2639,high,414,medium
local,low,none,none,changed,low,high,low,0.2713,functional,521,critical
local,low,none,none,unchanged,high,high,none,0.1345,unproven,273,high
network,low,none,none,unchanged,none,high,high,0.1153,unproven,352,critical
adjacent,low,none,none,unchanged,low,none,high,0.1982,unproven,154,high
local,low,low,required,unchanged,low,low,high,0.1672,poc,41,medium
physical,low,none,none,unchanged,high,high,high,0.0551,poc,27,medium
local,low,high,none,unchanged,high,high,high,0.1385,unproven,39,medium
adjacent,low,none,none,unchanged,high,none,high,0.1082,poc,146,high
network,high,none,none,unchanged,high,none,high,0.058,functional,62,high
network,low,high,required,changed,low,low,high,0.1665,functional,92,medium
network,low,none,required,changed,high,high,high,0.0069,poc,219,critical
network,high,none,required,unchanged,high,low,high,0.0561,unproven,545,high
network,low,none,required,changed,low,none,high,0.1094,high,55,high
network,low,none,none,unchanged,low,high,none,0.0508,unproven,575,high
physical,high,none,none,unchanged,low,high,none,0.1704,unproven,534,medium
network,low,low,none,changed,none,low,high,0.1204,unproven,467,high
network,low,low,none,changed,high,low,none,0.0283,poc,457,high
local,low,high,none,unchanged,low,low,high,0.2673,functional,151,medium
network,low,low,required,changed,high,low,none,0.0089,poc,161,medium
network,high,low,none,changed,low,high,high,0.1057,poc,262,high
physical,high,none,none,unchanged,high,high,none,0.1679,unproven,194,medium
network,low,none,none,unchanged,low,high,high,0.0327,poc,132,critical
local,low,none,required,unchanged,high,none,low,0.0559,unproven,68,medium
network,low,none,required,unchanged,low,none,none,0.0755,high,223,low
adjacent,low,low,required,changed,none,high,high,0.0474,unproven,297,high
adjacent,high,none,none,unchanged,high,high,high,0.154,poc,267,high
network,low,high,none,unchanged,none,high,low,0.0733,unproven,354,medium
network,low,high,none,unchanged,low,low,high,0.1769,unproven,69,medium
network,low,high,none,changed,low,low,high,0.0296,poc,362,high
local,low,none,required,unchanged,high,low,low,0.1164,functional,309,medium
network,low,low,none,unchanged,low,high,low,0.0643,functional,222,high
adjacent,low,high,none,changed,high,none,high,0.1063,functional,225,medium
adjacent,low,none,required,changed,low,high,none,0.0805,functional,201,high
network,low,none,none,unchanged,high,low,high,0.0877,unproven,150,critical
network,high,none,required,changed,high,high,high,0.0406,unproven,174,high
network,high,none,none,changed,low,low,none,0.0238,functional,347,medium
local,low,low,none,unchanged,low,high,high,0.2329,poc,414,high
local,high,none,none,changed,high,none,low,0.0654,poc,84,medium
local,low,high,none,changed,low,high,low,0.0253,unproven,248,medium
adjacent,low,low,none,unchanged,high,low,low,0.135,poc,746,medium
adjacent,low,none,none,unchanged,high,high,high,0.0525,unproven,101,critical
adjacent,low,none,none,unchanged,low,none,high,0.1336,poc,176,high
network,low,none,required,unchanged,low,high,high,0.0105,poc,46,high
network,high,none,required,changed,low,high,high,0.039,unproven,375,high
local,high,low,required,changed,high,low,high,0.0528,unproven,103,high
local,low,none,none,unchanged,none,high,none,0.229,functional,434,medium
network,low,none,none,unchanged,high,none,none,0.0942,functional,56,high
network,low,low,none,unchanged,high,low,low,0.0622,unproven,266,high
adjacent,low,none,required,changed,none,none,low,0.2279,unproven,293,low
network,low,low,required,unchanged,none,high,none,0.0437,poc,266,medium
network,high,none,none,changed,low,none,high,0.1692,poc,179,medium
network,low,none,required,unchanged,high,high,none,0.1293,unproven,352,high
network,low,low,none,unchanged,low,high,high,0.082,unproven,139,high
network,low,none,none,changed,none,high,none,0.2638,poc,115,high
network,high,high,none,unchanged,low,high,high,0.0793,poc,589,medium
network,low,none,none,unchanged,low,low,high,0.1996,poc,229,high
network,low,none,required,changed,high,high,high,0.0588,unproven,197,critical
network,low,none,required,changed,low,high,none,0.0427,high,321,high
network,low,none,required,unchanged,low,high,high,0.03,unproven,60,high
network,high,none,none,unchanged,none,low,low,0.0027,poc,58,medium
adjacent,low,none,none,unchanged,none,high,low,0.2276,functional,141,high
local,low,high,none,changed,low,high,none,0.0487,functional,265,medium
local,high,low,none,changed,high,none,low,0.0984,poc,435,medium
network,high,low,none,changed,none,none,low,0.1328,unproven,490,low
physical,high,none,required,unchanged,low,none,none,0.013,unproven,419,low
physical,high,low,none,unchanged,none,high,low,0.1026,poc,406,medium
network,low,low,required,unchanged,low,low,none,0.1343,unproven,644,medium
adjacent,low,low,none,unchanged,none,high,none,0.1032,unproven,210,medium
adjacent,high,low,none,unchanged,high,low,low,0.2557,poc,219,medium
network,high,low,required,unchanged,low,none,none,0.1414,unproven,55,low
local,low,low,none,unchanged,none,none,high,0.0182,unproven,871,medium
network,low,high,required,unchanged,low,low,high,0.2169,functional,150,medium
network,low,none,none,unchanged,low,high,high,0.1159,unproven,128,critical
network,low,none,none,unchanged,none,none,high,0.0513,functional,219,high
network,low,low,none,changed,low,high,high,0.1099,unproven,789,critical
network,low,low,required,changed,low,none,low,0.1665,poc,65,medium
network,low,low,required,changed,low,high,none,0.0595,unproven,154,medium
network,low,high,none,unchanged,high,high,none,0.1205,functional,31,medium
adjacent,high,low,none,changed,high,low,low,0.1477,unproven,227,medium
local,low,high,required,unchanged,none,high,none,0.0853,unproven,72,medium
network,low,none,none,unchanged,low,high,none,0.2167,high,64,high
network,low,none,none,changed,high,high,low,0.0948,unproven,191,critical
network,low,none,required,unchanged,none,high,low,0.236,functional,63,medium
physical,low,none,required,unchanged,low,low,none,0.0371,unproven,468,low
local,low,none,none,unchanged,high,low,low,0.0182,poc,21,medium
network,low,high,required,unchanged,low,high,low,0.0306,high,274,medium
local,low,none,none,unchanged,low,none,high,0.0227,unproven,401,medium
network,low,none,none,unchanged,low,low,high,0.0999,unproven,394,high
adjacent,low,high,required,changed,low,high,high,0.1971,high,123,high
network,low,high,none,changed,none,low,high,0.1745,poc,673,medium
adjacent,low,none,required,changed,none,none,low,0.1918,functional,41,low
network,low,high,none,unchanged,high,low,high,0.0336,unproven,162,medium
network,high,none,none,unchanged,none,high,none,0.1099,unproven,256,medium
physical,low,none,none,unchanged,high,low,high,0.1723,high,121,medium
network,high,none,none,unchanged,none,none,high,0.0423,unproven,224,medium
physical,low,low,required,unchanged,high,high,high,0.1144,unproven,1088,medium
network,low,high,required,unchanged,high,high,low,0.0153,poc,260,medium
adjacent,low,none,required,unchanged,high,low,none,0.2386,unproven,254,medium
adjacent,low,none,required,unchanged,none,low,none,0.1557,functional,401,low
local,low,none,none,changed,none,none,none,0.0304,poc,58,low
network,high,none,required,unchanged,low,low,none,0.0571,unproven,180,medium
adjacent,low,none,required,changed,none,none,high,0.1426,poc,69,medium
network,low,high,required,unchanged,low,high,none,0.0036,poc,70,medium
local,low,low,required,unchanged,high,high,high,0.2737,poc,53,medium
network,high,low,none,unchanged,high,low,low,0.0892,high,251,high
network,low,high,required,unchanged,high,high,none,0.0222,unproven,222,medium
network,high,low,none,changed,high,none,high,0.2163,poc,125,high
network,low,none,none,unchanged,none,low,high,0.1953,functional,104,high
adjacent,high,none,none,unchanged,low,none,none,0.1292,poc,172,low
network,low,low,none,unchanged,low,low,none,0.0502,unproven,642,medium
network,high,none,required,unchanged,high,none,low,0.0934,functional,592,medium
local,low,none,none,unchanged,none,high,high,0.131,unproven,435,high
local,low,none,required,changed,high,none,high,0.1277,unproven,1008,high
physical,high,low,none,changed,high,low,low,0.018,unproven,214,medium
local,low,none,required,changed,low,high,none,0.0593,poc,725,high
network,high,none,none,changed,low,none,low,0.0651,functional,187,medium
network,low,none,none,changed,low,low,high,0.0395,poc,71,critical
network,low,low,none,changed,none,low,none,0.0429,unproven,112,medium
network,low,high,none,unchanged,low,low,low,0.2245,poc,229,medium
adjacent,high,none,none,unchanged,none,high,none,0.1411,unproven,354,medium
network,low,low,required,unchanged,low,low,high,0.261,unproven,104,high
adjacent,low,none,required,unchanged,low,none,none,0.0538,unproven,321,low
network,high,low,required,unchanged,low,none,low,0.0035,unproven,375,low
network,low,low,required,unchanged,high,none,high,0.0819,unproven,76,high
local,low,low,none,unchanged,low,high,high,0.1159,poc,296,high
network,high,none,none,unchanged,low,none,none,0.1498,unproven,127,low
network,low,high,required,unchanged,high,high,none,0.0023,unproven,128,medium
network,low,low,required,unchanged,low,none,high,0.0898,poc,316,medium
network,low,high,none,unchanged,none,high,low,0.1406,unproven,141,medium
network,high,high,none,unchanged,low,none,none,0.0381,unproven,322,low
adjacent,low,high,required,unchanged,high,low,low,0.1148,unproven,259,medium
network,low,high,none,unchanged,none,low,high,0.2455,unproven,102,medium
network,high,none,none,unchanged,low,none,none,0.1011,poc,360,low
network,high,low,none,unchanged,high,high,high,0.0243,unproven,267,high
network,low,high,none,unchanged,low,low,none,0.196,poc,275,medium
local,high,low,required,changed,low,low,low,0.1878,functional,168,medium
network,high,low,required,changed,high,high,low,0.0287,poc,100,high
adjacent,low,high,none,unchanged,none,none,low,0.09,poc,65,low
network,high,high,none,unchanged,low,none,high,0.0769,unproven,252,low
local,low,none,required,unchanged,low,none,none,0.029,unproven,271,low
network,low,none,none,changed,low,none,high,0.2726,poc,306,critical
network,low,none,none,unchanged,low,low,high,0.1425,unproven,109,high
local,low,none,none,changed,low,low,low,0.0231,poc,181,medium
network,low,none,none,unchanged,high,low,high,0.0824,functional,168,critical
network,high,low,required,unchanged,none,low,low,0.1707,unproven,606,low
physical,low,low,none,unchanged,low,none,high,0.143,unproven,308,medium
network,high,low,none,unchanged,low,low,none,0.0423,unproven,298,medium
network,high,low,none,unchanged,high,low,high,0.0469,unproven,398,high
network,high,low,none,changed,low,low,none,0.085,poc,169,medium
adjacent,high,high,required,changed,none,none,low,0.1013,unproven,279,low
adjacent,high,none,required,unchanged,high,high,high,0.1561,unproven,851,medium
physical,low,high,none,unchanged,none,low,high,0.1227,poc,91,medium
network,low,low,required,unchanged,high,none,none,0.1352,unproven,114,medium
physical,high,high,none,unchanged,low,none,low,0.0243,unproven,297,low
network,low,none,required,unchanged,none,low,high,0.1304,poc,515,high
network,low,none,required,changed,low,low,none,0.1409,unproven,43,medium
network,high,low,none,changed,low,high,none,0.0589,unproven,407,medium
network,low,low,required,unchanged,low,low,high,0.0728,functional,165,medium
network,low,none,none,unchanged,high,high,high,0.1319,poc,361,critical
adjacent,low,low,required,changed,high,high,high,0.0359,functional,244,high
network,low,none,none,changed,low,none,none,0.1667,unproven,316,medium
network,low,none,none,unchanged,none,low,none,0.072,unproven,159,medium
network,low,none,none,changed,low,none,high,0.0768,poc,209,critical
network,low,low,none,unchanged,high,none,none,0.0835,unproven,349,medium
network,low,high,none,unchanged,high,low,high,0.4327,poc,295,medium
network,low,low,required,unchanged,low,high,high,0.0599,poc,818,high
network,high,low,none,unchanged,low,low,low,0.1057,high,169,medium
network,low,low,none,unchanged,low,high,none,0.0188,unproven,22,medium
network,low,none,none,unchanged,high,high,high,0.1401,unproven,616,critical
local,low,none,none,changed,none,low,none,0.0776,unproven,486,low
adjacent,low,none,none,changed,none,none,high,0.0927,unproven,54,high
network,high,low,none,unchanged,high,low,high,0.0281,functional,45,medium
adjacent,low,high,required,unchanged,high,high,low,0.0706,poc,81,medium
network,low,low,none,unchanged,high,none,none,0.0251,unproven,778,medium
network,low,high,none,unchanged,low,low,none,0.316,poc,154,low
network,low,low,none,unchanged,high,none,none,0.1227,functional,70,medium
network,low,low,required,unchanged,none,high,high,0.0841,poc,121,high
local,high,low,none,unchanged,none,high,none,0.128,functional,213,low
network,low,none,none,changed,low,none,high,0.155,poc,133,critical
network,low,low,required,changed,none,low,high,0.0044,unproven,54,high
physical,low,high,required,unchanged,none,high,low,0.4211,unproven,370,medium
adjacent,high,low,none,unchanged,high,high,none,0.0982,high,448,medium
network,low,low,none,unchanged,none,low,high,0.1438,functional,391,high
network,low,low,none,changed,low,high,none,0.0717,poc,90,high
local,low,none,none,unchanged,low,low,high,0.3353,functional,141,medium
local,high,low,none,unchanged,low,none,high,0.1369,unproven,43,medium
network,low,low,required,unchanged,high,none,none,0.1135,functional,110,medium
network,low,low,required,unchanged,low,low,none,0.0187,poc,48,medium
local,low,low,required,unchanged,high,none,low,0.1126,poc,154,medium
local,low,low,required,changed,high,none,none,0.0329,high,54,medium
local,low,none,none,changed,low,low,none,0.2897,functional,271,medium
local,low,none,required,unchanged,none,low,low,0.1928,poc,110,medium
local,low,none,required,unchanged,low,high,high,0.2194,high,172,medium
network,high,low,none,unchanged,low,high,high,0.0781,unproven,310,medium
network,low,none,none,unchanged,high,high,none,0.1154,unproven,533,critical
network,low,low,required,unchanged,high,none,high,0.1242,unproven,117,high
local,low,low,required,unchanged,none,low,none,0.0914,unproven,124,low
local,low,none,none,changed,low,none,low,0.047,functional,424,medium
physical,low,low,none,unchanged,high,high,none,0.5011,functional,250,medium
network,low,none,required,changed,none,low,none,0.0795,functional,212,medium
local,low,high,required,changed,high,none,none,0.1081,unproven,184,medium
physical,high,none,none,unchanged,high,none,low,0.3282,poc,370,medium
network,high,none,none,unchanged,high,none,high,0.1278,unproven,204,medium
local,low,none,none,changed,none,none,low,0.0493,functional,375,medium
local,high,none,required,unchanged,low,none,low,0.2475,functional,66,low
network,high,none,none,unchanged,none,low,high,0.0144,poc,387,medium
local,high,none,none,unchanged,high,none,none,0.0813,unproven,296,medium
network,high,high,none,unchanged,low,none,high,0.0673,unproven,1090,medium
network,high,low,none,unchanged,high,high,none,0.0134,unproven,491,high
network,high,low,none,changed,high,low,low,0.1208,poc,192,high
local,high,high,none,unchanged,low,high,none,0.1234,functional,88,medium
network,low,none,required,unchanged,high,high,low,0.0977,unproven,37,high
network,low,low,none,unchanged,high,none,low,0.303,high,641,high
network,low,low,none,unchanged,none,high,low,0.1121,high,31,high
adjacent,high,high,none,changed,low,high,none,0.0842,functional,192,medium
network,low,low,none,unchanged,low,high,high,0.0896,functional,50,high
network,low,none,required,changed,low,high,none,0.2482,poc,132,high
local,low,high,none,changed,low,high,low,0.2785,unproven,77,medium
local,high,none,required,unchanged,low,none,high,0.0512,poc,468,medium
network,low,low,required,changed,low,none,low,0.2654,poc,81,medium
network,low,none,required,changed,low,none,high,0.077,poc,72,high
network,low,low,none,unchanged,high,high,none,0.0956,unproven,485,high
network,high,high,required,changed,high,low,none,0.0772,poc,278,medium
physical,low,low,none,unchanged,high,none,low,0.0625,functional,731,medium
local,low,low,none,unchanged,high,low,low,0.0721,functional,305,medium
network,low,none,none,unchanged,none,low,low,0.1697,functional,89,medium
network,low,low,required,unchanged,none,high,none,0.0195,unproven,149,medium
network,high,high,required,unchanged,high,none,high,0.0056,high,372,medium
network,low,none,none,changed,high,high,low,0.0592,unproven,232,critical
adjacent,low,high,required,changed,high,high,none,0.0214,unproven,315,high
network,low,none,none,changed,low,high,none,0.2047,functional,22,high
network,low,low,required,unchanged,high,low,none,0.0668,functional,84,medium
network,high,low,required,changed,low,low,high,0.0972,unproven,162,high
local,low,none,none,changed,high,none,none,0.0543,unproven,243,medium
network,low,low,required,unchanged,high,none,low,0.0587,unproven,746,medium
adjacent,low,none,none,unchanged,high,high,low,0.0891,functional,251,high
network,high,low,none,unchanged,none,none,low,0.0322,poc,165,low
network,low,low,none,unchanged,high,none,low,0.0688,functional,176,high
local,low,low,required,changed,high,low,high,0.1645,unproven,49,high
local,low,none,required,unchanged,low,low,low,0.0675,unproven,201,medium
local,low,none,none,changed,high,none,high,0.1312,unproven,254,high
network,high,none,none,unchanged,high,low,none,0.0877,functional,48,medium
network,low,none,none,unchanged,high,high,high,0.082,functional,101,critical
network,low,low,none,unchanged,low,none,none,0.148,unproven,290,medium
network,low,low,required,unchanged,high,high,none,0.0743,poc,118,high
network,low,high,none,unchanged,low,none,high,0.0034,unproven,156,medium
physical,low,none,required,unchanged,low,low,low,0.0629,unproven,68,low
network,low,none,none,changed,high,none,high,0.2511,poc,28,critical
network,low,high,none,unchanged,high,low,low,0.0517,unproven,48,medium
adjacent,low,none,none,changed,high,none,none,0.1737,unproven,219,high
adjacent,low,none,none,unchanged,low,low,low,0.2902,functional,454,medium
adjacent,low,none,none,changed,low,high,low,0.1873,high,405,high
network,high,none,none,unchanged,none,low,none,0.0929,poc,304,low
network,low,none,none,unchanged,high,low,low,0.0585,unproven,327,high
local,low,low,none,unchanged,low,high,high,0.0167,poc,157,high
local,low,low,none,unchanged,low,low,low,0.0848,unproven,222,medium
adjacent,high,high,required,unchanged,none,low,none,0.1715,unproven,102,low
local,low,high,none,unchanged,high,low,none,0.053,unproven,319,medium
network,high,none,required,changed,low,none,high,0.113,unproven,67,high
local,low,none,none,unchanged,high,high,high,0.0824,poc,59,high
physical,low,low,none,unchanged,none,high,high,0.0632,functional,242,medium
network,low,high,none,unchanged,high,high,high,0.0444,unproven,214,high
local,low,low,none,unchanged,low,none,high,0.3202,high,713,medium
local,low,high,none,unchanged,low,high,none,0.1044,poc,284,medium
network,low,none,required,unchanged,high,high,high,0.0789,high,56,high
network,low,low,required,unchanged,low,high,low,0.1448,poc,232,high
local,high,none,required,unchanged,low,none,none,0.0505,unproven,359,low
network,high,low,required,unchanged,low,none,high,0.0865,functional,218,medium
local,low,none,none,unchanged,low,high,low,0.1531,functional,613,medium
adjacent,low,low,none,unchanged,none,high,high,0.0364,unproven,73,high
physical,low,low,required,unchanged,none,none,low,0.1409,functional,143,low
physical,low,none,none,unchanged,low,low,none,0.165,functional,239,low
network,low,none,none,unchanged,high,low,high,0.0618,poc,272,critical
network,low,low,required,unchanged,high,low,high,0.1316,unproven,159,high
network,low,none,none,unchanged,low,none,low,0.0911,unproven,489,medium
local,low,high,none,unchanged,low,low,none,0.1255,functional,99,low
adjacent,high,low,none,unchanged,high,none,high,0.1107,unproven,592,medium
adjacent,high,high,none,unchanged,low,none,high,0.0696,poc,68,medium
local,low,none,none,unchanged,low,none,high,0.2102,unproven,99,high
network,low,none,none,unchanged,none,none,high,0.122,high,400,high
network,low,none,none,unchanged,high,none,high,0.1131,unproven,92,critical
network,high,none,required,unchanged,low,high,high,0.0327,functional,381,high
adjacent,low,none,none,unchanged,high,low,none,0.0302,poc,265,medium
network,low,low,none,unchanged,low,none,high,0.0094,high,54,medium
network,low,none,required,unchanged,low,high,none,0.2059,unproven,240,high
network,low,none,required,unchanged,none,high,low,0.0994,poc,153,high
network,low,none,none,unchanged,low,high,none,0.0092,unproven,155,high
network,low,none,required,unchanged,high,low,none,0.0132,high,147,high
network,low,none,none,changed,low,low,none,0.0883,high,134,high
network,low,low,none,unchanged,high,low,none,0.1342,high,260,medium
physical,high,none,required,unchanged,low,low,high,0.2256,poc,428,medium
network,low,none,required,unchanged,none,none,none,0.0748,poc,210,low
local,high,none,none,changed,none,high,none,0.2535,unproven,199,medium
adjacent,low,none,required,unchanged,high,high,high,0.0798,unproven,448,high
local,high,low,none,unchanged,high,high,low,0.182,unproven,230,medium
network,low,low,none,changed,low,low,none,0.0769,unproven,46,medium
network,low,high,none,changed,high,high,low,0.0587,unproven,149,high
adjacent,high,high,none,changed,low,none,none,0.0307,poc,140,low
local,low,none,none,changed,high,low,high,0.2198,poc,254,critical
network,low,none,none,unchanged,high,none,high,0.1053,functional,129,critical
network,low,low,none,changed,none,high,high,0.0777,poc,145,critical
network,high,low,required,unchanged,high,high,none,0.144,unproven,252,medium
physical,low,none,none,unchanged,low,high,none,0.238,poc,266,medium
local,high,none,none,unchanged,none,none,low,0.1711,unproven,28,medium
physical,high,none,none,unchanged,low,high,high,0.2977,functional,165,medium
local,low,low,required,changed,high,high,low,0.122,functional,191,high
network,low,low,required,changed,high,high,high,0.0979,unproven,42,high
local,low,none,required,unchanged,low,high,high,0.1837,functional,165,high
local,low,none,none,unchanged,high,none,high,0.0924,poc,308,high
network,low,low,none,unchanged,high,none,none,0.0812,poc,82,medium
adjacent,low,high,none,unchanged,low,low,none,0.1054,functional,494,low
physical,low,none,none,changed,low,high,low,0.0198,unproven,311,high
network,low,low,none,changed,none,high,high,0.0336,poc,407,high
network,low,low,required,changed,none,none,none,0.1132,unproven,21,low
network,low,low,required,changed,high,none,low,0.0604,unproven,316,high
network,low,none,none,unchanged,none,low,high,0.0351,unproven,285,high
network,low,none,none,changed,none,low,none,0.0883,poc,626,medium
network,low,low,required,unchanged,high,low,high,0.0285,unproven,250,high
network,high,high,none,unchanged,high,none,low,0.0526,unproven,166,medium
local,low,none,required,changed,none,low,high,0.159,unproven,220,high
network,low,high,required,unchanged,low,low,low,0.0453,unproven,499,medium
network,high,low,none,unchanged,none,high,high,0.0602,unproven,57,high
adjacent,low,low,required,unchanged,high,none,none,0.036,functional,106,medium
adjacent,low,low,required,unchanged,none,low,none,0.0746,poc,495,low
network,low,none,none,unchanged,low,high,high,0.1944,unproven,499,high
network,low,low,none,unchanged,low,low,low,0.0092,unproven,516,medium
adjacent,low,low,required,unchanged,low,low,low,0.077,poc,127,medium
network,low,high,required,unchanged,high,low,high,0.1181,unproven,132,medium
local,low,low,required,changed,none,high,high,0.1653,functional,150,high
local,low,low,required,unchanged,high,high,low,0.1287,unproven,507,medium
local,low,low,none,unchanged,high,high,low,0.1531,functional,230,high
network,high,low,none,unchanged,none,high,high,0.1855,poc,8,medium
local,low,low,none,unchanged,none,none,high,0.3969,functional,369,medium
local,low,low,none,changed,none,high,none,0.1074,poc,368,medium
network,high,none,required,unchanged,high,high,none,0.0568,functional,53,medium
network,low,none,none,unchanged,none,low,high,0.0382,unproven,474,high
network,high,none,none,unchanged,none,none,high,0.107,poc,321,medium
network,low,low,none,unchanged,none,low,none,0.0421,poc,527,medium
network,low,high,none,unchanged,high,high,high,0.0585,unproven,179,high
network,low,high,none,unchanged,low,low,high,0.1872,poc,65,medium
network,low,high,none,unchanged,high,low,high,0.0783,functional,334,medium
network,low,low,none,unchanged,high,high,low,0.0574,poc,64,high
adjacent,low,none,required,unchanged,high,none,low,0.0323,functional,69,medium
network,low,low,none,unchanged,none,low,none,0.0787,unproven,193,medium
network,low,none,none,changed,low,high,none,0.0308,poc,98,critical
local,low,none,required,unchanged,high,high,none,0.0841,unproven,74,medium
network,low,low,none,unchanged,low,high,low,0.0601,unproven,738,high
local,low,low,none,unchanged,none,low,low,0.142,poc,104,medium
adjacent,low,low,none,unchanged,low,none,low,0.026,poc,328,medium
adjacent,low,low,required,unchanged,low,high,none,0.1379,poc,41,medium
network,low,none,none,unchanged,low,high,none,0.1416,poc,173,high
network,low,low,required,unchanged,high,high,high,0.0121,high,147,high
network,low,none,required,changed,low,low,low,0.0332,unproven,177,medium
adjacent,low,low,none,unchanged,high,high,low,0.247,poc,187,high
adjacent,low,none,none,unchanged,low,high,low,0.0391,poc,438,high
physical,low,low,none,unchanged,low,high,high,0.058,poc,144,medium
network,low,none,none,unchanged,high,high,low,0.1713,unproven,7,high
physical,high,low,required,unchanged,none,high,none,0.0333,unproven,199,medium
network,low,high,required,unchanged,high,none,high,0.0905,unproven,110,medium
local,low,low,required,changed,low,none,low,0.0961,unproven,301,medium
network,low,low,none,unchanged,high,low,high,0.0907,high,196,high
network,high,none,none,unchanged,high,low,none,0.1466,functional,257,medium
network,low,none,none,unchanged,high,low,high,0.0986,poc,262,critical
network,low,high,none,unchanged,none,none,low,0.0607,unproven,293,low
local,high,none,none,unchanged,high,low,none,0.0238,unproven,397,medium
network,low,none,required,unchanged,none,high,none,0.1028,functional,147,medium
local,low,high,required,unchanged,low,high,low,0.125,poc,285,medium
local,low,low,none,changed,low,none,high,0.0573,functional,124,high
network,low,low,none,unchanged,low,high,none,0.0091,unproven,277,high
network,high,none,none,changed,low,none,low,0.1761,unproven,624,medium
network,low,none,none,unchanged,high,low,low,0.0839,unproven,209,high
adjacent,low,none,none,unchanged,low,low,high,0.2328,functional,162,high
adjacent,high,none,none,changed,none,low,low,0.0134,functional,343,low
network,low,high,none,unchanged,low,low,high,0.2532,high,228,medium
local,low,low,none,unchanged,none,none,high,0.1509,poc,908,medium
adjacent,low,low,required,unchanged,low,none,low,0.1274,unproven,189,low
network,low,low,none,unchanged,low,none,low,0.0325,unproven,36,medium
network,high,none,none,unchanged,high,high,high,0.1945,high,490,high
adjacent,low,high,required,unchanged,low,none,none,0.057,unproven,19,low
network,low,none,required,changed,high,high,none,0.1624,poc,72,critical
physical,low,none,required,changed,high,high,none,0.1797,high,241,high
network,high,low,none,unchanged,high,high,low,0.0934,unproven,304,high
adjacent,low,low,none,unchanged,low,high,low,0.0332,unproven,108,high
network,low,none,required,unchanged,low,high,low,0.1896,unproven,114,high
local,high,none,required,unchanged,high,none,none,0.0659,poc,162,medium
local,high,low,none,unchanged,low,high,none,0.3358,unproven,49,medium
network,low,none,none,unchanged,high,low,high,0.2503,poc,170,critical
network,low,none,none,unchanged,low,high,low,0.0131,unproven,428,high
local,low,low,none,unchanged,high,low,low,0.0947,unproven,150,medium
local,high,none,required,unchanged,none,none,none,0.1613,functional,82,low
adjacent,low,none,none,changed,high,none,high,0.0254,poc,498,high
network,high,none,required,unchanged,none,low,low,0.1335,poc,204,medium
local,low,low,required,unchanged,low,none,none,0.0963,unproven,63,low
adjacent,low,high,none,changed,high,high,high,0.1848,functional,169,high
local,low,low,none,unchanged,none,low,high,0.1818,functional,203,medium
local,high,none,required,unchanged,high,high,low,0.0862,poc,308,medium
local,high,none,required,unchanged,high,low,high,0.06,unproven,249,medium
network,high,none,none,changed,high,low,high,0.0338,unproven,416,high
network,high,none,none,unchanged,high,none,high,0.0239,unproven,148,high
network,high,low,required,changed,low,high,low,0.071,poc,507,medium
local,high,high,none,unchanged,high,high,low,0.0433,poc,379,medium
network,low,none,required,unchanged,none,none,high,0.1909,unproven,107,medium
adjacent,high,low,none,changed,none,high,none,0.005,poc,253,medium
local,low,none,none,unchanged,low,low,high,0.2478,unproven,337,high
network,high,none,required,unchanged,low,high,none,0.3229,unproven,149,medium
physical,low,none,none,unchanged,none,high,high,0.1756,poc,130,medium
network,low,none,none,unchanged,low,high,none,0.0309,poc,985,high
network,low,none,none,unchanged,high,low,high,0.0305,functional,102,critical
network,low,none,required,unchanged,low,high,high,0.1257,poc,186,high
local,low,low,none,changed,high,low,none,0.0552,poc,91,medium
network,low,low,none,unchanged,high,high,none,0.2766,functional,177,high
network,low,none,none,unchanged,low,high,none,0.0331,poc,100,high
network,low,high,none,unchanged,low,none,none,0.1691,poc,312,low
local,low,low,required,changed,high,low,high,0.0684,functional,185,high
adjacent,low,low,none,unchanged,none,none,low,0.0261,unproven,553,low
network,high,high,required,unchanged,high,low,none,0.2431,poc,53,medium
network,low,high,none,unchanged,none,low,high,0.0676,high,342,medium
network,high,none,none,unchanged,low,none,none,0.281,unproven,79,low
local,low,none,none,changed,low,low,low,0.0003,unproven,536,high
local,low,none,required,changed,none,none,none,0.0338,unproven,56,low
network,low,low,none,unchanged,high,high,low,0.0932,unproven,103,high
network,low,low,none,unchanged,none,high,low,0.1278,unproven,200,medium
network,low,low,required,unchanged,low,none,high,0.084,unproven,101,medium
physical,low,none,required,unchanged,high,none,high,0.1555,unproven,279,medium
network,low,none,none,unchanged,high,low,high,0.0377,functional,163,critical
local,low,low,none,unchanged,high,low,high,0.0757,unproven,66,high
adjacent,low,none,required,unchanged,none,low,low,0.318,poc,52,medium
network,high,high,required,unchanged,high,high,high,0.1111,functional,144,high
local,high,low,required,unchanged,low,high,high,0.1059,unproven,107,medium
local,low,high,none,unchanged,low,none,none,0.147,poc,454,low
network,low,low,none,unchanged,low,low,low,0.0213,unproven,109,medium
network,high,high,none,unchanged,high,high,low,0.0809,unproven,184,medium
local,high,none,required,unchanged,low,high,high,0.0227,unproven,103,medium
network,low,none,required,changed,high,low,high,0.0994,functional,127,critical
local,low,high,required,changed,none,low,high,0.1491,unproven,348,medium
adjacent,high,none,required,unchanged,low,none,high,0.098,unproven,562,medium
network,low,none,none,unchanged,low,high,high,0.1251,unproven,76,critical
network,low,high,none,changed,low,low,high,0.1753,high,56,high
local,high,none,required,unchanged,none,low,low,0.0452,unproven,87,low
network,low,high,required,unchanged,high,high,low,0.0401,unproven,177,medium
adjacent,low,high,required,unchanged,high,none,high,0.0994,unproven,65,medium
network,high,high,none,unchanged,high,high,low,0.1143,unproven,85,medium
network,high,high,required,unchanged,low,low,none,0.093,functional,232,low
local,high,none,required,unchanged,none,none,low,0.0431,unproven,425,low
local,low,low,required,unchanged,low,none,high,0.0091,unproven,71,medium
network,low,none,required,unchanged,high,high,low,0.1211,unproven,655,high
network,low,none,required,unchanged,high,low,high,0.0892,poc,102,high
local,high,low,none,unchanged,low,high,low,0.1679,unproven,355,medium
network,high,low,none,unchanged,high,low,none,0.0534,unproven,46,medium
local,high,low,none,unchanged,none,high,high,0.3258,functional,243,medium
local,low,low,required,unchanged,high,none,none,0.0942,unproven,365,medium
adjacent,high,low,required,changed,none,high,low,0.0224,functional,706,medium
network,low,none,required,unchanged,high,low,high,0.1612,high,257,high
network,high,low,none,unchanged,low,none,low,0.1988,unproven,269,low
local,low,high,required,unchanged,high,none,high,0.0849,unproven,521,medium
local,high,high,none,unchanged,high,low,low,0.3045,poc,600,medium
network,high,none,none,changed,low,low,low,0.0585,unproven,478,medium
local,low,high,none,unchanged,low,none,none,0.0729,high,172,low
network,high,low,required,unchanged,high,low,high,0.0785,poc,58,medium
network,high,high,none,unchanged,low,high,low,0.1583,poc,358,medium
network,low,low,none,unchanged,low,low,low,0.1641,high,118,medium
network,low,high,none,unchanged,none,low,none,0.0336,unproven,375,low
network,low,none,none,unchanged,low,high,low,0.2989,poc,291,high
network,low,none,required,unchanged,high,low,none,0.1292,unproven,439,medium
network,low,high,required,unchanged,none,low,none,0.0159,functional,403,low
network,low,none,none,unchanged,low,high,none,0.0697,poc,65,high
network,high,none,none,unchanged,none,low,high,0.1059,unproven,182,medium
physical,high,none,none,unchanged,none,high,high,0.2472,functional,347,medium
network,low,none,required,unchanged,low,high,none,0.0915,functional,305,high
network,low,none,required,unchanged,high,none,high,0.1201,unproven,178,high
network,high,high,required,unchanged,low,high,high,0.1746,unproven,151,medium
local,high,none,none,unchanged,high,high,high,0.1349,functional,263,medium
local,low,none,required,unchanged,low,none,none,0.065,unproven,462,low
physical,low,none,required,unchanged,high,low,high,0.0073,functional,904,medium
network,low,low,none,unchanged,high,low,none,0.0915,poc,71,high
local,high,none,none,unchanged,none,high,low,0.202,unproven,278,medium
network,low,low,required,changed,low,none,none,0.0223,high,36,low
network,low,none,required,changed,none,high,low,0.0869,functional,297,high
network,low,high,none,unchanged,high,high,high,0.0852,unproven,448,high
physical,low,low,none,unchanged,none,high,high,0.1304,functional,392,medium
local,high,low,none,unchanged,high,none,low,0.0466,unproven,524,medium
local,low,none,none,unchanged,none,low,none,0.1975,poc,247,medium
local,high,none,none,unchanged,low,low,high,0.0241,unproven,93,medium
network,low,none,none,unchanged,none,low,none,0.2271,unproven,252,medium
local,high,low,none,changed,high,high,high,0.199,functional,142,high
adjacent,low,low,required,unchanged,low,low,high,0.1192,unproven,107,medium
local,high,low,required,unchanged,low,low,high,0.1094,unproven,584,medium
network,low,low,none,changed,none,high,high,0.082,poc,92,critical
network,high,high,required,changed,none,high,high,0.1887,unproven,360,medium
network,low,none,none,unchanged,none,none,high,0.0384,unproven,589,high
local,low,low,none,unchanged,high,high,low,0.0338,unproven,124,medium
network,low,low,required,unchanged,high,low,low,0.0289,unproven,278,medium
adjacent,low,low,none,unchanged,low,low,high,0.0907,poc,583,medium
adjacent,low,none,required,changed,low,low,low,0.1103,poc,250,medium
adjacent,low,low,none,unchanged,high,high,high,0.2931,poc,403,high
network,high,high,required,unchanged,low,high,low,0.1233,high,105,medium
network,low,low,none,changed,high,high,high,0.1187,poc,134,critical
local,low,low,required,unchanged,low,high,none,0.0278,poc,272,medium
network,low,low,none,unchanged,none,high,none,0.2117,unproven,125,medium
local,low,none,none,changed,high,low,none,0.107,unproven,159,high
local,low,high,none,unchanged,high,low,high,0.1336,unproven,45,medium
local,low,low,none,changed,low,none,low,0.0807,high,147,medium
network,high,low,required,unchanged,high,high,low,0.0359,poc,169,medium
network,high,low,none,unchanged,high,high,none,0.1561,poc,185,medium
network,low,none,required,unchanged,low,high,high,0.1549,poc,93,high
physical,high,low,none,unchanged,high,low,high,0.062,poc,125,medium
network,low,high,none,unchanged,low,low,none,0.1631,functional,217,medium
adjacent,low,none,required,unchanged,none,low,none,0.0209,poc,254,low
network,low,none,none,unchanged,high,none,high,0.23,unproven,217,high
network,low,none,none,unchanged,low,high,low,0.0578,poc,364,high
adjacent,low,none,none,unchanged,none,low,high,0.1175,functional,56,high
network,low,high,required,unchanged,high,low,none,0.1076,poc,351,medium
local,high,high,none,unchanged,low,none,none,0.1649,poc,251,low
network,high,none,none,unchanged,high,low,none,0.0426,functional,194,medium
network,low,high,required,changed,none,low,none,0.0605,unproven,272,low
network,low,low,required,changed,high,high,high,0.0468,poc,539,high
local,high,none,none,unchanged,low,none,high,0.0498,unproven,22,medium
network,low,low,required,unchanged,none,low,low,0.1171,poc,100,medium
physical,high,low,none,changed,high,low,none,0.1085,high,182,medium
network,low,high,none,changed,high,high,low,0.2903,unproven,124,high
network,low,high,none,unchanged,high,none,high,0.477,poc,356,medium
network,high,low,required,unchanged,none,high,high,0.0306,unproven,87,medium
network,low,none,none,changed,low,none,low,0.2071,functional,141,high
local,low,none,required,unchanged,none,none,low,0.0746,unproven,54,low
adjacent,low,high,none,unchanged,low,high,none,0.0322,poc,536,medium
network,low,none,required,unchanged,low,low,none,0.0447,poc,230,medium
network,low,low,required,unchanged,high,high,low,0.0285,unproven,201,medium
local,low,none,required,changed,high,high,low,0.075,high,805,high
local,low,low,none,unchanged,low,high,high,0.0864,unproven,19,high
network,low,high,required,unchanged,low,high,none,0.0406,unproven,367,medium
local,low,none,none,unchanged,none,none,low,0.0352,poc,118,medium
network,high,none,none,changed,low,high,none,0.1225,poc,59,high
network,low,none,none,unchanged,high,high,low,0.1101,unproven,160,critical
local,low,none,none,unchanged,high,none,low,0.0379,unproven,102,medium
network,high,none,none,unchanged,none,high,high,0.1764,unproven,126,high
network,high,high,none,unchanged,none,high,high,0.015,unproven,188,medium
network,low,none,none,unchanged,low,none,high,0.1256,poc,203,high
network,low,low,none,unchanged,low,low,high,0.1102,high,276,high
network,low,low,none,unchanged,low,none,low,0.1028,unproven,122,medium
local,low,low,none,changed,high,low,low,0.0909,unproven,212,high
network,low,none,required,unchanged,high,low,high,0.0815,poc,49,high
network,low,high,none,changed,high,none,low,0.151,unproven,276,medium
adjacent,low,none,none,unchanged,none,low,low,0.2708,poc,92,medium
network,high,none,none,unchanged,high,high,low,0.0632,unproven,397,high
network,low,none,none,unchanged,none,high,none,0.0489,poc,157,high
local,high,none,none,unchanged,none,none,high,0.0695,unproven,557,medium
network,low,none,required,unchanged,high,high,low,0.063,unproven,134,high
network,low,low,none,unchanged,high,none,high,0.0341,unproven,252,high
network,high,low,none,unchanged,none,low,high,0.1988,unproven,149,medium
network,low,none,none,unchanged,none,low,low,0.0863,unproven,26,medium
physical,low,low,none,unchanged,none,low,high,0.0977,unproven,303,medium
network,low,high,required,changed,none,low,low,0.0271,poc,213,medium
network,low,high,required,changed,none,none,high,0.1846,functional,241,medium
network,low,low,required,changed,low,none,high,0.1699,unproven,164,medium
network,low,none,none,unchanged,none,none,high,0.061,poc,89,high
network,high,none,none,unchanged,none,none,high,0.0993,unproven,341,medium
network,low,none,none,unchanged,none,low,low,0.368,unproven,202,medium
network,low,low,none,changed,high,none,low,0.3689,unproven,257,high
network,low,low,required,changed,none,none,none,0.0694,high,233,low
network,high,none,none,changed,high,low,low,0.069,poc,211,high
network,low,low,required,changed,low,high,high,0.0129,unproven,256,critical
network,low,low,none,unchanged,high,low,high,0.0237,unproven,108,high
physical,low,none,none,changed,none,low,high,0.1587,unproven,228,medium
network,low,high,none,unchanged,high,none,none,0.055,poc,267,medium
network,low,low,required,unchanged,none,high,low,0.1604,unproven,133,medium
physical,low,low,none,changed,none,high,none,0.1937,functional,296,medium
adjacent,high,high,none,unchanged,high,none,high,0.0361,high,155,medium
network,low,none,none,unchanged,low,low,low,0.0661,unproven,195,high
network,low,high,none,unchanged,none,none,none,0.1131,functional,116,low
network,low,low,none,changed,low,high,none,0.036,unproven,368,high
network,high,low,none,unchanged,none,low,none,0.1203,unproven,111,low
network,low,none,none,unchanged,none,low,none,0.153,functional,174,medium
network,low,none,required,unchanged,high,none,none,0.0666,poc,194,medium
local,low,high,none,unchanged,low,none,none,0.1909,poc,83,low
network,high,none,required,unchanged,high,high,none,0.2327,functional,175,medium
local,low,none,none,unchanged,high,low,low,0.1364,high,275,medium
network,low,none,required,unchanged,none,low,high,0.0449,functional,569,medium
local,low,none,none,unchanged,low,high,none,0.0925,poc,366,medium
network,high,none,none,changed,high,low,high,0.264,poc,183,high
local,high,none,none,unchanged,low,low,low,0.113,unproven,85,medium
network,low,high,required,unchanged,low,low,low,0.0951,high,654,low
network,low,low,none,unchanged,high,low,none,0.1505,unproven,619,high
adjacent,high,high,none,changed,none,none,high,0.0714,unproven,291,medium
adjacent,low,low,required,unchanged,low,low,high,0.1489,unproven,102,medium
local,low,none,none,unchanged,low,high,high,0.2224,unproven,453,high
network,high,low,required,unchanged,high,none,high,0.3812,poc,228,medium
network,low,high,required,unchanged,low,high,high,0.0281,poc,111,medium
network,low,none,none,changed,low,low,low,0.1668,unproven,123,high
adjacent,low,none,none,unchanged,high,low,high,0.0606,poc,513,high
network,low,low,required,changed,high,none,low,0.0822,poc,146,high
network,low,none,required,unchanged,low,high,high,0.213,poc,162,high
network,high,none,none,unchanged,high,high,high,0.094,unproven,359,high
network,low,low,none,changed,high,low,high,0.0939,unproven,230,critical
physical,high,none,required,changed,low,high,none,0.1498,functional,629,medium
network,low,none,none,unchanged,high,low,none,0.1167,poc,286,high
network,low,low,none,unchanged,high,low,high,0.054,functional,87,high
adjacent,low,low,none,changed,low,high,low,0.0274,unproven,135,high
network,high,none,none,changed,high,high,high,0.002,poc,207,critical
adjacent,high,none,none,unchanged,high,low,high,0.068,unproven,244,high
local,low,low,none,unchanged,high,high,low,0.0769,unproven,343,high
local,low,none,none,unchanged,low,high,low,0.13,poc,379,medium
local,high,none,none,unchanged,low,low,none,0.2411,poc,462,medium
network,low,none,none,unchanged,low,none,high,0.1318,high,193,high
network,high,none,none,unchanged,none,low,high,0.1005,functional,210,medium
adjacent,low,none,none,unchanged,none,low,high,0.0677,high,116,high
network,high,none,none,changed,high,none,low,0.0827,functional,324,high
network,low,none,none,unchanged,high,low,high,0.0424,poc,49,high
network,low,high,none,unchanged,none,low,low,0.0252,high,370,low
physical,low,low,none,unchanged,high,high,low,0.0635,unproven,150,medium
local,low,none,none,unchanged,low,high,none,0.0798,unproven,274,high
network,low,high,none,unchanged,none,low,low,0.0323,functional,63,low
network,low,low,none,changed,high,none,none,0.1776,poc,531,high
network,low,none,none,unchanged,high,none,high,0.1022,poc,169,critical
local,high,high,required,changed,none,low,low,0.159,unproven,147,low
adjacent,low,none,none,unchanged,none,low,none,0.1344,high,65,low
network,high,none,required,unchanged,low,low,none,0.2597,unproven,548,low
network,low,none,none,changed,high,none,high,0.079,unproven,320,high
network,low,low,required,unchanged,high,low,high,0.1761,unproven,239,high
adjacent,low,none,none,unchanged,high,high,none,0.1647,poc,76,high
adjacent,low,none,required,changed,low,low,high,0.0328,unproven,52,high
physical,low,low,none,changed,high,low,high,0.145,poc,327,high
network,low,none,none,unchanged,high,high,none,0.1389,unproven,210,high
adjacent,low,low,none,changed,none,none,none,0.1008,unproven,215,low
local,high,high,required,unchanged,low,none,none,0.1328,poc,62,low
network,low,none,required,unchanged,none,low,low,0.0517,functional,110,medium
network,low,low,required,unchanged,low,high,none,0.0434,unproven,260,medium
network,high,none,none,unchanged,none,low,none,0.0435,functional,275,low
network,high,none,required,unchanged,high,low,low,0.0132,poc,296,medium
network,low,none,none,unchanged,high,none,high,0.0454,poc,55,critical
network,high,low,required,unchanged,high,none,high,0.2208,unproven,250,medium
adjacent,low,high,required,unchanged,low,high,none,0.0842,poc,491,medium
network,low,none,required,unchanged,high,low,low,0.0629,poc,198,high
network,high,none,none,unchanged,high,high,high,0.0153,unproven,391,high
network,low,low,none,unchanged,low,high,low,0.2027,high,396,high
network,low,none,required,unchanged,high,none,none,0.0275,unproven,125,high
network,high,low,required,unchanged,low,high,high,0.0692,unproven,217,medium
local,low,high,none,unchanged,low,high,low,0.017,high,115,medium
adjacent,low,high,none,unchanged,low,low,low,0.0302,unproven,497,medium
network,low,low,none,changed,none,low,high,0.1339,poc,56,high
network,low,low,required,unchanged,low,none,low,0.0655,unproven,144,medium
local,high,none,none,unchanged,low,high,high,0.0174,unproven,122,high
network,low,high,none,unchanged,none,high,low,0.2135,poc,130,medium
network,low,none,required,unchanged,high,none,none,0.0385,unproven,365,medium
adjacent,low,none,required,unchanged,high,high,none,0.045,poc,359,high
local,high,none,none,unchanged,low,none,none,0.1185,unproven,441,low
local,high,none,none,unchanged,low,low,high,0.1628,unproven,223,medium
adjacent,high,none,none,unchanged,none,low,low,0.0506,high,193,medium
adjacent,high,none,none,unchanged,high,high,none,0.0278,functional,717,medium
adjacent,low,none,none,unchanged,none,low,high,0.063,functional,303,high
network,low,none,none,unchanged,low,low,none,0.221,unproven,338,medium
local,high,none,none,changed,high,high,high,0.0851,unproven,904,high
local,low,none,required,unchanged,none,high,low,0.1902,unproven,186,medium
network,high,none,none,changed,low,low,low,0.159,unproven,103,medium
network,low,low,none,unchanged,low,none,low,0.1256,poc,97,medium
local,low,none,required,changed,none,low,high,0.2239,unproven,105,medium
physical,high,low,required,unchanged,low,low,high,0.0517,unproven,68,medium
network,low,high,required,changed,low,low,low,0.2476,functional,331,medium
local,low,high,none,unchanged,high,low,high,0.1282,poc,262,medium
local,low,low,none,unchanged,low,none,none,0.1146,unproven,108,low
network,low,low,required,unchanged,high,low,high,0.0534,unproven,677,high
network,low,none,none,unchanged,none,none,low,0.1181,unproven,380,medium
network,low,low,none,unchanged,high,high,none,0.0251,unproven,247,high
local,low,high,required,changed,high,high,high,0.1526,unproven,461,medium
network,low,high,none,changed,high,high,low,0.0636,poc,419,high
local,low,low,required,changed,high,low,low,0.1815,unproven,148,medium
local,high,low,none,unchanged,none,low,high,0.2514,unproven,205,medium
local,low,none,required,unchanged,high,low,none,0.004,unproven,9,medium
network,low,high,required,unchanged,none,high,high,0.0927,functional,363,medium
adjacent,high,low,none,unchanged,high,low,low,0.0479,poc,382,medium
network,low,high,none,unchanged,none,high,high,0.0051,high,72,medium
network,low,high,required,unchanged,low,high,high,0.0407,functional,318,medium
adjacent,low,none,required,changed,high,none,high,0.0453,poc,28,high
network,high,high,required,changed,high,low,none,0.4774,unproven,296,medium
network,low,none,required,unchanged,high,none,none,0.1433,poc,477,medium
network,low,low,none,changed,low,none,high,0.0716,unproven,147,high
network,low,low,none,unchanged,none,high,none,0.1355,unproven,235,medium
network,high,none,none,changed,high,high,low,0.1121,unproven,33,critical
network,low,none,none,unchanged,high,high,high,0.1051,poc,75,critical
local,low,none,none,unchanged,low,high,none,0.1267,unproven,630,medium
network,high,high,required,unchanged,high,high,none,0.3023,unproven,266,medium
adjacent,low,none,none,unchanged,low,none,none,0.0281,poc,652,medium
adjacent,low,low,required,unchanged,low,high,low,0.2089,unproven,289,medium
network,low,none,none,unchanged,none,high,high,0.1628,unproven,109,critical
network,low,none,none,unchanged,none,low,none,0.3137,poc,203,medium
local,low,low,required,unchanged,low,none,low,0.1652,unproven,466,low
adjacent,low,low,none,unchanged,high,high,high,0.0066,unproven,195,high
network,high,none,none,unchanged,low,high,high,0.0766,poc,104,medium
network,low,none,none,unchanged,none,none,high,0.1807,high,55,high
network,low,high,none,unchanged,none,low,low,0.1579,unproven,35,low
adjacent,high,none,none,unchanged,none,none,high,0.0104,unproven,250,medium
network,high,none,required,unchanged,low,high,high,0.0091,unproven,251,medium
local,low,low,none,changed,high,low,high,0.1657,unproven,188,high
network,high,low,none,unchanged,high,low,high,0.1276,functional,369,medium
local,high,high,required,unchanged,none,low,none,0.0486,unproven,286,low
network,low,low,none,unchanged,none,high,high,0.0167,poc,488,high
network,high,low,required,unchanged,low,low,low,0.2281,unproven,85,medium
network,high,none,required,unchanged,high,low,high,0.0045,poc,234,high
network,high,none,none,unchanged,high,low,low,0.1182,unproven,358,medium
adjacent,low,none,none,unchanged,none,high,high,0.0979,unproven,440,high
network,high,none,required,changed,low,low,none,0.159,functional,331,medium
network,high,low,none,changed,low,high,none,0.017,unproven,299,medium
network,low,none,none,changed,low,low,low,0.0078,poc,410,high
adjacent,low,none,none,changed,low,low,high,0.3189,unproven,173,high
local,low,low,required,unchanged,high,none,none,0.0379,functional,149,medium
network,high,low,none,unchanged,high,low,high,0.0124,poc,425,high
network,high,none,none,unchanged,low,high,high,0.0094,unproven,59,high
network,low,low,none,unchanged,high,low,high,0.0958,unproven,213,high
network,low,none,none,unchanged,high,none,high,0.0118,unproven,294,critical
local,low,high,none,unchanged,none,low,none,0.0597,unproven,140,low
physical,high,none,none,changed,low,none,none,0.0915,high,362,low
network,low,low,none,changed,low,none,low,0.0679,poc,227,medium
network,low,low,none,unchanged,low,low,low,0.359,functional,371,medium
network,high,low,none,unchanged,high,low,none,0.1029,functional,110,medium
network,low,none,required,unchanged,low,low,low,0.1923,poc,206,medium
adjacent,low,low,none,unchanged,high,low,none,0.0768,unproven,115,medium
network,high,low,required,changed,high,low,low,0.1563,functional,87,medium
network,low,none,none,unchanged,low,none,high,0.0063,unproven,118,high
local,high,low,none,unchanged,high,high,high,0.0734,high,80,medium
local,high,low,none,changed,high,none,low,0.1297,unproven,78,medium
adjacent,low,none,required,unchanged,low,none,high,0.0042,unproven,98,medium
network,low,none,none,changed,high,low,high,0.0494,unproven,85,critical
network,high,low,required,unchanged,high,none,high,0.1563,poc,90,medium
local,low,none,required,unchanged,none,low,high,0.0467,unproven,672,medium
network,low,high,none,unchanged,low,none,low,0.1851,unproven,102,medium
network,low,none,required,changed,high,none,high,0.3446,high,1006,high
adjacent,low,none,none,unchanged,low,low,low,0.0043,unproven,176,medium
network,low,low,required,changed,low,none,high,0.0327,unproven,111,high
local,low,none,none,unchanged,high,none,high,0.0283,poc,301,high
network,low,none,none,unchanged,none,high,none,0.0196,poc,353,high
local,high,low,required,unchanged,none,high,low,0.0899,functional,148,medium
local,low,none,required,unchanged,high,low,none,0.0683,unproven,367,medium
physical,high,high,required,changed,low,low,high,0.0501,unproven,314,medium
network,low,none,required,unchanged,high,low,none,0.2219,poc,317,high
network,low,none,none,unchanged,low,low,low,0.2499,unproven,426,medium
network,low,low,none,unchanged,high,high,low,0.0668,unproven,189,high
network,high,none,required,changed,high,low,low,0.0848,functional,447,medium
network,low,low,none,unchanged,none,low,none,0.0399,unproven,299,low
physical,low,none,none,unchanged,none,high,high,0.142,poc,390,medium
network,low,high,none,unchanged,high,low,low,0.0857,poc,290,medium
adjacent,high,high,required,unchanged,high,high,high,0.0111,poc,291,medium
adjacent,low,low,required,unchanged,high,none,high,0.0367,poc,181,high
network,low,low,required,changed,low,none,high,0.3099,unproven,189,high
local,high,high,required,changed,high,high,high,0.0412,unproven,177,high
network,low,none,required,unchanged,none,low,none,0.0491,poc,42,medium
network,high,none,required,unchanged,none,high,low,0.0663,functional,138,medium
network,low,low,none,changed,none,none,high,0.3231,high,320,high
adjacent,high,none,required,changed,high,none,none,0.4499,poc,126,medium
network,high,low,required,unchanged,none,low,low,0.2868,poc,64,medium
adjacent,low,low,none,changed,low,none,none,0.2247,unproven,171,low
local,high,low,required,unchanged,none,low,none,0.253,unproven,210,low
network,low,low,none,unchanged,low,low,low,0.1214,unproven,389,medium
local,low,low,required,unchanged,high,high,high,0.0424,unproven,165,high
network,low,none,none,unchanged,low,high,low,0.1456,functional,330,critical
adjacent,low,none,required,changed,low,low,none,0.0605,unproven,388,medium
network,high,low,none,changed,high,low,high,0.0492,unproven,702,high
physical,low,low,none,unchanged,high,none,none,0.1736,poc,97,low
network,low,none,required,unchanged,low,low,high,0.2798,poc,82,medium
network,low,low,required,unchanged,high,low,low,0.0665,unproven,89,medium
local,low,high,required,unchanged,none,high,low,0.0418,unproven,480,medium
local,low,low,required,unchanged,low,none,none,0.1276,poc,325,low
local,low,none,none,changed,high,low,high,0.1119,unproven,40,critical
local,low,low,required,unchanged,low,low,low,0.1099,unproven,172,medium
local,high,low,none,unchanged,high,high,none,0.0563,high,186,medium
network,high,low,none,changed,low,none,high,0.1365,unproven,91,medium
network,high,none,required,unchanged,none,none,high,0.0528,unproven,273,medium
network,low,none,required,unchanged,high,high,none,0.2892,unproven,274,high
network,low,high,none,unchanged,low,none,none,0.3088,unproven,559,low
adjacent,low,none,required,unchanged,high,high,low,0.2219,unproven,519,high
adjacent,low,none,none,unchanged,high,high,high,0.1545,unproven,162,critical
network,low,low,none,unchanged,high,high,high,0.0255,unproven,153,high
adjacent,high,none,none,unchanged,none,none,low,0.0145,unproven,162,low
network,low,none,none,unchanged,high,low,low,0.0549,poc,201,high
adjacent,low,low,required,unchanged,none,low,low,0.2582,functional,142,low
network,high,low,required,unchanged,high,high,none,0.1216,poc,507,medium
adjacent,low,none,required,unchanged,high,none,high,0.0704,functional,267,high
local,low,low,required,unchanged,low,low,high,0.0129,unproven,260,medium
adjacent,low,low,none,unchanged,low,low,low,0.0414,poc,425,medium
network,high,none,none,unchanged,high,none,low,0.2473,unproven,312,medium
local,high,none,none,changed,low,high,low,0.0594,poc,235,high
network,low,high,none,unchanged,low,none,low,0.0191,unproven,177,low
network,low,low,none,changed,high,low,low,0.1003,high,77,critical
network,low,low,none,changed,low,high,high,0.0424,poc,511,critical
network,low,low,required,unchanged,high,high,none,0.2481,poc,196,high
network,low,low,none,unchanged,none,low,low,0.3386,unproven,365,medium
adjacent,high,low,none,unchanged,high,high,none,0.0521,unproven,92,medium
adjacent,high,low,required,unchanged,none,high,high,0.168,high,341,medium
network,high,none,required,unchanged,high,high,high,0.0815,unproven,291,high
local,low,none,none,unchanged,high,low,none,0.0797,unproven,289,medium
network,low,low,required,unchanged,high,high,high,0.0044,functional,256,high
network,low,high,none,unchanged,none,low,none,0.1994,functional,96,low
physical,low,none,none,unchanged,none,low,high,0.054,unproven,81,medium
network,low,none,required,unchanged,none,none,high,0.0906,unproven,277,medium
local,low,high,required,changed,low,low,none,0.0798,functional,290,low
network,low,low,required,unchanged,high,low,low,0.1482,functional,52,high
network,high,low,required,changed,low,none,high,0.048,poc,294,medium
network,high,none,none,changed,low,high,none,0.0364,unproven,221,high
local,high,low,none,unchanged,none,low,low,0.1896,functional,121,low
network,low,low,required,unchanged,high,none,high,0.0648,unproven,205,high
network,low,low,none,unchanged,high,low,high,0.1128,unproven,262,high
network,low,low,required,unchanged,low,high,high,0.0148,functional,636,high
adjacent,low,low,none,unchanged,high,high,high,0.187,functional,206,high
local,high,none,none,unchanged,high,none,none,0.0595,poc,419,medium
local,low,low,required,unchanged,high,none,low,0.0968,poc,290,medium
network,low,low,required,unchanged,high,low,high,0.0279,high,61,high
network,low,none,none,unchanged,high,high,high,0.0147,unproven,272,critical
network,low,low,none,unchanged,none,high,high,0.1696,unproven,361,high
adjacent,low,none,none,unchanged,high,none,low,0.0917,functional,139,high
physical,low,high,required,changed,none,high,high,0.1975,high,308,high
adjacent,low,none,required,changed,high,low,low,0.1566,poc,72,high
network,low,none,required,unchanged,low,low,high,0.1436,unproven,311,high
network,low,low,none,changed,low,low,none,0.031,unproven,359,medium
network,low,low,none,unchanged,high,high,high,0.0743,poc,257,critical
local,low,low,none,changed,low,low,high,0.1281,high,73,high
network,low,none,required,unchanged,low,none,high,0.1464,high,294,high
network,high,none,none,unchanged,high,high,low,0.0464,poc,79,high
network,low,high,none,changed,high,low,low,0.0156,unproven,114,medium
adjacent,high,none,none,unchanged,low,none,low,0.1253,unproven,167,low
network,low,none,none,unchanged,low,low,none,0.1188,unproven,452,medium
network,high,low,required,unchanged,none,low,none,0.057,high,253,low
network,low,none,none,changed,high,low,none,0.1229,unproven,88,critical
local,low,low,required,unchanged,high,none,low,0.1435,unproven,224,medium
network,high,none,required,unchanged,none,low,low,0.034,poc,226,low
adjacent,low,high,none,unchanged,high,low,none,0.3052,functional,527,medium
local,low,none,required,unchanged,none,low,low,0.132,unproven,187,medium
physical,low,none,required,unchanged,high,none,low,0.0232,functional,39,medium
local,low,low,required,changed,low,high,none,0.1521,unproven,348,medium
network,low,none,required,unchanged,low,high,high,0.0949,poc,157,high
local,low,none,none,changed,low,low,none,0.1821,unproven,99,medium
local,low,none,none,unchanged,high,low,high,0.2596,unproven,229,high
network,low,low,none,unchanged,high,low,high,0.109,poc,256,high
network,low,low,required,changed,high,high,low,0.0452,unproven,195,high
adjacent,low,none,none,unchanged,none,none,none,0.0595,poc,144,low
local,high,low,required,unchanged,low,low,low,0.0678,unproven,240,medium
local,low,none,none,changed,low,none,high,0.1272,functional,477,high
network,low,none,none,changed,high,none,high,0.0676,unproven,80,critical
network,low,none,none,changed,low,low,none,0.0946,functional,47,medium
network,high,none,none,unchanged,high,none,low,0.0571,poc,86,medium
network,low,low,required,unchanged,low,high,none,0.1437,unproven,96,medium
adjacent,low,low,required,changed,low,low,none,0.0514,unproven,26,medium
network,low,none,required,unchanged,none,none,low,0.0034,unproven,719,medium
local,low,high,none,unchanged,high,low,low,0.0847,high,116,medium
network,high,none,required,unchanged,low,high,high,0.0024,poc,135,medium
local,high,high,none,changed,low,low,high,0.1155,poc,91,medium
local,low,low,none,unchanged,none,none,high,0.1946,unproven,189,medium
network,low,low,none,unchanged,none,high,none,0.1195,unproven,197,medium
local,low,low,required,changed,high,high,low,0.1607,poc,246,high
adjacent,low,none,required,unchanged,none,high,none,0.022,poc,102,medium
local,low,high,none,unchanged,high,low,high,0.1307,high,85,medium
network,low,high,none,unchanged,low,none,high,0.0706,unproven,24,medium
network,low,none,none,unchanged,high,low,none,0.389,poc,274,high
network,low,high,none,changed,none,none,low,0.0434,high,135,low
network,low,high,none,unchanged,high,none,low,0.1167,functional,236,medium
network,low,none,none,unchanged,high,none,none,0.2033,functional,309,high
local,high,low,none,unchanged,low,low,none,0.1127,unproven,44,low
network,high,none,none,changed,low,low,none,0.1898,unproven,80,medium
physical,high,none,none,changed,high,none,low,0.3216,poc,132,medium
network,low,none,required,changed,none,low,none,0.0482,unproven,339,medium
network,low,none,required,changed,high,high,low,0.1171,poc,374,critical
network,low,high,none,unchanged,none,none,none,0.0459,high,710,low
physical,high,high,required,unchanged,none,low,high,0.0656,unproven,473,medium
adjacent,low,high,required,unchanged,high,low,none,0.0154,unproven,251,medium
network,low,low,none,unchanged,low,high,low,0.2459,poc,262,high
network,high,none,none,unchanged,high,low,none,0.0951,high,47,high
network,low,none,required,unchanged,low,high,none,0.2384,poc,62,high
network,low,none,none,unchanged,low,high,low,0.1299,unproven,221,high
network,low,high,required,changed,low,low,low,0.0184,high,509,medium
adjacent,low,low,none,unchanged,low,low,none,0.1096,poc,136,medium
network,low,high,required,unchanged,none,low,none,0.0709,poc,141,low
network,low,none,none,unchanged,high,none,none,0.042,poc,43,medium
network,high,none,required,unchanged,low,low,low,0.1344,poc,134,medium
network,high,none,required,unchanged,low,none,high,0.0411,poc,174,medium
network,low,high,none,unchanged,none,high,high,0.0855,poc,329,medium
network,low,none,none,unchanged,none,low,none,0.1126,poc,360,medium
network,low,low,none,unchanged,none,low,none,0.0318,unproven,281,medium
local,high,high,none,unchanged,none,high,high,0.0161,high,410,medium
network,high,high,none,unchanged,high,high,high,0.1071,unproven,150,high
local,high,low,required,unchanged,high,high,low,0.1069,unproven,103,medium
network,high,low,none,unchanged,low,low,high,0.0343,high,141,medium
network,low,none,none,changed,low,low,low,0.2271,functional,177,high
network,low,low,required,unchanged,low,high,none,0.1624,unproven,186,medium
local,high,none,required,changed,none,high,low,0.0277,poc,332,medium
network,high,high,none,changed,high,high,low,0.0069,poc,110,high
network,low,low,required,unchanged,low,high,none,0.0597,functional,295,medium
network,high,low,none,changed,low,high,none,0.0473,unproven,385,high
local,low,none,none,unchanged,high,none,none,0.1128,poc,59,medium
local,low,none,none,unchanged,high,high,low,0.1504,unproven,175,high
local,high,low,none,unchanged,low,high,none,0.0759,unproven,292,medium
network,low,none,required,unchanged,high,low,high,0.0262,high,746,high
local,low,low,required,changed,high,high,none,0.0491,poc,149,high
network,low,high,none,unchanged,high,low,low,0.0548,functional,571,medium
network,high,none,none,unchanged,none,none,none,0.18,functional,261,low
physical,low,high,none,unchanged,none,high,none,0.1765,functional,307,low
network,high,low,none,unchanged,none,high,none,0.0436,high,202,medium
network,low,none,none,unchanged,high,high,low,0.0334,unproven,31,critical
network,low,low,none,unchanged,low,high,low,0.1548,unproven,220,medium
network,high,low,required,changed,high,none,none,0.1657,unproven,679,medium
network,low,none,none,unchanged,high,low,high,0.0717,functional,220,high
network,low,none,none,unchanged,low,high,low,0.1606,poc,322,critical
adjacent,high,none,required,changed,low,low,low,0.0516,unproven,130,medium
adjacent,low,none,required,unchanged,low,none,low,0.1082,unproven,292,medium
adjacent,low,none,required,changed,none,none,low,0.1295,unproven,70,low
network,low,low,required,unchanged,high,high,low,0.133,unproven,197,high
physical,high,none,required,unchanged,low,high,low,0.1109,poc,71,medium
network,low,low,none,changed,high,low,high,0.0251,unproven,210,critical
local,low,low,required,changed,low,high,high,0.2367,poc,164,high
adjacent,high,high,required,unchanged,none,high,high,0.051,poc,161,medium
local,low,none,required,unchanged,high,high,low,0.2676,poc,301,high
adjacent,high,high,none,unchanged,high,high,high,0.0588,functional,28,medium
network,high,low,required,unchanged,none,low,low,0.0995,poc,74,medium
network,low,none,none,changed,low,low,low,0.0138,unproven,183,high
local,low,low,none,unchanged,none,none,low,0.1422,unproven,47,low
network,low,low,required,unchanged,high,none,low,0.039,poc,273,medium
local,high,low,required,unchanged,high,high,high,0.0789,unproven,39,medium
network,high,none,required,changed,low,none,high,0.1305,functional,60,high
network,low,high,none,unchanged,low,none,none,0.055,functional,259,low
adjacent,low,none,none,unchanged,low,low,high,0.0219,unproven,138,high
local,high,low,required,unchanged,none,low,high,0.0182,unproven,725,medium
network,low,low,none,unchanged,high,none,high,0.0728,unproven,186,high
network,low,high,none,unchanged,none,high,high,0.1892,unproven,325,medium
network,low,none,none,unchanged,high,high,low,0.055,high,178,critical
network,high,low,none,unchanged,low,none,low,0.1134,unproven,302,medium
network,low,high,none,unchanged,high,low,high,0.1997,high,104,medium
network,low,low,required,changed,none,high,low,0.0844,poc,392,high
network,low,high,required,unchanged,low,low,none,0.0257,poc,384,low
adjacent,low,none,none,unchanged,none,high,low,0.088,unproven,354,high
network,low,high,none,changed,high,high,none,0.1109,poc,341,medium
local,low,high,none,unchanged,high,high,low,0.1003,poc,26,medium
network,low,low,none,unchanged,high,high,low,0.0579,functional,135,high
local,low,high,required,unchanged,high,low,high,0.0896,functional,53,medium
network,high,high,none,unchanged,high,none,high,0.077,functional,156,high
local,high,none,none,unchanged,high,none,none,0.0449,unproven,252,medium
adjacent,high,high,required,unchanged,high,high,low,0.0618,unproven,151,medium
network,high,none,required,unchanged,high,none,high,0.0139,poc,47,medium
network,low,high,none,changed,high,none,none,0.1433,unproven,254,medium
network,low,none,none,changed,high,low,none,0.0044,poc,245,critical
network,low,low,none,unchanged,none,high,low,0.157,functional,518,medium
network,high,low,required,unchanged,low,high,high,0.02,poc,159,high
network,low,high,none,unchanged,low,none,none,0.1474,poc,85,low
network,high,high,none,unchanged,low,high,low,0.1277,unproven,220,medium
network,low,high,none,unchanged,none,low,low,0.172,unproven,60,low
network,high,low,required,unchanged,low,none,high,0.0532,unproven,960,medium
local,high,none,required,unchanged,low,low,high,0.0091,poc,584,medium
network,low,high,none,unchanged,low,high,none,0.1074,poc,261,medium
network,low,high,required,unchanged,high,none,low,0.167,functional,185,medium
network,low,low,none,unchanged,low,high,low,0.1086,unproven,71,medium
network,high,high,none,unchanged,none,high,none,0.0388,unproven,231,low
network,low,none,required,unchanged,high,none,high,0.2222,unproven,132,high
network,high,low,none,unchanged,low,none,high,0.1534,poc,66,medium
network,low,none,none,unchanged,high,low,none,0.054,high,286,high
adjacent,low,high,required,unchanged,high,none,high,0.0356,functional,155,medium
physical,low,low,required,unchanged,low,high,high,0.2183,unproven,121,medium
network,low,low,none,unchanged,high,high,none,0.271,poc,194,high
local,high,high,none,changed,none,none,none,0.1796,unproven,27,low
network,low,none,none,unchanged,low,none,high,0.0653,unproven,115,high
adjacent,low,high,required,unchanged,low,high,none,0.0522,unproven,252,medium
local,low,none,none,unchanged,none,high,low,0.1259,unproven,420,medium
adjacent,high,low,required,unchanged,low,high,none,0.0953,unproven,181,medium
network,low,high,none,changed,low,low,high,0.1571,unproven,654,high
network,high,none,none,unchanged,high,none,low,0.0815,unproven,115,medium
network,high,none,required,unchanged,high,low,low,0.422,unproven,166,medium
network,low,low,none,unchanged,high,low,low,0.0038,unproven,377,high
network,low,low,none,changed,high,high,none,0.1786,poc,83,critical
local,low,none,none,unchanged,high,low,high,0.0931,functional,175,high
network,low,low,required,unchanged,low,high,high,0.1587,unproven,521,high
network,low,high,none,unchanged,none,low,low,0.0793,unproven,676,low
network,high,none,required,unchanged,none,none,none,0.1196,unproven,252,low
network,high,low,required,unchanged,none,low,low,0.172,poc,509,low
network,low,low,none,unchanged,high,none,none,0.0395,poc,141,medium
network,high,none,none,changed,high,none,low,0.0071,unproven,79,medium
network,high,low,required,unchanged,none,high,none,0.013,poc,33,medium
local,low,none,required,unchanged,low,low,none,0.1332,unproven,421,medium
network,high,high,required,unchanged,low,low,high,0.0613,unproven,262,medium
network,high,none,required,unchanged,high,high,low,0.0899,unproven,377,high
network,low,low,none,unchanged,high,low,high,0.0541,high,347,high
network,low,low,none,unchanged,high,high,high,0.0406,functional,42,high
adjacent,low,none,required,unchanged,high,high,high,0.0166,functional,80,high
network,low,low,none,changed,low,high,low,0.1092,unproven,168,critical
local,high,none,required,unchanged,high,none,none,0.0092,unproven,444,medium
network,low,none,none,unchanged,high,none,none,0.1527,high,721,high
physical,low,low,required,unchanged,high,low,high,0.1314,functional,803,medium
network,high,high,none,changed,low,none,low,0.1619,unproven,109,medium
adjacent,low,low,required,unchanged,high,high,low,0.0345,poc,537,high
network,high,none,required,unchanged,high,none,low,0.1532,unproven,338,medium
network,low,none,none,unchanged,high,high,high,0.0186,unproven,40,critical
local,low,none,required,changed,low,low,low,0.1992,unproven,478,medium
local,high,low,none,unchanged,low,high,low,0.1027,unproven,316,medium
adjacent,low,low,required,unchanged,none,low,low,0.1007,unproven,123,low
adjacent,low,high,required,changed,high,high,low,0.0036,unproven,54,high
network,low,none,required,unchanged,none,low,none,0.0415,poc,607,medium
network,low,high,none,unchanged,low,none,low,0.0549,unproven,156,low
adjacent,high,none,required,changed,low,low,low,0.0199,unproven,64,medium
local,low,none,none,unchanged,low,low,low,0.0477,functional,79,medium
local,low,none,none,unchanged,high,none,none,0.1354,poc,235,medium
physical,high,low,required,unchanged,low,none,low,0.0345,unproven,128,low
network,low,low,none,unchanged,low,low,high,0.1692,functional,71,high
network,high,none,none,unchanged,high,low,high,0.0872,unproven,337,high
adjacent,low,none,none,changed,high,low,high,0.2303,unproven,149,critical
network,low,high,none,changed,low,none,high,0.0113,unproven,84,medium
network,low,low,required,unchanged,high,high,low,0.0401,poc,176,high
local,low,none,none,unchanged,high,none,high,0.0431,unproven,135,high
network,low,low,required,unchanged,low,none,none,0.0854,unproven,160,low
network,high,low,none,unchanged,high,high,none,0.0226,unproven,775,medium
network,low,none,required,unchanged,high,high,high,0.0417,unproven,152,high
adjacent,high,low,none,changed,low,low,low,0.0675,unproven,144,medium
network,high,high,none,changed,high,low,none,0.056,unproven,337,medium
local,low,none,none,unchanged,low,high,none,0.0732,functional,644,medium
network,high,high,none,changed,none,low,high,0.0477,functional,70,medium
network,low,low,none,unchanged,none,none,low,0.0901,unproven,202,medium
local,low,none,none,unchanged,high,low,none,0.0474,unproven,81,medium
adjacent,low,none,none,unchanged,high,high,high,0.0981,poc,82,high
network,low,none,none,unchanged,high,low,none,0.2212,functional,124,high
local,high,low,none,changed,none,none,high,0.0552,unproven,63,medium
network,low,low,required,changed,none,none,low,0.06,functional,250,medium
network,high,none,none,unchanged,low,low,high,0.0694,poc,404,medium
network,low,none,required,unchanged,high,high,low,0.0466,unproven,311,high
network,high,low,none,unchanged,none,low,high,0.0382,unproven,72,medium
local,high,none,none,unchanged,none,none,high,0.0797,unproven,56,medium
local,low,none,required,unchanged,low,none,none,0.0932,poc,386,low
network,high,high,required,unchanged,high,high,low,0.1053,poc,121,medium
network,low,none,none,changed,none,low,high,0.079,poc,281,high
local,low,none,none,changed,none,low,none,0.3974,functional,386,medium
adjacent,high,low,none,changed,high,none,none,0.1005,functional,198,medium
network,high,none,none,changed,low,low,none,0.0946,unproven,245,medium
network,low,high,none,unchanged,none,high,low,0.0724,poc,160,medium
local,low,none,required,unchanged,low,none,high,0.1145,unproven,323,medium
adjacent,low,none,none,unchanged,high,low,none,0.0766,high,207,high
network,high,low,none,unchanged,high,none,low,0.2272,poc,262,medium
adjacent,low,low,required,unchanged,none,high,high,0.2634,poc,16,medium
network,high,none,required,changed,high,none,low,0.0953,unproven,104,medium
local,low,none,required,unchanged,high,high,low,0.0079,poc,751,high
local,low,none,none,unchanged,none,low,low,0.1378,high,204,medium
local,low,none,required,unchanged,high,none,high,0.1325,high,222,high
network,high,high,none,unchanged,none,none,low,0.335,poc,25,low
local,low,high,none,changed,low,low,high,0.0448,unproven,346,medium
network,low,high,required,unchanged,high,none,low,0.1797,unproven,169,medium
network,low,high,none,changed,low,low,low,0.1019,unproven,111,medium
local,low,low,required,changed,low,high,none,0.0662,functional,96,medium
network,low,none,required,unchanged,high,high,none,0.0422,unproven,193,high
network,low,none,none,unchanged,low,none,high,0.032,unproven,126,high
network,low,low,required,unchanged,high,none,low,0.0764,unproven,239,medium
network,low,low,none,unchanged,low,low,high,0.1117,functional,194,high
adjacent,low,none,none,changed,high,none,high,0.0796,poc,147,critical
local,low,low,none,changed,low,none,none,0.0483,poc,51,low
network,low,low,required,unchanged,low,low,none,0.0337,unproven,28,medium
network,low,none,required,unchanged,high,low,none,0.3178,poc,22,medium
local,high,low,none,changed,high,high,high,0.1675,unproven,257,high
adjacent,low,high,none,unchanged,high,low,high,0.1438,unproven,121,medium
network,low,none,none,changed,low,low,low,0.0118,poc,543,high
local,low,none,none,unchanged,none,none,high,0.2215,functional,82,medium
local,low,none,none,changed,none,high,none,0.1726,unproven,201,high
local,low,none,none,changed,low,high,high,0.048,unproven,54,critical
network,high,none,none,unchanged,high,low,high,0.2236,high,171,high
network,low,high,required,unchanged,none,high,high,0.2694,poc,184,medium
local,low,low,required,unchanged,low,none,high,0.2449,poc,54,medium
adjacent,high,none,none,unchanged,low,high,none,0.0106,unproven,34,medium
network,low,high,required,unchanged,none,none,low,0.2462,unproven,622,low
local,low,none,required,unchanged,high,low,none,0.1535,functional,411,medium
adjacent,low,none,none,unchanged,none,low,high,0.1924,functional,91,high
adjacent,low,none,required,unchanged,low,low,high,0.0009,functional,166,medium
local,low,low,required,unchanged,none,high,high,0.0584,unproven,323,medium
local,low,high,none,changed,high,low,none,0.0069,poc,291,medium
network,low,low,none,unchanged,none,low,none,0.0609,functional,131,low
network,low,none,required,changed,high,none,high,0.0561,unproven,485,critical
network,high,none,required,unchanged,none,low,low,0.063,unproven,179,medium
network,low,none,none,changed,high,none,none,0.0744,unproven,181,high
network,low,none,required,unchanged,low,low,low,0.0562,functional,91,medium
network,low,low,required,unchanged,low,none,none,0.1259,unproven,208,low
local,high,none,none,changed,low,none,low,0.1159,poc,314,medium
adjacent,low,low,none,unchanged,none,high,high,0.127,poc,145,high
adjacent,low,low,none,unchanged,high,high,none,0.0317,unproven,299,high
network,low,none,none,unchanged,high,high,none,0.0345,poc,111,critical
local,high,high,required,changed,high,none,low,0.0311,functional,261,medium
physical,high,none,none,unchanged,none,high,none,0.1796,poc,265,medium
network,low,low,none,unchanged,high,low,low,0.1158,unproven,201,high
local,low,high,none,unchanged,none,high,none,0.201,unproven,239,medium
network,high,none,none,changed,high,high,high,0.0555,unproven,257,high
local,high,none,none,unchanged,low,low,low,0.0948,poc,48,medium
network,high,high,required,unchanged,high,high,high,0.1153,functional,101,medium
network,low,high,none,changed,none,none,low,0.028,unproven,353,low
local,low,low,none,unchanged,low,high,none,0.2159,functional,119,medium
network,low,high,required,unchanged,high,low,none,0.085,poc,93,medium
local,low,none,none,changed,low,high,none,0.0994,poc,88,high
local,high,none,none,changed,high,high,low,0.1022,functional,107,high
local,high,low,none,unchanged,high,none,none,0.1988,poc,318,medium
local,high,none,none,unchanged,low,low,high,0.0291,poc,84,medium
adjacent,low,high,none,changed,low,high,low,0.0908,functional,304,medium
network,high,none,none,changed,low,high,low,0.1475,unproven,62,high
local,high,none,required,unchanged,none,none,none,0.0739,unproven,223,low
network,low,high,required,unchanged,none,none,high,0.0698,poc,822,medium
local,high,none,none,changed,high,high,low,0.0493,unproven,599,high
physical,low,none,none,changed,low,high,high,0.0783,poc,229,high
network,low,none,none,unchanged,low,none,high,0.1118,unproven,114,high
adjacent,low,none,none,unchanged,high,low,none,0.2767,poc,128,high
local,low,low,none,unchanged,high,low,low,0.0925,poc,260,medium
network,high,none,required,changed,none,low,low,0.113,high,76,medium
network,low,low,required,unchanged,low,high,high,0.0331,poc,200,high
network,high,none,none,unchanged,high,high,low,0.0163,functional,151,medium
local,high,none,none,changed,low,low,none,0.1975,high,728,medium
local,low,none,required,unchanged,none,none,none,0.063,functional,349,low
network,low,low,none,unchanged,low,low,high,0.0869,unproven,199,high
network,low,none,none,changed,none,low,high,0.1507,unproven,40,critical
adjacent,low,none,required,unchanged,high,high,none,0.1404,functional,180,high
network,high,none,none,changed,none,low,high,0.3911,unproven,122,high
local,high,high,none,unchanged,high,none,low,0.1442,poc,101,medium
adjacent,low,none,none,unchanged,none,high,high,0.064,functional,471,high
network,low,none,none,unchanged,none,low,high,0.1465,poc,714,high
network,low,none,required,unchanged,high,high,none,0.1036,functional,184,high
adjacent,low,low,none,changed,none,none,high,0.0448,poc,118,medium
local,low,low,none,unchanged,low,high,none,0.0693,poc,81,medium
network,low,none,none,unchanged,none,low,none,0.1268,high,192,medium
network,low,none,required,unchanged,none,low,high,0.1421,poc,105,medium
local,high,none,none,unchanged,high,high,high,0.1622,functional,174,medium
local,low,none,none,unchanged,high,none,low,0.1074,unproven,47,medium
network,low,none,none,unchanged,none,low,high,0.2132,poc,209,high
network,low,low,none,unchanged,high,low,high,0.1324,poc,39,high
network,low,high,none,changed,none,high,low,0.0164,poc,197,medium
network,low,none,required,unchanged,low,none,high,0.0368,functional,325,high
local,high,low,none,changed,high,none,low,0.0317,poc,322,medium
network,low,none,none,unchanged,high,none,low,0.1042,unproven,64,high
network,high,low,none,changed,low,low,high,0.1003,unproven,282,high
network,high,high,required,changed,high,low,low,0.0555,functional,190,medium
network,high,low,required,changed,high,none,high,0.1187,unproven,236,high
local,low,high,required,unchanged,high,low,low,0.0948,poc,99,medium
adjacent,low,none,required,changed,none,low,low,0.0603,unproven,118,medium
physical,low,none,required,unchanged,low,low,high,0.0838,poc,250,medium
local,high,low,required,unchanged,none,none,high,0.0405,unproven,294,medium
network,low,high,required,unchanged,none,low,high,0.035,poc,937,medium
network,high,none,required,changed,none,none,high,0.1511,unproven,326,medium
network,high,none,none,changed,none,low,none,0.1823,poc,608,medium
local,low,none,none,unchanged,low,none,none,0.1374,unproven,418,low
network,high,high,none,changed,none,low,high,0.002,unproven,99,medium
local,low,low,none,unchanged,high,low,high,0.0478,functional,378,high
local,high,none,none,unchanged,none,high,low,0.1338,unproven,129,medium
adjacent,low,low,required,changed,none,low,low,0.0419,poc,402,medium
adjacent,low,low,none,unchanged,low,low,low,0.1528,unproven,130,medium
network,high,none,none,unchanged,high,none,high,0.0697,high,381,high
network,high,high,required,unchanged,low,low,low,0.0543,poc,117,low
local,high,high,required,changed,none,high,low,0.2169,poc,110,medium
adjacent,low,low,required,unchanged,high,none,high,0.3081,poc,26,medium
network,high,high,none,unchanged,high,high,high,0.1617,unproven,137,medium
network,low,none,required,unchanged,high,low,high,0.1909,poc,69,high
adjacent,low,high,required,unchanged,none,high,high,0.0067,unproven,173,medium
network,low,none,none,unchanged,high,none,low,0.1123,unproven,197,high
network,low,none,none,unchanged,low,high,none,0.1645,unproven,165,high
network,low,low,none,unchanged,high,high,high,0.0671,functional,239,high
network,high,none,required,unchanged,low,high,low,0.366,unproven,149,medium
network,low,none,none,unchanged,high,low,low,0.3037,unproven,179,high
network,low,none,none,changed,low,low,none,0.0692,unproven,581,high
network,low,none,required,unchanged,none,none,low,0.0305,unproven,308,low
adjacent,high,low,none,unchanged,high,low,high,0.103,poc,175,medium
network,low,low,none,unchanged,low,high,high,0.0339,unproven,121,high
network,low,high,none,changed,none,none,none,0.1297,unproven,140,low
network,low,high,none,unchanged,none,high,low,0.0171,functional,198,medium
local,low,none,none,unchanged,low,high,high,0.131,unproven,141,high
network,low,high,none,unchanged,low,low,none,0.0281,unproven,211,low
local,high,none,none,unchanged,high,none,none,0.0701,unproven,182,medium
adjacent,low,high,none,changed,low,high,high,0.1631,functional,221,high
network,low,none,required,unchanged,high,low,none,0.0933,functional,305,high
local,high,low,none,unchanged,low,none,none,0.0476,unproven,112,low
network,low,low,none,unchanged,high,none,high,0.0744,poc,132,high
network,low,none,none,unchanged,low,high,none,0.0557,functional,181,high
local,high,high,none,unchanged,none,low,none,0.0212,unproven,200,low
network,high,low,required,unchanged,none,none,low,0.0527,poc,61,low
network,low,low,none,changed,low,low,high,0.0586,functional,258,high
local,low,none,none,unchanged,high,none,none,0.0445,unproven,372,medium
network,low,none,none,changed,low,none,high,0.013,unproven,200,high
adjacent,high,high,none,changed,none,low,none,0.0635,poc,445,low
local,high,low,none,changed,low,low,none,0.2452,unproven,335,medium
physical,low,none,none,unchanged,low,high,high,0.0889,poc,320,medium
local,low,low,required,unchanged,none,none,none,0.0259,unproven,133,low
network,low,none,none,unchanged,high,low,none,0.0727,poc,70,high
network,high,low,required,changed,low,high,low,0.0874,poc,152,high
network,low,none,none,unchanged,high,low,low,0.173,poc,76,high
network,low,low,required,unchanged,low,none,low,0.0157,unproven,67,medium
network,low,high,required,unchanged,high,none,low,0.0706,functional,56,medium
network,low,low,none,unchanged,low,low,low,0.1341,poc,144,medium
network,low,none,none,unchanged,high,low,low,0.0996,functional,57,critical
network,low,none,none,unchanged,none,low,none,0.2718,unproven,125,medium
local,high,none,required,unchanged,none,low,high,0.1738,poc,142,medium
network,low,none,required,changed,high,none,none,0.0497,unproven,320,high
adjacent,low,none,required,unchanged,none,low,high,0.0791,unproven,541,medium
network,low,none,required,changed,none,none,high,0.0678,unproven,40,high
network,low,low,required,unchanged,none,none,high,0.0606,poc,111,medium
physical,low,none,none,unchanged,high,high,high,0.1084,functional,232,medium
network,low,low,none,unchanged,none,high,none,0.0493,unproven,90,medium
local,low,none,none,unchanged,none,high,low,0.2112,unproven,146,medium
network,low,low,none,changed,high,high,low,0.1152,unproven,91,critical
adjacent,low,low,required,unchanged,high,high,low,0.1066,functional,310,medium
network,low,high,none,changed,low,low,high,0.2337,unproven,81,medium
adjacent,low,none,none,unchanged,none,high,high,0.1127,unproven,139,high
network,low,none,required,unchanged,high,high,none,0.0266,functional,502,high
physical,high,low,required,unchanged,low,low,high,0.2112,poc,643,medium
network,low,none,none,unchanged,high,high,none,0.1266,unproven,18,critical
local,low,low,none,changed,low,high,low,0.1673,unproven,182,high
network,low,low,required,unchanged,low,none,low,0.0514,unproven,213,medium
network,low,none,required,unchanged,high,none,low,0.1677,poc,92,medium
adjacent,low,none,required,unchanged,high,low,high,0.0164,unproven,81,high
network,low,high,none,unchanged,low,low,high,0.1219,poc,172,medium
local,low,low,none,unchanged,none,none,high,0.0335,unproven,130,medium
network,low,none,none,unchanged,none,high,high,0.0465,functional,120,critical
network,low,none,required,unchanged,low,high,none,0.003,unproven,187,high
network,high,none,none,unchanged,high,low,low,0.149,unproven,352,high
physical,low,none,none,unchanged,high,low,high,0.0843,poc,485,medium
local,low,high,required,unchanged,none,low,high,0.0123,unproven,220,medium
network,high,low,required,unchanged,none,none,none,0.3158,unproven,56,low
adjacent,low,low,none,unchanged,low,low,low,0.0318,poc,252,medium
adjacent,low,high,none,unchanged,high,low,low,0.1095,unproven,83,medium
network,low,low,required,changed,none,none,none,0.0922,unproven,55,low
local,high,low,required,unchanged,high,low,none,0.0465,poc,257,medium
adjacent,high,none,none,unchanged,high,low,none,0.0539,high,150,medium
network,low,low,required,unchanged,high,low,none,0.2534,poc,169,medium
adjacent,low,low,required,changed,high,low,none,0.0431,poc,23,medium
adjacent,low,none,none,unchanged,low,high,low,0.0217,poc,212,high
local,low,none,required,changed,none,none,low,0.1327,unproven,154,low
local,high,none,required,changed,low,high,none,0.0864,unproven,111,medium
network,low,none,none,unchanged,high,low,high,0.0184,poc,320,high
network,high,none,none,unchanged,high,high,none,0.0787,functional,350,high
adjacent,low,high,required,unchanged,low,high,none,0.1649,poc,71,medium
adjacent,low,high,required,unchanged,high,low,low,0.154,functional,268,medium
network,low,none,none,changed,high,high,low,0.0964,poc,363,critical
local,low,low,required,unchanged,low,high,none,0.0998,unproven,290,medium
local,high,low,none,unchanged,high,none,none,0.0374,poc,202,medium
network,high,high,none,unchanged,high,high,low,0.1144,unproven,186,medium
network,low,high,required,unchanged,none,low,none,0.0914,poc,206,low
network,high,low,none,unchanged,none,high,high,0.0441,unproven,99,high
network,low,none,required,unchanged,none,low,none,0.2052,high,168,low
local,low,low,none,changed,low,low,high,0.0354,poc,309,high
network,low,none,none,unchanged,low,high,none,0.3034,functional,114,high
local,high,low,none,unchanged,low,none,none,0.1263,unproven,37,low
network,low,none,none,unchanged,low,high,none,0.1181,unproven,337,high
network,high,low,none,changed,low,none,high,0.0375,poc,159,medium
local,low,none,none,changed,high,none,low,0.1191,unproven,136,high
local,low,high,required,unchanged,high,low,none,0.0969,high,228,medium
network,low,low,required,changed,high,none,high,0.1316,functional,395,high
adjacent,low,low,none,changed,none,high,high,0.0249,poc,75,high
network,high,low,none,unchanged,high,none,low,0.0831,functional,40,medium
network,low,high,required,unchanged,high,none,high,0.0515,unproven,194,medium
physical,high,high,required,unchanged,low,high,none,0.0124,functional,261,medium
adjacent,low,low,none,changed,none,none,none,0.176,poc,71,low
adjacent,low,none,required,unchanged,low,none,none,0.056,unproven,173,low
local,low,low,required,unchanged,none,none,none,0.0369,unproven,616,low
network,low,high,required,unchanged,none,low,low,0.1613,high,98,low
adjacent,low,low,required,unchanged,low,high,high,0.0861,unproven,214,medium
network,low,low,none,unchanged,none,none,low,0.0852,poc,895,medium
network,low,none,required,unchanged,high,low,low,0.0547,functional,581,high
network,low,low,none,changed,low,none,high,0.1154,unproven,90,high
adjacent,high,high,required,changed,high,none,low,0.1265,poc,129,medium
network,low,none,none,unchanged,none,low,high,0.034,functional,203,high
network,low,high,required,changed,low,high,low,0.0217,unproven,110,medium
network,low,none,required,unchanged,high,high,none,0.047,unproven,69,high
network,high,low,none,unchanged,high,none,none,0.0116,functional,72,medium
network,low,none,required,unchanged,high,low,low,0.0331,functional,269,high
network,low,none,required,unchanged,high,high,high,0.0794,unproven,21,high
local,low,none,required,unchanged,high,high,none,0.0284,unproven,51,medium
network,high,low,required,unchanged,high,high,low,0.1848,poc,167,high
local,low,low,none,unchanged,none,low,low,0.1261,unproven,266,medium
network,high,none,required,unchanged,high,low,none,0.126,high,590,medium
local,high,low,none,unchanged,low,none,low,0.0569,functional,331,low
physical,high,none,required,unchanged,high,none,none,0.1492,unproven,187,medium
adjacent,low,low,required,unchanged,high,high,none,0.091,functional,204,medium
network,low,none,none,unchanged,low,high,low,0.213,poc,134,high
local,high,none,none,unchanged,high,none,none,0.01,high,66,medium
local,high,low,required,unchanged,high,low,none,0.0089,unproven,225,medium
adjacent,low,none,none,unchanged,high,low,high,0.2708,unproven,114,high
local,high,none,none,unchanged,low,high,none,0.0996,unproven,396,medium
local,high,low,none,unchanged,low,none,none,0.0238,unproven,39,low
network,high,none,none,unchanged,low,low,none,0.2075,unproven,61,medium
adjacent,low,none,required,unchanged,high,high,high,0.0432,unproven,125,high
adjacent,high,high,required,unchanged,none,high,low,0.351,unproven,390,medium
physical,low,low,none,changed,high,low,none,0.1844,unproven,154,medium
local,low,high,required,unchanged,low,none,high,0.0573,unproven,107,medium
network,low,none,none,changed,none,high,high,0.0663,unproven,100,high
local,low,low,none,changed,none,low,low,0.2441,functional,286,medium
adjacent,high,low,required,unchanged,high,high,low,0.1117,unproven,73,medium
network,low,none,none,changed,low,high,none,0.1679,poc,246,critical
network,low,none,none,unchanged,high,none,low,0.0196,high,82,high
adjacent,low,low,required,unchanged,none,none,low,0.1238,functional,243,low
network,high,low,required,changed,low,none,none,0.1961,functional,13,low
network,high,none,required,changed,low,low,high,0.0766,functional,375,medium
network,low,low,required,unchanged,none,low,high,0.0925,poc,233,medium
network,low,low,none,unchanged,high,low,low,0.155,poc,119,high
local,high,none,none,unchanged,high,none,high,0.0865,unproven,324,medium
network,low,none,required,changed,low,low,none,0.0948,functional,526,medium
adjacent,low,low,none,unchanged,none,high,high,0.0668,unproven,192,high
adjacent,high,low,required,unchanged,low,low,none,0.1163,unproven,170,low
network,high,high,none,unchanged,high,none,high,0.0794,poc,212,medium
physical,high,low,none,unchanged,low,low,low,0.1216,high,122,medium
network,low,none,none,unchanged,none,low,high,0.135,high,255,high
network,high,none,none,changed,high,high,low,0.1321,high,155,high
local,low,none,required,unchanged,high,high,low,0.0788,unproven,133,high
network,low,none,none,unchanged,high,low,high,0.0649,poc,223,critical
network,low,low,required,unchanged,high,high,high,0.1808,poc,62,high
network,low,low,required,unchanged,low,low,high,0.3446,unproven,249,medium
local,high,none,required,unchanged,none,none,high,0.1538,functional,13,medium
network,high,high,none,unchanged,low,none,low,0.0519,poc,103,low
network,low,none,none,changed,high,none,none,0.2115,unproven,377,high
local,low,low,none,unchanged,high,low,high,0.0677,unproven,150,high
network,low,low,required,changed,none,low,low,0.2517,functional,372,medium
network,low,none,none,unchanged,low,none,high,0.0391,poc,21,high
network,high,low,none,unchanged,none,high,low,0.1244,unproven,204,medium
network,low,none,required,unchanged,none,high,high,0.0499,poc,63,high
local,low,high,required,unchanged,low,low,low,0.0167,unproven,147,low
physical,low,none,none,unchanged,high,high,none,0.0949,high,348,medium
adjacent,high,low,none,unchanged,low,low,none,0.0806,poc,358,low
local,low,none,none,unchanged,none,high,high,0.1565,functional,322,high
network,low,none,required,unchanged,none,high,high,0.181,poc,482,high
network,high,none,required,unchanged,none,none,low,0.047,poc,332,low
physical,high,none,required,changed,low,high,none,0.2334,poc,172,medium
adjacent,low,none,none,changed,low,low,low,0.1529,unproven,171,high
network,low,low,required,unchanged,low,high,none,0.0578,unproven,108,medium
local,high,none,none,unchanged,high,high,none,0.2192,poc,39,medium
network,low,none,required,unchanged,low,none,low,0.159,unproven,88,medium
network,low,low,required,changed,high,none,low,0.0183,poc,140,high
network,low,none,none,unchanged,low,low,low,0.0685,unproven,170,high
adjacent,low,low,none,changed,high,low,none,0.036,unproven,749,medium
adjacent,high,high,required,unchanged,high,none,none,0.0602,poc,253,low
network,low,none,none,changed,none,high,low,0.027,unproven,367,critical
adjacent,high,none,required,unchanged,high,low,low,0.0576,functional,115,medium
network,high,low,none,unchanged,none,high,low,0.0808,functional,303,medium
adjacent,low,high,required,unchanged,none,low,high,0.066,unproven,188,medium
network,low,none,required,unchanged,high,high,low,0.1373,unproven,363,high
adjacent,low,low,none,unchanged,high,none,none,0.1058,poc,324,medium
network,low,none,required,changed,none,low,none,0.0309,poc,268,medium
network,low,low,none,unchanged,high,low,high,0.0534,unproven,380,high
network,low,low,required,unchanged,low,none,none,0.2762,poc,511,low
adjacent,high,low,none,unchanged,low,none,low,0.0686,poc,338,medium
local,low,low,required,unchanged,low,high,high,0.263,unproven,491,medium
adjacent,high,none,none,changed,high,low,high,0.1127,unproven,316,critical
local,low,low,required,unchanged,high,low,high,0.0341,unproven,159,medium
local,high,none,none,changed,low,low,none,0.0796,unproven,305,medium
network,high,none,none,unchanged,low,none,low,0.01,unproven,57,low
adjacent,high,low,required,unchanged,high,low,low,0.0781,unproven,126,medium
network,high,low,required,unchanged,low,none,high,0.0942,poc,187,low
network,low,none,none,unchanged,high,low,low,0.2092,unproven,148,high
network,high,none,required,unchanged,low,low,high,0.2296,high,599,medium
local,high,low,none,unchanged,high,none,high,0.0797,poc,101,medium
local,high,high,none,changed,high,low,high,0.2312,unproven,202,high
network,low,low,required,unchanged,high,low,high,0.1641,functional,133,high
network,low,low,none,changed,low,none,high,0.3115,unproven,86,high
adjacent,low,low,none,unchanged,high,high,low,0.0314,unproven,260,high
network,low,low,required,unchanged,low,low,high,0.0733,poc,237,medium
network,low,none,none,unchanged,high,high,none,0.034,poc,237,critical
adjacent,low,high,required,unchanged,high,high,none,0.07,unproven,239,medium
network,low,low,none,unchanged,high,high,low,0.0209,functional,318,high
adjacent,low,low,required,unchanged,high,low,none,0.1608,poc,89,medium
adjacent,low,none,none,changed,low,low,low,0.0663,high,271,medium
network,low,none,none,changed,high,high,none,0.0015,poc,489,critical
network,low,high,none,unchanged,low,none,none,0.1494,poc,552,low
adjacent,high,none,none,unchanged,high,low,none,0.042,unproven,150,medium
local,low,low,required,unchanged,none,none,low,0.0637,unproven,161,low
local,high,high,none,unchanged,low,high,low,0.0654,unproven,198,medium
network,low,high,none,unchanged,none,none,low,0.034,high,189,low
adjacent,low,high,required,unchanged,high,none,none,0.0868,poc,306,medium
network,high,low,required,unchanged,low,none,none,0.0344,functional,281,low
local,low,low,required,unchanged,high,high,none,0.1047,poc,136,medium
adjacent,low,low,none,unchanged,high,high,high,0.0511,poc,333,high
network,low,low,required,changed,high,low,low,0.1017,unproven,252,high
network,low,none,none,unchanged,low,high,high,0.0273,functional,138,critical
local,high,none,none,unchanged,high,none,high,0.039,poc,44,medium
local,low,low,required,unchanged,none,low,none,0.1867,unproven,142,low
local,low,none,none,unchanged,high,high,high,0.0793,unproven,614,high
physical,high,none,none,unchanged,low,none,none,0.0355,unproven,251,low
adjacent,low,none,required,unchanged,low,none,high,0.0543,unproven,568,medium
network,low,none,required,unchanged,low,low,high,0.103,unproven,141,medium
network,low,none,none,changed,high,high,high,0.1152,unproven,242,critical
network,high,low,none,unchanged,low,high,high,0.0928,unproven,211,medium
network,low,low,required,unchanged,low,high,high,0.0244,poc,304,high
adjacent,high,low,required,unchanged,low,none,none,0.117,unproven,200,low
network,low,none,none,unchanged,low,low,high,0.1045,poc,31,high
network,high,low,none,unchanged,high,none,low,0.292,poc,472,medium
local,high,none,none,changed,none,low,low,0.0481,functional,358,medium
network,low,none,none,unchanged,none,high,none,0.1475,poc,198,high
network,low,none,none,changed,low,none,low,0.0123,unproven,277,high
network,high,low,none,changed,low,high,low,0.0733,poc,92,high
network,low,low,none,unchanged,low,none,high,0.0109,poc,101,high
adjacent,low,none,none,unchanged,high,low,high,0.1415,unproven,287,high
adjacent,low,none,none,changed,high,low,none,0.1627,unproven,131,high
network,low,low,none,unchanged,high,none,none,0.1472,poc,244,medium
local,high,none,none,changed,none,none,high,0.0072,unproven,110,medium
local,low,low,none,changed,high,low,high,0.0383,functional,59,high
network,low,none,required,unchanged,low,low,none,0.052,unproven,138,medium
network,low,none,required,changed,high,low,high,0.0626,functional,129,critical
network,low,high,none,unchanged,low,high,none,0.0782,unproven,107,medium
local,high,low,none,unchanged,none,high,none,0.2285,poc,313,medium
local,high,none,none,changed,low,none,high,0.0569,functional,252,medium
network,low,high,none,unchanged,none,high,low,0.0753,unproven,210,medium
adjacent,low,none,required,changed,none,high,none,0.0972,unproven,13,medium
physical,low,none,required,unchanged,low,high,low,0.0439,functional,93,medium
local,low,high,required,unchanged,none,low,high,0.2629,poc,104,medium
network,low,high,none,changed,low,high,high,0.1253,unproven,324,high
network,high,high,required,unchanged,high,low,low,0.1091,unproven,390,medium
local,low,none,none,changed,none,high,none,0.0186,high,381,high
local,low,low,required,unchanged,none,high,high,0.043,poc,12,medium
adjacent,low,low,required,changed,none,low,low,0.0244,poc,540,medium
network,high,low,none,unchanged,high,low,low,0.0238,high,103,medium
network,low,low,required,unchanged,high,high,low,0.0538,unproven,402,medium
network,low,none,none,changed,low,high,none,0.0274,functional,144,critical
network,low,low,none,unchanged,high,none,low,0.1025,functional,361,high
network,high,none,required,unchanged,low,high,low,0.1531,unproven,220,medium
local,low,low,none,unchanged,none,high,low,0.132,functional,377,medium
network,low,high,required,changed,none,low,high,0.228,unproven,155,medium
network,low,none,required,unchanged,none,high,low,0.0361,poc,148,medium
local,high,none,none,unchanged,high,low,low,0.074,unproven,201,medium
network,low,low,required,unchanged,low,low,high,0.0882,unproven,130,high
local,high,low,required,changed,none,low,none,0.2861,unproven,666,low
local,low,none,none,unchanged,low,low,high,0.0494,high,355,high
network,low,low,none,unchanged,none,low,high,0.0815,unproven,362,high
network,low,none,none,unchanged,high,none,low,0.2717,unproven,236,high
network,low,low,required,unchanged,low,none,low,0.1084,unproven,148,medium
network,low,none,none,changed,high,none,none,0.1791,poc,405,high
network,low,none,none,unchanged,high,low,low,0.0981,unproven,262,high
network,high,low,none,unchanged,none,high,high,0.4546,unproven,451,medium
network,high,none,required,unchanged,low,low,high,0.0128,poc,274,medium
network,low,low,none,changed,low,high,none,0.1003,unproven,502,high
network,high,low,none,unchanged,low,high,none,0.1196,unproven,164,medium
network,low,none,none,unchanged,none,high,high,0.0146,poc,313,high
adjacent,low,high,none,unchanged,low,low,high,0.0016,unproven,160,medium
network,high,none,none,unchanged,high,none,low,0.1113,unproven,182,high
network,high,none,none,unchanged,none,low,high,0.0945,poc,37,medium
local,low,high,none,unchanged,high,low,none,0.0617,high,407,medium
local,low,none,required,changed,high,none,high,0.0835,unproven,155,high
network,low,none,required,unchanged,high,high,high,0.1472,poc,147,high
network,high,none,none,unchanged,high,low,high,0.1109,functional,639,high
adjacent,low,none,required,unchanged,high,high,high,0.0437,unproven,330,high
network,low,high,none,unchanged,low,low,high,0.1611,unproven,275,medium
adjacent,low,none,none,unchanged,low,high,high,0.3124,unproven,219,high
network,low,none,required,unchanged,high,low,low,0.1052,functional,100,high
adjacent,low,high,none,changed,none,none,high,0.163,poc,180,medium
network,low,high,required,unchanged,high,low,low,0.0615,unproven,245,medium
local,high,none,none,unchanged,high,high,low,0.1306,unproven,76,high
network,low,none,none,unchanged,high,low,none,0.0205,poc,45,high
network,low,none,required,unchanged,low,high,none,0.1742,poc,57,medium
network,low,none,required,changed,high,low,high,0.0519,unproven,46,critical
adjacent,high,high,required,unchanged,high,high,high,0.1083,poc,133,medium
network,low,high,none,unchanged,high,high,high,0.1569,unproven,63,high
network,low,low,required,unchanged,low,low,high,0.1323,unproven,194,medium
network,high,none,none,unchanged,high,none,high,0.1905,unproven,237,medium
network,low,low,required,changed,high,low,none,0.1422,unproven,55,high
physical,low,none,required,unchanged,none,none,high,0.024,unproven,243,medium
adjacent,high,high,none,changed,high,none,low,0.0495,high,75,medium
network,high,low,none,unchanged,low,low,low,0.1814,functional,94,medium
network,high,none,required,changed,low,low,none,0.1901,unproven,110,medium
network,low,none,none,unchanged,low,high,high,0.1457,poc,410,high
local,high,none,none,unchanged,high,high,low,0.0691,unproven,60,medium
adjacent,low,high,none,changed,low,none,none,0.0045,unproven,156,low
network,low,none,required,unchanged,low,none,none,0.0568,high,162,medium
adjacent,high,high,required,unchanged,low,high,low,0.1216,poc,298,medium
local,low,none,none,unchanged,high,none,high,0.0773,poc,310,high
local,low,none,required,unchanged,high,high,high,0.0965,high,357,high
network,high,low,none,unchanged,high,high,none,0.0148,unproven,74,medium
local,low,low,none,unchanged,low,low,low,0.1328,unproven,143,medium
network,low,low,none,unchanged,low,low,low,0.1212,poc,184,medium
network,high,none,none,unchanged,low,low,none,0.1835,unproven,169,medium
adjacent,low,high,required,unchanged,low,none,none,0.3417,unproven,243,low
network,low,none,none,unchanged,high,low,high,0.0072,poc,207,critical
adjacent,low,high,required,unchanged,high,low,high,0.1363,unproven,222,medium
network,low,none,none,changed,low,low,high,0.0714,unproven,196,critical
network,low,high,none,unchanged,low,none,high,0.2299,unproven,616,medium
network,low,none,none,unchanged,none,high,high,0.0491,unproven,149,high
local,low,low,required,changed,high,high,low,0.0947,unproven,82,high
network,low,high,none,unchanged,low,none,low,0.0355,poc,922,low
local,high,low,required,changed,low,high,low,0.07,poc,498,medium
local,low,high,none,unchanged,low,none,none,0.1165,functional,102,low
local,low,none,none,unchanged,high,none,high,0.1791,unproven,197,high
network,low,high,none,changed,high,low,high,0.0083,high,204,high
local,high,none,required,unchanged,high,low,high,0.0193,unproven,97,medium
local,low,low,none,unchanged,high,high,high,0.0453,poc,92,high
adjacent,low,low,none,changed,high,none,high,0.1776,unproven,61,high
physical,low,low,none,unchanged,none,high,high,0.0864,unproven,105,medium
adjacent,high,low,none,unchanged,low,high,low,0.0895,poc,24,medium
network,high,low,none,unchanged,low,none,high,0.3972,poc,193,medium
network,low,none,required,unchanged,low,none,low,0.0574,poc,177,medium
local,low,low,required,changed,high,none,none,0.1833,poc,321,medium
local,low,none,none,unchanged,high,low,high,0.1118,unproven,296,high
network,low,low,none,unchanged,low,low,low,0.0126,unproven,220,medium
network,high,none,none,unchanged,high,low,high,0.2353,poc,76,high
network,low,none,required,unchanged,high,low,high,0.1077,unproven,72,high
physical,high,low,none,unchanged,low,low,high,0.1304,functional,45,medium
local,high,low,required,unchanged,low,high,none,0.1855,unproven,493,medium
network,high,low,required,changed,high,low,high,0.13,poc,116,high
adjacent,low,none,none,unchanged,low,high,none,0.0274,unproven,27,medium
network,high,none,none,changed,high,none,high,0.224,unproven,117,high
network,low,high,required,unchanged,none,low,low,0.3123,unproven,238,low
local,low,none,none,unchanged,none,none,low,0.0023,unproven,303,medium
physical,high,low,none,changed,high,low,low,0.2677,unproven,212,medium
network,high,high,required,changed,low,high,high,0.0393,functional,145,high
network,low,low,required,unchanged,none,low,none,0.0627,unproven,641,low
network,low,low,required,unchanged,high,low,none,0.2878,poc,200,medium
network,low,low,required,unchanged,none,high,low,0.2008,poc,120,medium
network,low,low,required,unchanged,high,low,low,0.0717,poc,166,medium
local,high,high,none,unchanged,high,none,none,0.1,high,235,low
physical,high,low,none,unchanged,none,low,low,0.3181,high,56,low
network,high,none,none,unchanged,low,low,none,0.1044,poc,185,medium
local,high,none,required,unchanged,low,low,low,0.0648,functional,252,medium
local,low,high,required,changed,low,none,low,0.0682,functional,193,medium
network,low,low,none,unchanged,none,low,high,0.0666,unproven,652,high
adjacent,low,none,none,unchanged,high,low,high,0.0769,unproven,303,high
network,low,none,none,changed,none,low,high,0.0853,unproven,236,high
adjacent,high,none,none,unchanged,low,high,high,0.0493,unproven,147,medium
network,high,low,required,unchanged,none,low,low,0.0352,functional,395,medium
network,low,none,none,changed,low,high,low,0.0114,functional,405,critical
adjacent,high,none,required,changed,low,low,high,0.0885,unproven,512,medium
network,high,low,none,unchanged,none,low,none,0.1049,functional,341,low
network,high,low,required,unchanged,high,none,low,0.0391,high,301,medium
adjacent,low,none,none,unchanged,low,high,none,0.225,poc,309,medium
network,low,none,required,unchanged,low,low,low,0.0789,unproven,5,medium
local,low,none,required,changed,none,none,high,0.1592,functional,232,medium
network,low,none,required,unchanged,none,low,low,0.0339,unproven,276,medium
network,high,low,none,unchanged,none,none,high,0.2024,poc,266,medium
local,low,high,none,unchanged,low,low,high,0.2419,poc,191,medium
network,low,none,none,unchanged,low,none,none,0.093,poc,72,medium
network,low,high,required,unchanged,low,none,low,0.1928,poc,138,low
network,low,none,none,changed,high,low,none,0.3128,unproven,641,critical
adjacent,low,low,required,unchanged,none,none,low,0.0592,unproven,59,low
local,high,low,none,changed,low,high,low,0.301,high,342,high
network,low,none,none,unchanged,high,low,none,0.0494,poc,175,high
adjacent,low,none,none,unchanged,high,low,high,0.0906,unproven,321,high
network,low,none,none,changed,low,low,none,0.0412,unproven,126,medium
network,low,none,none,unchanged,high,low,none,0.0344,unproven,62,high
adjacent,low,none,required,unchanged,none,low,high,0.1133,unproven,454,medium
network,low,none,none,unchanged,none,low,high,0.1842,unproven,344,high
local,high,high,none,changed,none,high,none,0.0438,unproven,80,medium
network,low,low,none,unchanged,none,low,high,0.0414,unproven,177,high
physical,low,none,none,unchanged,none,low,high,0.0772,poc,165,medium
network,low,low,none,changed,high,low,high,0.0156,functional,100,critical
network,low,high,none,changed,high,low,none,0.2689,unproven,215,medium
adjacent,low,low,none,changed,high,none,high,0.2168,functional,49,high
adjacent,low,low,none,unchanged,high,high,high,0.0922,unproven,306,high
adjacent,low,high,none,unchanged,high,none,high,0.0165,poc,537,medium
network,low,low,none,unchanged,low,high,low,0.1331,functional,216,high
network,low,none,required,unchanged,high,low,none,0.137,unproven,500,high
network,low,none,none,changed,none,high,low,0.092,high,726,critical
network,low,high,none,unchanged,low,none,low,0.0935,unproven,101,low
network,high,none,none,unchanged,high,low,none,0.1476,poc,108,medium
network,low,high,none,unchanged,low,high,high,0.1154,unproven,118,high
network,low,high,required,unchanged,high,none,high,0.3517,poc,313,medium
network,low,none,required,unchanged,high,high,high,0.1078,unproven,175,high
physical,low,low,none,unchanged,high,high,low,0.0909,unproven,184,medium
network,low,low,none,changed,low,low,low,0.033,unproven,287,high
network,low,high,none,changed,none,high,high,0.047,functional,510,high
network,low,high,none,changed,none,none,none,0.0214,unproven,354,low
network,low,none,none,unchanged,none,none,low,0.2071,poc,85,medium
network,low,none,none,unchanged,none,low,high,0.1126,unproven,159,high
local,high,none,none,unchanged,low,low,low,0.4028,unproven,243,medium
network,high,high,none,unchanged,none,low,high,0.0414,unproven,82,medium
network,low,high,none,changed,high,low,none,0.1228,unproven,104,medium
network,high,high,required,unchanged,none,low,low,0.0996,unproven,70,low
adjacent,low,none,none,unchanged,high,low,high,0.0162,unproven,105,high
adjacent,low,low,none,changed,low,low,low,0.0697,functional,362,medium
network,high,low,none,unchanged,none,low,none,0.111,poc,255,low
adjacent,high,none,none,unchanged,none,none,high,0.0512,unproven,511,medium
local,low,none,required,unchanged,low,high,none,0.1215,functional,73,medium
network,low,none,required,unchanged,low,low,high,0.0962,poc,156,high
network,low,none,required,unchanged,high,high,none,0.0638,unproven,314,high
network,low,high,none,unchanged,none,none,none,0.3122,poc,157,low
network,low,low,required,unchanged,high,none,low,0.2233,functional,218,medium
network,low,low,required,unchanged,high,low,none,0.2753,functional,186,medium
network,low,none,none,unchanged,high,low,none,0.0725,functional,203,high
adjacent,high,low,required,unchanged,none,low,none,0.0521,functional,208,low
adjacent,low,low,none,changed,high,low,none,0.0876,poc,616,medium
local,low,none,required,unchanged,high,none,high,0.0495,functional,244,medium
network,low,none,none,unchanged,none,high,high,0.0881,unproven,218,critical
adjacent,high,high,none,unchanged,high,low,none,0.1282,functional,182,medium
local,high,none,none,changed,low,low,high,0.0667,unproven,72,high
adjacent,high,high,required,changed,low,high,none,0.1342,poc,466,medium
local,low,none,none,unchanged,high,none,none,0.1067,functional,78,medium
local,high,high,none,unchanged,high,high,high,0.129,unproven,186,medium
local,low,high,required,changed,high,low,none,0.0492,poc,81,medium
local,low,high,required,unchanged,none,low,none,0.1511,unproven,129,low
network,high,none,none,unchanged,high,none,none,0.1715,poc,274,medium
adjacent,low,high,none,unchanged,high,low,none,0.0587,unproven,91,medium
network,low,low,required,changed,low,low,none,0.0749,functional,380,medium
local,high,none,none,changed,high,low,none,0.1315,unproven,179,medium
adjacent,low,high,required,unchanged,low,high,low,0.0582,unproven,399,medium
local,high,low,required,unchanged,low,none,low,0.091,poc,121,low
local,low,none,required,unchanged,none,none,high,0.3081,unproven,56,medium
local,low,none,none,changed,none,low,low,0.0168,unproven,79,medium
network,low,low,none,unchanged,low,none,high,0.0128,unproven,28,medium
network,low,high,none,unchanged,high,none,low,0.1109,unproven,231,medium
adjacent,low,none,none,changed,high,none,high,0.0163,poc,119,critical
network,low,none,none,unchanged,none,high,none,0.2119,unproven,394,high
network,high,low,none,unchanged,high,none,high,0.0507,functional,118,medium
network,low,low,none,unchanged,low,high,low,0.0918,unproven,148,high
network,low,none,required,changed,high,none,none,0.3251,poc,22,high
local,high,low,required,unchanged,low,none,low,0.1478,poc,263,low
network,low,low,required,changed,none,high,high,0.2427,poc,166,high
network,low,none,none,unchanged,high,low,high,0.2441,functional,230,critical
network,low,none,none,changed,high,low,none,0.1589,high,174,critical
network,low,high,required,unchanged,none,high,high,0.0674,unproven,28,medium
network,low,low,none,unchanged,none,low,low,0.0071,unproven,191,medium
local,low,low,required,unchanged,low,high,none,0.0851,functional,333,medium
network,high,low,none,unchanged,high,high,low,0.1231,unproven,167,medium
network,high,low,none,unchanged,low,none,none,0.099,unproven,174,low
local,low,none,required,unchanged,high,none,none,0.1342,poc,65,medium
network,high,low,required,unchanged,none,low,high,0.0511,poc,309,medium
network,high,none,none,unchanged,high,low,low,0.0801,poc,133,medium
network,high,high,required,unchanged,high,low,none,0.1365,unproven,100,medium
network,low,high,required,changed,none,none,none,0.1002,functional,269,low
physical,low,high,required,changed,high,none,high,0.1137,poc,150,medium
adjacent,low,none,none,unchanged,none,none,high,0.1425,poc,237,medium
network,low,none,none,changed,high,none,none,0.0609,unproven,131,high
adjacent,low,none,none,unchanged,high,none,low,0.0752,unproven,168,high
local,low,low,required,unchanged,low,none,high,0.0112,unproven,66,medium
local,low,none,required,unchanged,low,high,high,0.1254,unproven,340,high
adjacent,high,none,required,unchanged,low,low,none,0.173,poc,284,medium
local,high,none,required,unchanged,low,high,low,0.0275,poc,198,medium
local,low,none,none,unchanged,high,high,none,0.3627,unproven,289,high
local,low,high,required,unchanged,low,low,high,0.0593,poc,150,medium
local,low,high,none,unchanged,high,low,low,0.083,unproven,193,medium
network,low,high,none,unchanged,low,high,high,0.0493,poc,322,medium
network,low,low,none,unchanged,high,none,low,0.363,unproven,654,medium
local,low,none,none,unchanged,high,high,none,0.0951,unproven,44,high
local,low,high,none,unchanged,low,high,low,0.176,unproven,273,medium
network,low,high,required,unchanged,none,low,high,0.0415,unproven,260,medium
local,low,low,none,unchanged,high,low,high,0.0382,unproven,163,high
network,low,none,required,changed,high,low,low,0.0919,poc,159,high
network,high,high,none,changed,low,low,high,0.1808,poc,89,medium
network,low,low,none,unchanged,none,none,none,0.0554,poc,75,low
network,low,none,none,changed,low,none,high,0.0554,unproven,303,high
adjacent,low,low,required,unchanged,low,none,high,0.0159,unproven,396,medium
adjacent,low,none,required,unchanged,low,low,none,0.0522,unproven,200,medium
network,low,none,none,unchanged,low,high,low,0.1706,poc,184,critical
network,low,high,none,changed,high,low,none,0.0918,poc,254,medium
local,low,low,required,changed,high,low,high,0.0802,poc,426,high
local,low,high,none,unchanged,low,low,high,0.0323,unproven,608,medium
local,low,low,required,unchanged,none,low,high,0.0814,unproven,639,medium
local,low,none,none,unchanged,low,none,high,0.065,unproven,4,medium
local,low,low,required,unchanged,low,high,low,0.0252,high,195,medium
network,low,none,none,unchanged,low,low,none,0.0137,high,331,medium
network,high,high,none,changed,high,high,low,0.0448,high,238,medium
network,high,high,required,unchanged,high,low,low,0.0855,poc,114,medium
network,high,none,none,unchanged,high,high,low,0.1207,unproven,194,high
network,high,none,required,unchanged,low,low,low,0.0166,poc,185,medium
local,low,high,none,unchanged,high,high,high,0.0856,functional,122,medium
local,low,high,none,unchanged,high,low,high,0.0567,functional,69,medium
network,high,high,none,unchanged,none,high,low,0.2081,high,486,medium
network,low,none,none,unchanged,high,none,none,0.1074,poc,217,high
network,high,none,none,unchanged,none,low,low,0.2077,unproven,120,medium
local,low,none,none,unchanged,low,none,none,0.0855,functional,399,medium
local,high,none,none,changed,none,none,high,0.1281,high,84,medium
adjacent,low,high,required,unchanged,low,high,none,0.0395,high,218,medium
network,high,high,none,unchanged,none,low,low,0.1211,unproven,720,low
network,high,low,none,unchanged,low,high,low,0.114,poc,301,medium
adjacent,low,low,required,unchanged,low,high,none,0.2093,unproven,306,medium
local,low,none,required,unchanged,low,high,low,0.1753,functional,266,medium
adjacent,high,none,none,changed,high,high,high,0.139,functional,41,high
network,low,none,required,changed,none,high,high,0.1553,poc,69,critical
network,high,none,required,unchanged,low,none,high,0.1733,high,453,medium
local,low,none,required,changed,none,low,high,0.0229,unproven,334,medium
physical,high,low,none,unchanged,none,none,high,0.0781,unproven,207,medium
local,low,none,required,unchanged,none,none,low,0.0076,functional,283,low
local,low,low,none,changed,low,none,low,0.0774,unproven,659,medium
network,high,none,required,changed,none,high,none,0.1321,functional,64,medium
network,high,low,none,unchanged,low,low,low,0.0601,unproven,146,medium
network,low,none,required,unchanged,low,high,high,0.0934,high,158,high
network,low,high,none,changed,low,high,high,0.0997,poc,223,high
network,high,low,required,unchanged,high,none,none,0.1237,unproven,191,medium
network,low,none,required,unchanged,low,high,none,0.0281,unproven,535,high
network,low,none,none,changed,high,low,high,0.2012,unproven,413,critical
local,low,none,none,unchanged,high,low,low,0.1007,unproven,205,high
network,high,none,none,unchanged,none,low,high,0.0345,functional,232,medium
adjacent,high,none,none,unchanged,high,none,none,0.1404,unproven,379,medium
network,low,high,none,changed,low,low,none,0.0354,unproven,294,medium
local,low,none,none,unchanged,low,low,none,0.3954,unproven,122,medium
network,high,low,none,changed,high,high,high,0.0531,high,155,high
network,low,high,none,unchanged,low,none,high,0.3263,poc,278,medium
local,low,high,required,changed,low,low,none,0.147,unproven,390,low
local,low,high,required,unchanged,none,low,none,0.0446,unproven,238,low
network,low,none,required,unchanged,low,high,low,0.054,unproven,167,high
local,low,none,required,unchanged,none,high,high,0.1909,unproven,103,high
network,low,none,required,unchanged,low,low,low,0.0246,unproven,408,medium
local,low,none,required,changed,none,none,high,0.1286,unproven,202,high
local,low,low,none,unchanged,low,high,high,0.1698,functional,112,high
network,high,none,required,unchanged,high,high,none,0.0176,unproven,75,medium
network,high,high,required,unchanged,low,low,low,0.2067,poc,111,low
network,low,low,none,unchanged,low,low,high,0.3528,unproven,370,high
network,low,low,required,changed,high,none,none,0.1992,unproven,251,medium
network,low,none,required,unchanged,low,high,high,0.1801,unproven,232,high
network,low,low,none,unchanged,high,none,none,0.0804,high,397,medium
network,low,low,required,unchanged,none,low,low,0.1039,unproven,296,medium
network,low,low,required,unchanged,none,low,high,0.0327,unproven,130,medium
network,high,low,none,unchanged,high,none,high,0.035,functional,654,medium
local,low,none,none,unchanged,none,none,low,0.0412,unproven,141,low
local,high,low,none,changed,high,high,low,0.367,poc,63,high
network,low,none,none,unchanged,low,none,high,0.0523,high,340,high
network,low,none,required,changed,high,low,low,0.1869,unproven,126,critical
local,low,high,none,changed,high,none,none,0.019,unproven,638,medium
network,low,none,none,unchanged,high,none,high,0.2176,poc,68,critical
network,low,none,required,unchanged,low,high,high,0.067,unproven,299,high
network,low,none,none,changed,high,low,none,0.0477,functional,202,high
network,low,low,none,unchanged,low,low,high,0.0503,unproven,74,high
network,low,low,none,unchanged,none,high,low,0.1088,high,410,medium
network,low,none,none,changed,low,none,low,0.1322,functional,192,high
network,high,low,none,unchanged,high,low,low,0.1674,unproven,296,medium
adjacent,low,high,required,unchanged,high,high,none,0.1637,unproven,237,medium
network,high,none,required,unchanged,none,low,high,0.0655,unproven,74,medium
physical,low,high,none,unchanged,high,high,high,0.1323,unproven,178,medium
network,low,high,none,unchanged,high,high,none,0.0299,functional,549,medium
network,low,none,none,unchanged,none,low,none,0.0325,high,101,medium
network,low,none,required,unchanged,none,high,none,0.0354,functional,279,medium
local,high,none,none,changed,high,none,none,0.0888,unproven,371,medium
local,high,none,none,unchanged,low,none,high,0.1418,high,51,medium
adjacent,high,low,required,unchanged,low,low,none,0.1539,unproven,259,low
network,low,low,none,unchanged,low,high,none,0.0748,poc,446,medium
network,high,none,none,unchanged,high,high,high,0.053,unproven,147,high
physical,low,low,none,unchanged,low,none,high,0.1461,functional,166,medium
local,low,low,none,unchanged,high,none,high,0.1609,poc,253,high
adjacent,high,none,none,changed,high,high,none,0.2423,unproven,395,high
network,low,low,required,unchanged,none,low,high,0.0621,poc,782,medium
network,low,none,none,unchanged,low,low,high,0.0378,poc,116,high
network,low,low,none,unchanged,high,low,high,0.1418,unproven,170,high
adjacent,low,none,none,unchanged,none,low,none,0.1984,functional,56,low
local,high,high,none,unchanged,high,low,low,0.1474,unproven,100,medium
network,low,none,required,unchanged,low,none,none,0.0137,poc,289,low
network,low,none,none,unchanged,high,low,none,0.0333,unproven,33,high
network,low,none,none,unchanged,low,low,low,0.5224,poc,127,high
adjacent,low,none,required,unchanged,low,low,high,0.0071,poc,694,high
local,low,low,none,unchanged,none,high,none,0.2545,poc,98,medium
adjacent,low,low,required,unchanged,high,none,none,0.0793,unproven,72,medium
adjacent,low,high,none,unchanged,high,none,high,0.064,unproven,97,medium
network,high,none,required,unchanged,low,high,none,0.0221,poc,66,medium
network,high,none,required,unchanged,none,none,low,0.065,unproven,63,low
adjacent,low,low,required,unchanged,high,none,none,0.0511,unproven,126,medium
local,low,low,required,unchanged,none,low,low,0.0706,unproven,336,low
network,high,high,none,unchanged,none,high,none,0.0045,unproven,23,medium
local,low,low,none,changed,low,high,low,0.0242,unproven,7,medium
local,low,low,required,unchanged,high,high,low,0.0328,unproven,284,high
local,low,none,none,unchanged,none,low,high,0.0603,poc,721,medium
network,low,high,required,unchanged,high,high,high,0.0766,unproven,66,medium
network,low,low,none,unchanged,none,high,high,0.1376,poc,142,high
network,low,low,none,unchanged,none,none,low,0.0404,unproven,150,medium
local,low,low,required,changed,none,none,low,0.0029,poc,411,low
network,low,none,required,unchanged,low,high,low,0.1276,unproven,412,high
local,high,high,none,unchanged,high,low,none,0.0573,unproven,87,low
network,low,high,required,unchanged,low,low,none,0.0877,functional,236,low
network,low,none,none,unchanged,low,low,high,0.0279,poc,108,critical
network,low,high,none,changed,low,none,high,0.1204,functional,505,medium
network,low,high,required,unchanged,low,low,none,0.1474,unproven,496,low
adjacent,high,none,none,unchanged,low,high,low,0.0526,poc,187,high
physical,low,low,none,unchanged,high,high,high,0.0127,poc,212,medium
network,high,none,none,unchanged,high,low,none,0.0246,poc,69,medium
network,high,none,required,unchanged,high,low,none,0.016,poc,71,medium
adjacent,low,low,required,unchanged,high,none,low,0.1001,poc,69,medium
network,low,none,none,changed,high,none,none,0.1536,unproven,167,critical
local,low,none,none,unchanged,high,high,high,0.0714,unproven,39,critical
network,low,none,required,unchanged,low,low,none,0.2157,unproven,174,medium
adjacent,low,low,none,unchanged,none,low,none,0.0414,unproven,76,medium
adjacent,low,low,required,unchanged,low,high,high,0.3506,poc,71,medium
local,low,none,required,unchanged,high,none,none,0.2172,unproven,263,medium
local,low,low,none,changed,high,low,high,0.1432,high,204,high
network,low,none,required,unchanged,low,low,high,0.0615,poc,323,high
network,low,none,none,unchanged,high,none,low,0.0945,poc,153,high
local,low,high,none,unchanged,none,high,high,0.1535,poc,360,medium
network,low,high,none,unchanged,high,low,low,0.1373,unproven,368,medium
local,low,low,none,unchanged,none,low,low,0.1556,high,332,medium
network,low,low,none,changed,high,low,low,0.0724,poc,426,high
network,low,none,none,unchanged,none,low,low,0.1973,poc,259,medium
network,low,none,none,unchanged,high,none,high,0.1328,poc,317,high
local,low,none,none,unchanged,low,none,none,0.1389,poc,62,low
local,low,low,none,unchanged,high,low,high,0.2915,functional,619,high
adjacent,high,none,required,unchanged,low,high,high,0.0374,unproven,30,medium
network,low,none,none,unchanged,none,low,low,0.2963,unproven,96,medium
network,low,low,none,unchanged,high,low,none,0.1185,poc,716,medium
network,low,none,none,unchanged,low,none,low,0.0341,functional,314,medium
network,low,low,none,unchanged,low,high,none,0.1147,unproven,759,high
adjacent,high,high,none,unchanged,low,none,high,0.1337,high,151,medium
network,high,none,none,unchanged,none,low,high,0.0632,poc,424,medium
local,low,none,none,changed,none,high,none,0.1319,unproven,316,medium
local,low,none,none,unchanged,high,high,low,0.2328,poc,188,high
network,high,low,none,unchanged,low,low,low,0.0127,high,127,medium
network,high,low,required,unchanged,high,low,low,0.0301,unproven,224,medium
network,high,high,required,unchanged,low,high,high,0.0497,poc,309,medium
network,low,none,none,unchanged,low,none,none,0.0651,unproven,60,medium
network,low,low,none,unchanged,high,low,high,0.2401,poc,34,high
network,low,low,none,unchanged,high,low,high,0.0394,poc,151,high
physical,low,none,none,unchanged,high,none,none,0.0796,functional,53,medium
adjacent,low,none,none,unchanged,high,none,high,0.0869,functional,408,high
network,high,none,none,unchanged,high,low,high,0.1575,functional,68,medium
adjacent,high,high,required,unchanged,high,none,none,0.1097,functional,280,medium
network,high,low,required,changed,high,low,high,0.0136,poc,132,high
local,low,none,required,unchanged,low,none,none,0.1001,functional,879,low
network,low,high,required,unchanged,none,low,high,0.0357,functional,59,medium
local,high,high,none,unchanged,none,high,high,0.0188,unproven,244,medium
network,high,high,none,unchanged,high,none,high,0.0737,poc,85,medium
local,low,none,none,changed,none,high,low,0.1605,poc,259,high
local,low,none,required,unchanged,high,none,none,0.1384,high,57,medium
network,low,low,none,changed,high,low,none,0.0128,unproven,11,high
physical,high,high,required,changed,none,none,none,0.1073,high,101,low
local,high,high,none,changed,low,low,high,0.2215,high,138,medium
network,high,high,none,unchanged,high,low,low,0.0614,poc,191,medium
local,high,none,required,changed,none,low,none,0.0431,unproven,415,low
local,high,high,none,unchanged,none,none,low,0.2487,unproven,201,low
network,high,none,required,changed,high,none,low,0.3011,poc,85,medium
network,low,none,none,unchanged,none,high,low,0.2349,functional,183,high
network,low,none,none,changed,low,high,high,0.1148,high,311,critical
adjacent,high,low,required,unchanged,low,high,high,0.018,poc,44,medium
network,low,none,required,unchanged,low,high,low,0.2473,unproven,482,high
network,low,none,none,unchanged,low,none,low,0.0685,poc,746,high
physical,low,none,none,unchanged,none,high,low,0.1597,poc,142,medium
network,low,high,none,changed,low,low,none,0.025,poc,196,medium
network,high,low,required,changed,none,none,low,0.1338,functional,9,low
network,low,none,none,changed,low,none,low,0.116,functional,255,medium
network,low,none,none,unchanged,none,high,none,0.0148,unproven,191,high
network,high,low,none,unchanged,none,none,high,0.2687,unproven,156,medium
network,low,low,required,unchanged,low,high,low,0.0753,unproven,287,high
network,high,high,none,unchanged,high,high,none,0.1646,unproven,87,medium
adjacent,low,none,none,changed,high,high,high,0.1936,poc,670,critical
network,low,none,none,changed,none,high,low,0.0315,unproven,430,critical
local,high,low,none,unchanged,high,high,high,0.1837,unproven,122,medium
network,low,none,none,unchanged,high,high,none,0.1145,unproven,141,critical
local,low,none,none,changed,none,high,high,0.0961,poc,128,high
local,low,low,required,unchanged,high,none,low,0.3218,poc,322,medium
network,low,low,required,unchanged,high,high,none,0.1539,unproven,266,high
network,low,low,required,changed,low,none,none,0.0265,high,387,medium
network,low,low,none,unchanged,high,high,none,0.1162,poc,115,high
physical,low,low,none,changed,high,low,low,0.0521,unproven,40,medium
network,low,low,none,unchanged,high,high,low,0.2451,unproven,741,high
local,high,low,required,unchanged,none,none,none,0.1506,functional,141,low
adjacent,high,low,none,unchanged,high,high,none,0.1313,functional,249,medium
local,low,none,required,unchanged,low,high,high,0.0977,poc,83,medium
network,low,none,required,unchanged,low,low,low,0.2216,poc,438,medium
local,low,none,none,unchanged,low,high,low,0.0771,poc,215,medium
local,high,low,none,unchanged,low,none,high,0.088,functional,83,medium
network,low,high,required,changed,none,high,high,0.0644,unproven,48,high
physical,low,none,none,changed,high,high,high,0.1233,unproven,172,high
local,low,low,required,unchanged,low,none,high,0.0701,unproven,415,medium
local,low,low,none,unchanged,high,high,high,0.0705,poc,123,high
network,low,low,none,unchanged,low,high,low,0.1132,high,25,high
network,low,none,none,unchanged,high,low,high,0.1058,functional,116,critical
network,low,none,none,unchanged,high,low,low,0.1082,high,472,high
adjacent,low,low,none,unchanged,low,none,high,0.076,unproven,92,medium
network,low,none,none,unchanged,none,high,none,0.0137,unproven,297,high
physical,high,none,none,changed,low,none,high,0.0869,poc,39,medium
local,high,none,none,changed,low,low,none,0.2239,unproven,262,medium
local,low,low,required,unchanged,high,low,none,0.0585,unproven,515,medium
network,low,low,none,unchanged,none,high,high,0.0589,unproven,83,high
local,low,none,required,unchanged,low,high,none,0.1185,functional,92,medium
physical,low,low,required,unchanged,low,high,none,0.0634,poc,185,medium
network,low,low,required,unchanged,low,none,high,0.0868,poc,125,medium
network,high,high,required,changed,low,high,high,0.0198,functional,243,medium
network,low,low,none,changed,high,none,high,0.1053,functional,166,critical
adjacent,low,none,none,unchanged,high,low,low,0.0767,unproven,15,high
network,low,low,none,unchanged,none,none,high,0.0801,unproven,146,medium
network,high,none,required,unchanged,low,none,high,0.0115,unproven,415,medium
local,high,low,none,unchanged,high,none,high,0.1584,unproven,286,medium
network,high,low,required,unchanged,low,none,none,0.0935,unproven,119,low
network,low,low,none,changed,low,high,high,0.2027,unproven,489,critical
network,low,low,required,unchanged,low,none,none,0.0357,unproven,382,low
network,high,high,none,unchanged,high,none,high,0.0774,poc,179,medium
local,high,none,required,unchanged,low,low,high,0.0401,unproven,243,medium
adjacent,low,high,required,unchanged,low,none,low,0.0786,unproven,89,low
network,low,low,none,unchanged,none,low,low,0.0033,functional,248,medium
network,high,none,none,changed,none,none,high,0.0856,unproven,359,medium
network,low,low,none,unchanged,low,none,high,0.0881,unproven,61,high
local,high,low,required,changed,low,low,none,0.1096,functional,51,low
network,high,none,none,unchanged,none,high,high,0.3815,unproven,230,high
network,low,high,none,unchanged,low,high,high,0.0671,unproven,236,medium
network,low,none,required,changed,low,low,high,0.1139,unproven,16,high
local,high,none,required,unchanged,none,high,low,0.3226,poc,224,medium
local,low,none,none,unchanged,none,none,high,0.0384,unproven,619,medium
network,low,low,required,unchanged,high,low,low,0.103,high,217,medium
network,high,high,none,unchanged,high,high,low,0.3016,unproven,160,medium
network,low,none,required,unchanged,low,high,high,0.0433,functional,209,high
local,low,none,none,unchanged,low,none,high,0.1287,unproven,71,high
adjacent,low,low,none,changed,high,none,low,0.0236,poc,185,high
adjacent,low,low,none,unchanged,none,high,none,0.0206,poc,146,medium
local,low,none,none,unchanged,high,high,high,0.0093,poc,112,high
adjacent,low,high,none,unchanged,low,none,high,0.2596,poc,295,medium
network,low,none,required,changed,low,low,high,0.0975,unproven,163,high
network,low,none,required,unchanged,high,high,low,0.0166,poc,127,high
network,low,high,required,unchanged,high,low,none,0.0484,poc,139,medium
network,low,low,none,unchanged,high,low,low,0.0996,unproven,162,high
local,low,none,none,changed,high,low,high,0.1853,unproven,236,critical
network,low,none,none,changed,high,low,none,0.0999,unproven,373,critical
network,low,none,none,unchanged,low,none,none,0.138,poc,209,medium
adjacent,low,none,none,changed,high,high,high,0.0706,high,355,critical
network,low,none,none,unchanged,low,none,low,0.0722,unproven,211,medium
network,low,none,none,unchanged,low,low,low,0.042,poc,162,high
network,low,none,required,unchanged,none,none,high,0.0159,unproven,319,high
physical,low,high,none,unchanged,none,low,none,0.0981,unproven,335,low
network,high,low,required,unchanged,high,high,high,0.0911,unproven,90,high
adjacent,low,none,none,unchanged,high,none,none,0.1762,poc,268,medium
network,low,none,required,changed,none,none,high,0.135,poc,502,high
network,low,high,none,unchanged,high,high,low,0.1432,high,287,medium
network,high,high,none,changed,low,low,low,0.1456,functional,74,medium
local,low,low,required,unchanged,low,high,high,0.1926,unproven,525,medium
local,high,low,none,unchanged,none,low,low,0.0206,unproven,145,low
local,high,low,none,changed,low,high,high,0.1533,unproven,205,high
network,low,low,none,unchanged,high,low,high,0.1059,poc,89,high
local,high,high,none,unchanged,high,low,low,0.1504,poc,337,medium
local,high,none,none,unchanged,high,high,low,0.2152,unproven,226,medium
local,high,low,none,unchanged,none,low,high,0.0388,high,65,medium
network,low,low,none,changed,high,low,none,0.1801,poc,402,high
local,low,none,required,unchanged,high,high,none,0.2487,poc,403,high
network,high,none,none,unchanged,high,low,low,0.0324,poc,173,high
adjacent,low,none,none,unchanged,none,low,high,0.1068,unproven,183,medium
local,high,none,none,unchanged,none,high,low,0.0102,poc,462,medium
network,low,high,none,unchanged,none,low,high,0.0839,unproven,601,medium
local,low,high,none,unchanged,low,none,none,0.0737,unproven,23,low
network,low,none,required,unchanged,low,none,low,0.2094,unproven,445,medium
network,high,low,none,unchanged,none,none,low,0.046,unproven,237,low
local,low,high,none,unchanged,none,high,low,0.0549,poc,250,medium
local,high,high,required,changed,low,high,high,0.0806,functional,246,medium
network,low,none,required,unchanged,low,none,low,0.0209,poc,907,medium
network,low,low,none,unchanged,high,none,high,0.0256,unproven,516,high
adjacent,low,low,none,unchanged,none,low,none,0.0776,unproven,357,low
network,low,none,none,unchanged,none,low,low,0.1974,unproven,109,medium
local,high,low,required,unchanged,high,low,low,0.2793,poc,111,medium
network,low,none,required,unchanged,low,none,high,0.2183,unproven,126,high
network,low,none,none,unchanged,high,none,high,0.0535,unproven,532,high
network,high,none,none,unchanged,none,low,none,0.1935,unproven,133,low
network,low,low,none,changed,none,high,high,0.0849,unproven,588,critical
network,low,none,required,unchanged,none,high,low,0.1284,unproven,244,medium
physical,low,none,required,unchanged,low,high,low,0.1619,unproven,116,medium
network,low,low,none,unchanged,low,high,high,0.0888,functional,95,high
network,low,high,none,unchanged,high,low,none,0.1,unproven,157,medium
network,high,none,required,unchanged,low,low,high,0.1178,functional,383,medium
adjacent,low,low,none,changed,low,high,high,0.0295,functional,275,high
network,low,none,required,unchanged,high,low,none,0.0642,functional,528,high
local,high,low,required,unchanged,none,low,high,0.0961,poc,219,medium
adjacent,high,high,none,changed,high,low,low,0.0507,poc,92,medium
adjacent,low,none,required,unchanged,low,none,low,0.0345,poc,910,medium
adjacent,high,high,none,unchanged,low,high,low,0.1526,unproven,462,medium
network,low,low,required,unchanged,high,low,low,0.0246,functional,168,medium
local,low,high,none,changed,high,none,high,0.3049,unproven,35,medium
network,low,low,none,unchanged,high,low,high,0.0527,functional,99,high
network,low,low,none,unchanged,none,none,high,0.04,unproven,198,medium
adjacent,high,none,required,changed,low,low,none,0.157,high,105,medium
network,high,low,required,unchanged,low,low,high,0.0487,unproven,354,medium
network,low,low,required,unchanged,high,high,high,0.3233,poc,127,high
network,low,none,none,unchanged,high,low,none,0.2486,functional,179,high
network,low,none,required,unchanged,none,low,low,0.0551,unproven,332,medium
network,low,none,required,unchanged,high,high,high,0.127,unproven,182,critical
local,high,low,required,changed,high,none,high,0.1466,high,70,medium
network,low,none,none,unchanged,low,low,high,0.0694,poc,293,high
local,high,low,none,changed,high,none,low,0.1217,unproven,310,medium
local,low,none,required,unchanged,high,high,none,0.1526,functional,216,medium
network,high,low,required,unchanged,low,high,high,0.0368,high,628,medium
network,high,low,none,unchanged,low,none,low,0.2303,high,81,low
local,high,low,required,changed,none,high,high,0.0491,poc,31,high
adjacent,low,none,none,changed,high,none,none,0.0751,poc,584,medium
network,high,none,required,unchanged,low,low,none,0.0263,high,326,low
local,low,none,none,changed,high,low,none,0.1144,unproven,251,high
network,low,high,required,unchanged,low,none,none,0.1082,unproven,153,low
network,low,none,required,unchanged,low,high,low,0.0122,poc,259,high
network,low,none,required,unchanged,low,none,high,0.0725,unproven,51,medium
physical,high,low,required,unchanged,high,none,high,0.0791,unproven,361,medium
network,low,none,none,changed,low,none,none,0.0664,poc,196,medium
network,low,none,none,unchanged,none,none,low,0.1476,poc,141,medium
physical,low,none,none,changed,low,none,none,0.0907,unproven,68,low
local,low,high,none,unchanged,low,low,high,0.0941,poc,66,medium
local,low,none,none,unchanged,low,high,high,0.1709,unproven,11,high
network,low,low,none,changed,low,high,none,0.2038,unproven,336,high
local,high,low,none,unchanged,low,high,low,0.2179,functional,229,medium
adjacent,low,none,none,changed,high,none,none,0.1782,poc,25,medium
adjacent,low,low,required,changed,high,none,high,0.0737,poc,224,high
local,high,low,required,changed,low,high,high,0.0623,poc,403,high
physical,low,high,required,unchanged,high,low,high,0.1113,functional,446,medium
network,high,low,none,changed,low,none,none,0.1272,unproven,91,low
network,low,high,none,unchanged,high,low,high,0.0188,unproven,140,medium
network,low,none,none,unchanged,high,high,none,0.1914,poc,274,critical
network,low,low,none,unchanged,low,low,high,0.1917,unproven,101,high
network,low,low,none,changed,high,high,none,0.0664,high,208,high
network,low,high,none,unchanged,high,none,high,0.0527,unproven,79,medium
network,high,none,none,unchanged,high,none,none,0.1912,poc,208,medium
network,high,none,none,changed,none,high,high,0.082,functional,43,critical
network,high,none,none,unchanged,none,none,low,0.1119,functional,355,low
network,low,none,none,changed,low,none,high,0.3728,unproven,148,critical
adjacent,high,none,required,unchanged,low,none,none,0.1636,unproven,121,low
local,low,none,required,unchanged,none,none,low,0.1508,functional,646,low
local,low,high,none,unchanged,high,high,high,0.1643,poc,136,high
network,low,none,none,unchanged,high,low,high,0.0286,functional,277,critical
physical,low,none,required,unchanged,none,none,low,0.0216,unproven,426,low
local,low,none,none,unchanged,high,none,none,0.0327,unproven,75,medium
network,high,none,none,unchanged,none,low,high,0.079,poc,26,medium
network,low,none,none,changed,low,low,low,0.1126,functional,148,high
adjacent,low,none,none,changed,none,high,high,0.0639,high,422,critical
adjacent,high,low,required,unchanged,high,low,low,0.0393,unproven,385,medium
local,high,none,none,unchanged,high,high,high,0.0985,unproven,433,high
local,low,low,required,unchanged,low,low,none,0.0237,functional,109,low
local,low,low,required,unchanged,low,high,high,0.0294,poc,29,medium
network,high,none,required,unchanged,high,none,high,0.2866,functional,419,high
local,low,low,none,unchanged,low,low,high,0.1648,unproven,213,medium
network,low,low,none,unchanged,low,high,none,0.0031,functional,43,medium
network,high,low,none,unchanged,low,high,high,0.009,unproven,175,high
physical,low,high,none,changed,low,high,high,0.017,poc,73,medium
network,high,low,required,unchanged,low,low,none,0.1901,poc,105,low
network,high,none,required,changed,low,high,low,0.0961,poc,92,medium
adjacent,low,low,required,changed,high,low,low,0.0366,unproven,186,high
network,low,none,none,unchanged,low,high,none,0.0294,unproven,470,high
network,low,low,none,unchanged,none,high,high,0.1234,functional,132,high
network,low,low,required,changed,high,low,none,0.0211,poc,107,high
local,low,none,required,unchanged,low,low,high,0.3097,unproven,311,medium
network,high,high,required,changed,high,high,low,0.1602,poc,62,medium
network,low,none,required,changed,low,none,none,0.0358,poc,116,medium
adjacent,high,high,none,unchanged,high,high,low,0.0596,unproven,475,medium
network,low,none,none,unchanged,low,none,none,0.0304,unproven,174,medium
adjacent,low,none,none,unchanged,high,high,low,0.0269,unproven,183,high
network,low,high,none,unchanged,low,high,high,0.0092,unproven,631,medium
network,low,none,none,unchanged,low,high,none,0.0231,functional,572,high
network,low,low,required,unchanged,none,high,high,0.0921,unproven,1013,high
adjacent,high,low,required,changed,low,none,high,0.1289,unproven,318,medium
network,high,high,none,unchanged,none,none,high,0.1829,high,488,medium
network,low,none,required,unchanged,low,low,none,0.0923,functional,182,medium
network,low,none,none,unchanged,none,low,low,0.1078,functional,197,medium
local,low,none,none,unchanged,high,high,high,0.1008,poc,349,high
local,low,low,required,changed,high,low,none,0.0415,unproven,66,medium
network,low,low,none,unchanged,none,none,high,0.1353,unproven,293,medium
network,low,low,none,unchanged,high,low,high,0.2211,unproven,199,critical
physical,high,none,required,changed,high,none,high,0.0289,poc,150,high
network,high,none,none,unchanged,low,low,high,0.0814,high,189,medium
network,low,none,required,changed,low,none,none,0.0284,unproven,392,medium
network,high,low,none,unchanged,high,low,none,0.0999,functional,412,medium
network,low,low,none,unchanged,none,none,high,0.1558,poc,244,medium
network,low,low,required,unchanged,low,high,none,0.1024,poc,135,medium
network,low,none,none,unchanged,none,high,low,0.0481,unproven,342,high
network,high,high,none,unchanged,high,low,high,0.2314,poc,298,medium
network,high,none,none,unchanged,high,none,high,0.1481,poc,206,high
network,low,low,none,unchanged,high,none,none,0.0389,unproven,200,medium
network,low,none,none,changed,low,none,none,0.097,functional,203,medium
network,high,low,none,unchanged,high,low,low,0.1556,unproven,196,medium
network,high,none,none,unchanged,high,none,low,0.047,unproven,1302,high
adjacent,low,low,required,changed,high,low,low,0.0322,high,178,high
network,high,high,required,unchanged,high,none,high,0.0862,functional,118,medium
network,low,high,none,unchanged,high,low,high,0.0445,unproven,340,medium
local,low,none,none,unchanged,high,none,low,0.403,poc,112,medium
network,low,none,required,unchanged,high,low,high,0.013,functional,88,high
adjacent,high,low,none,unchanged,high,high,high,0.0628,unproven,557,medium
local,high,high,none,changed,none,none,low,0.0335,poc,58,low
adjacent,low,low,required,unchanged,none,high,high,0.2525,unproven,184,medium
adjacent,low,none,none,unchanged,low,none,low,0.0854,poc,138,medium
local,low,low,none,unchanged,none,high,high,0.0095,functional,210,medium
physical,low,low,required,changed,low,low,none,0.0117,functional,291,low
local,low,none,none,unchanged,none,high,high,0.2863,functional,141,high
adjacent,low,none,none,changed,low,none,high,0.0798,functional,259,high
physical,high,low,required,changed,high,low,none,0.1746,functional,147,medium
network,low,low,none,changed,high,high,low,0.3837,poc,203,critical
network,low,low,required,unchanged,none,none,high,0.0754,unproven,447,medium
network,low,none,none,unchanged,high,high,high,0.0923,high,175,critical
network,high,high,none,unchanged,high,low,none,0.0629,high,123,medium
adjacent,low,none,none,unchanged,none,high,high,0.0822,functional,154,high
local,high,high,required,unchanged,high,none,low,0.0335,poc,72,medium
network,low,none,none,unchanged,low,low,low,0.0411,poc,345,high
network,high,low,none,unchanged,high,high,none,0.0708,unproven,195,high
adjacent,low,low,required,unchanged,low,none,low,0.0887,poc,424,medium
local,high,none,none,unchanged,low,high,none,0.0734,unproven,93,medium
network,high,none,required,unchanged,low,none,high,0.0732,unproven,99,medium
network,low,high,required,unchanged,low,low,low,0.1251,high,177,medium
network,low,none,required,unchanged,high,low,none,0.0351,high,337,high
network,low,low,none,unchanged,high,none,none,0.179,unproven,119,medium
network,low,high,required,unchanged,low,none,none,0.0632,unproven,111,low
network,low,none,none,changed,none,high,low,0.118,unproven,101,critical
network,low,none,none,unchanged,low,low,low,0.1357,unproven,456,high
network,high,high,none,unchanged,low,low,high,0.0121,functional,146,medium
local,low,none,none,unchanged,low,high,low,0.2437,poc,270,high
network,high,none,none,unchanged,low,high,none,0.0137,unproven,37,medium
network,low,low,none,changed,low,high,none,0.1262,unproven,479,high
adjacent,high,low,required,unchanged,none,high,none,0.068,unproven,464,medium
network,low,low,none,unchanged,low,none,none,0.0522,unproven,217,medium
local,low,none,none,unchanged,high,high,high,0.1531,poc,269,high
network,low,low,required,changed,high,none,high,0.1447,poc,158,high
network,high,none,required,unchanged,high,low,low,0.2121,unproven,21,medium
local,high,low,required,changed,none,low,high,0.0144,functional,95,medium
adjacent,low,none,none,unchanged,low,high,none,0.0472,functional,205,medium
local,low,none,required,unchanged,low,none,high,0.379,unproven,161,medium
network,low,low,required,unchanged,low,high,high,0.1568,unproven,260,high
physical,low,none,none,changed,high,high,high,0.1628,unproven,75,high
network,low,low,required,changed,none,low,high,0.0649,poc,285,high
network,high,low,none,unchanged,high,none,high,0.0322,unproven,376,medium
network,low,high,required,unchanged,high,low,high,0.0894,poc,197,medium
network,low,low,none,unchanged,high,low,low,0.1279,poc,116,high
network,high,high,required,unchanged,high,low,high,0.3998,poc,265,medium
network,low,low,none,changed,low,low,low,0.0851,unproven,47,high
network,low,low,none,changed,none,low,none,0.0757,poc,237,medium
local,high,low,none,unchanged,none,high,high,0.1048,functional,40,medium
adjacent,high,low,none,unchanged,low,high,low,0.0221,unproven,152,medium
network,high,high,required,unchanged,low,high,high,0.0982,functional,257,medium
local,high,high,none,unchanged,high,low,high,0.1781,poc,116,medium
network,low,low,required,unchanged,high,high,low,0.0323,poc,710,high
local,high,none,none,unchanged,low,none,high,0.0585,unproven,378,medium
network,low,low,none,changed,low,none,high,0.1256,functional,397,high
local,low,low,none,unchanged,high,none,none,0.0874,unproven,412,medium
local,low,none,required,unchanged,high,low,low,0.0561,unproven,157,medium
local,high,none,required,changed,none,none,none,0.1538,unproven,277,low
adjacent,low,low,none,unchanged,none,none,low,0.1075,unproven,156,low
physical,high,none,none,unchanged,low,low,low,0.1799,poc,347,low
network,low,high,none,unchanged,low,low,high,0.2372,unproven,311,medium
local,low,none,none,changed,none,none,high,0.0051,unproven,263,high
local,low,low,required,changed,low,high,low,0.2688,high,121,high
network,high,high,none,unchanged,low,none,low,0.007,high,388,low
network,high,high,required,unchanged,low,low,none,0.0267,unproven,112,low
network,low,high,required,unchanged,high,none,low,0.0734,unproven,287,medium
adjacent,low,none,required,unchanged,high,low,low,0.2133,unproven,213,medium
network,low,none,none,unchanged,low,low,low,0.0529,high,41,high
local,high,none,none,changed,low,low,low,0.0668,functional,197,medium
physical,low,none,none,unchanged,high,none,high,0.2577,unproven,131,medium
local,low,low,none,unchanged,high,none,none,0.0214,poc,97,medium
adjacent,high,high,required,unchanged,high,low,none,0.0831,unproven,206,medium
local,low,low,none,unchanged,high,high,high,0.0706,high,117,high
local,low,high,none,changed,high,high,high,0.1677,functional,315,medium
network,low,low,none,unchanged,high,high,high,0.0522,poc,284,critical
network,high,low,none,changed,low,high,high,0.4009,unproven,144,high
local,low,high,none,unchanged,none,none,low,0.1577,functional,185,low
adjacent,low,low,none,changed,high,low,low,0.1245,poc,29,high
local,low,high,none,unchanged,low,none,low,0.1388,poc,338,low
network,high,none,none,unchanged,high,none,low,0.3924,unproven,131,medium
network,low,low,none,unchanged,low,low,low,0.1777,poc,270,medium
local,low,none,required,changed,high,low,low,0.0765,unproven,41,medium
network,low,none,none,unchanged,high,high,none,0.0395,unproven,187,high
adjacent,low,none,none,unchanged,high,low,none,0.1343,poc,557,high
local,low,none,none,changed,high,low,low,0.1259,unproven,58,high
physical,low,high,none,unchanged,none,low,high,0.0185,poc,384,medium
network,high,none,none,unchanged,high,high,none,0.2992,poc,186,high
network,high,none,none,changed,low,none,low,0.0622,poc,264,medium
network,low,low,required,unchanged,none,high,high,0.1408,unproven,70,medium
local,high,low,required,unchanged,high,high,none,0.0478,poc,601,medium
network,low,none,none,unchanged,high,high,none,0.0935,functional,123,high
network,low,low,none,unchanged,low,high,none,0.1015,poc,147,medium
network,low,none,none,unchanged,high,low,none,0.1803,poc,239,high
adjacent,low,none,none,unchanged,low,low,none,0.0867,unproven,274,medium
adjacent,low,none,required,unchanged,low,low,none,0.3657,poc,318,medium
network,low,low,required,changed,high,high,none,0.0814,unproven,281,high
adjacent,low,none,none,unchanged,low,high,low,0.117,unproven,480,high
network,low,none,none,changed,none,none,high,0.0862,high,283,high
adjacent,high,none,required,unchanged,high,none,none,0.2014,unproven,219,medium
network,high,low,none,unchanged,high,none,low,0.0611,functional,480,medium
network,low,none,none,unchanged,high,low,none,0.0888,functional,133,high
local,low,low,none,unchanged,low,low,high,0.4636,unproven,184,medium
network,high,low,none,unchanged,low,high,none,0.1741,unproven,142,medium
network,high,none,none,unchanged,high,none,high,0.1487,poc,137,medium
network,low,low,none,changed,none,low,none,0.0344,unproven,385,medium
local,low,none,none,changed,high,low,high,0.1988,high,279,critical
adjacent,low,none,none,unchanged,low,high,low,0.0469,unproven,529,high
adjacent,low,none,none,changed,low,low,high,0.0386,unproven,142,critical
network,high,low,none,changed,low,high,high,0.318,functional,156,high
network,low,low,none,unchanged,high,low,high,0.2084,unproven,414,high
network,low,high,required,unchanged,low,low,none,0.1501,poc,210,low
network,low,high,required,unchanged,high,high,low,0.0081,poc,284,medium
network,low,low,none,unchanged,high,none,low,0.0658,high,257,high
network,low,none,none,changed,none,high,high,0.0436,functional,354,critical
local,high,none,none,unchanged,none,low,none,0.0967,poc,119,low
local,low,none,required,changed,low,high,none,0.0886,high,391,medium
network,high,none,required,unchanged,low,high,low,0.0517,poc,135,high
adjacent,low,none,none,unchanged,high,low,high,0.0528,poc,150,high
network,high,low,required,unchanged,none,high,high,0.0241,unproven,378,medium
local,low,none,none,unchanged,none,none,low,0.0731,unproven,480,low
physical,low,none,none,unchanged,none,low,low,0.0747,high,131,low
