asset_id,asset_type,segment,business_criticality,data_sensitivity,internet_exposed,privileged_access,cvss_score,epss_score,known_exploited,kev_ransomware,kev_age_days,kev_overdue,patch_age_days,open_ports,failed_logins_7d,external_alerts_30d,edr_coverage,risk_score,risk_label
A00001,cloud_vm,server_lan,high,internal,0,0,6.2,0.315,0,0,0,0,406,4,4,3,full,32.4,medium
A00002,workstation,user_lan,high,public,0,0,9.0,0.328,0,0,0,0,131,3,6,3,full,21.0,low
A00003,cloud_vm,cloud,low,internal,1,0,6.4,0.198,0,0,0,0,51,8,13,3,full,33.4,medium
A00004,web_app,server_lan,low,confidential,1,0,7.4,0.596,0,0,0,0,449,10,17,2,full,54.7,high
A00005,server,dmz,medium,internal,1,0,6.0,0.338,0,0,0,0,420,8,17,9,full,61.3,high
A00006,firewall,user_lan,low,public,1,0,6.4,0.37,1,1,187,1,35,8,18,9,partial,78.3,critical
A00007,cloud_vm,cloud,medium,internal,1,1,7.8,0.501,0,0,0,0,614,12,15,7,partial,77.1,critical
A00008,cloud_vm,user_lan,critical,restricted,0,0,5.3,0.709,0,0,0,0,202,5,9,7,partial,47.4,medium
A00009,server,user_lan,low,internal,0,0,6.5,0.379,0,0,0,0,11,4,15,2,partial,33.8,medium
A00010,workstation,server_lan,medium,internal,1,0,4.4,0.351,0,0,0,0,457,2,19,1,full,28.1,medium
A00011,workstation,server_lan,high,public,1,1,5.1,0.412,0,0,0,0,34,7,23,7,full,54.2,high
A00012,firewall,user_lan,medium,internal,0,1,6.4,0.245,0,0,0,0,196,4,9,3,partial,44.3,medium
A00013,web_app,server_lan,low,confidential,1,0,5.2,0.213,0,0,0,0,63,9,19,3,full,31.2,medium
A00014,cloud_vm,cloud,low,confidential,1,1,6.8,0.222,0,0,0,0,242,13,23,1,full,42.5,medium
A00015,workstation,server_lan,critical,internal,1,1,5.2,0.184,0,0,0,0,16,4,17,2,full,50.2,medium
A00016,server,server_lan,low,restricted,1,0,6.9,0.119,0,0,0,0,235,10,18,3,partial,49.8,medium
A00017,database,user_lan,medium,internal,1,0,4.4,0.52,1,1,73,1,299,15,25,6,partial,100.0,critical
A00018,server,user_lan,high,restricted,1,1,7.6,0.273,0,0,0,0,321,10,20,3,full,76.9,critical
A00019,cloud_vm,user_lan,low,public,0,1,8.4,0.663,0,0,0,0,403,2,13,1,full,42.2,medium
A00020,web_app,user_lan,high,internal,0,0,7.4,0.358,0,0,0,0,15,3,14,1,full,19.9,low
A00021,cloud_vm,ot,low,restricted,0,0,7.1,0.593,0,0,0,0,610,1,10,2,none,53.0,high
A00022,workstation,cloud,low,restricted,0,0,6.6,0.565,0,0,0,0,24,2,9,1,full,16.6,low
A00023,firewall,cloud,medium,confidential,1,0,7.1,0.385,1,1,617,1,36,4,26,6,partial,81.0,critical
A00024,cloud_vm,user_lan,critical,confidential,1,1,6.2,0.1,0,0,0,0,46,9,23,4,partial,65.9,high
A00025,cloud_vm,user_lan,low,confidential,0,0,8.4,0.403,0,0,0,0,50,5,6,0,full,22.0,low
A00026,server,user_lan,low,confidential,1,0,8.1,0.284,0,0,0,0,141,13,29,4,full,58.4,high
A00027,database,user_lan,critical,internal,1,0,6.2,0.288,0,0,0,0,621,15,26,7,full,66.9,high
A00028,server,server_lan,low,internal,1,0,7.5,0.265,0,0,0,0,505,9,22,4,full,43.6,medium
A00029,server,user_lan,high,confidential,0,1,6.3,0.286,0,0,0,0,43,5,5,2,full,42.4,medium
A00030,web_app,dmz,high,confidential,1,1,6.7,0.153,0,0,0,0,56,7,25,4,none,88.5,critical
A00031,cloud_vm,dmz,medium,restricted,1,0,5.0,0.536,1,0,519,0,15,6,19,2,full,55.9,high
A00032,firewall,cloud,high,internal,1,1,6.0,0.358,0,0,0,0,34,9,20,1,full,75.0,critical
A00033,workstation,dmz,high,public,1,0,8.1,0.372,1,0,410,1,179,8,24,1,full,62.0,high
A00034,workstation,user_lan,low,public,1,0,6.6,0.258,0,0,0,0,28,9,19,5,full,26.5,medium
A00035,database,user_lan,critical,restricted,0,1,8.2,0.321,0,0,0,0,54,6,14,1,full,45.9,medium
A00036,server,server_lan,critical,public,1,0,7.0,0.243,0,0,0,0,517,4,22,3,full,67.9,high
A00037,server,cloud,critical,restricted,1,0,6.3,0.408,0,0,0,0,20,7,18,2,full,62.1,high
A00038,database,server_lan,medium,public,1,0,5.5,0.57,0,0,0,0,96,8,23,3,full,41.3,medium
A00039,server,cloud,medium,internal,1,1,5.1,0.308,0,0,0,0,497,8,30,3,full,48.1,medium
A00040,web_app,cloud,medium,confidential,1,1,4.0,0.163,0,0,0,0,25,8,27,2,full,29.9,medium
A00041,workstation,server_lan,low,internal,0,1,8.4,0.271,0,0,0,0,48,3,8,1,full,26.4,medium
A00042,cloud_vm,server_lan,medium,confidential,1,1,8.3,0.263,0,0,0,0,109,14,29,2,full,46.7,medium
A00043,web_app,server_lan,medium,public,0,0,4.5,0.244,0,0,0,0,17,6,10,0,full,4.6,low
A00044,workstation,server_lan,high,internal,1,0,5.7,0.277,0,0,0,0,55,7,20,2,full,33.5,medium
A00045,cloud_vm,server_lan,medium,confidential,1,1,6.4,0.19,0,0,0,0,109,5,16,1,full,54.1,high
A00046,cloud_vm,ot,medium,restricted,1,0,7.9,0.204,0,0,0,0,34,11,18,5,none,79.6,critical
A00047,workstation,server_lan,medium,public,0,1,6.1,0.327,1,1,524,1,30,4,6,4,partial,60.3,high
A00048,workstation,cloud,medium,internal,1,0,6.5,0.3,0,0,0,0,445,11,25,4,full,58.2,high
A00049,web_app,server_lan,critical,confidential,1,0,3.6,0.391,0,0,0,0,38,5,15,1,partial,59.8,high
A00050,server,ot,high,restricted,1,0,6.9,0.507,1,0,509,1,293,10,27,5,partial,100.0,critical
A00051,server,server_lan,low,restricted,1,1,4.9,0.121,0,0,0,0,3,7,18,3,full,55.4,high
A00052,server,user_lan,low,restricted,0,0,8.0,0.202,0,0,0,0,38,5,12,0,full,32.8,medium
A00053,cloud_vm,user_lan,high,internal,0,0,7.3,0.162,0,0,0,0,660,3,8,0,partial,30.4,medium
A00054,web_app,dmz,medium,confidential,1,1,5.3,0.173,0,0,0,0,29,13,21,5,full,49.2,medium
A00055,web_app,cloud,high,restricted,0,1,7.1,0.425,1,0,262,1,386,6,4,1,full,62.5,high
A00056,cloud_vm,server_lan,low,restricted,1,0,7.9,0.229,0,0,0,0,26,9,19,0,full,41.1,medium
A00057,workstation,user_lan,low,confidential,0,0,6.3,0.397,0,0,0,0,57,3,11,1,full,14.8,low
A00058,database,user_lan,medium,confidential,0,0,8.9,0.56,0,0,0,0,65,6,13,1,partial,30.2,medium
A00059,server,user_lan,high,restricted,0,1,6.1,0.309,0,0,0,0,44,6,13,0,partial,52.2,high
A00060,server,dmz,critical,public,0,1,5.1,0.227,0,0,0,0,216,3,4,3,full,30.5,medium
A00061,web_app,server_lan,critical,internal,0,0,9.2,0.453,1,1,346,0,16,4,11,3,none,86.2,critical
A00062,database,server_lan,medium,restricted,1,0,9.1,0.442,1,0,196,1,691,15,21,4,partial,100.0,critical
A00063,database,server_lan,high,internal,1,1,9.1,0.319,0,0,0,0,155,8,25,2,partial,89.8,critical
A00064,cloud_vm,server_lan,low,public,1,1,5.5,0.198,0,0,0,0,390,13,25,1,full,45.3,medium
A00065,web_app,ot,medium,internal,1,0,2.6,0.155,0,0,0,0,58,12,25,3,none,47.3,medium
A00066,database,user_lan,critical,confidential,0,1,5.8,0.416,0,0,0,0,11,11,7,1,partial,56.8,high
A00067,database,user_lan,medium,confidential,1,1,6.1,0.464,0,0,0,0,0,8,14,5,partial,75.7,critical
A00068,workstation,server_lan,critical,confidential,0,1,6.4,0.578,1,0,301,0,14,3,7,5,full,41.2,medium
A00069,server,server_lan,low,public,1,0,7.4,0.209,0,0,0,0,250,13,21,4,full,34.1,medium
A00070,workstation,user_lan,low,internal,1,1,8.1,0.258,0,0,0,0,0,8,14,0,full,49.9,medium
A00071,server,server_lan,medium,public,1,1,8.5,0.364,0,0,0,0,24,9,29,4,full,71.5,high
A00072,workstation,server_lan,critical,restricted,0,0,5.9,0.301,0,0,0,0,144,4,9,0,full,38.7,medium
A00073,cloud_vm,user_lan,medium,public,1,1,7.9,0.219,0,0,0,0,0,8,21,1,full,43.8,medium
A00074,server,user_lan,high,confidential,1,0,8.1,0.283,0,0,0,0,7,10,20,5,full,47.8,medium
A00075,server,ot,low,confidential,1,1,3.7,0.357,0,0,0,0,8,12,22,3,none,79.5,critical
A00076,workstation,server_lan,high,confidential,0,0,6.4,0.593,0,0,0,0,92,3,3,0,full,15.6,low
A00077,workstation,user_lan,medium,confidential,1,0,3.6,0.204,0,0,0,0,721,6,25,6,partial,81.8,critical
A00078,web_app,server_lan,low,confidential,0,1,4.7,0.37,0,0,0,0,277,8,7,2,full,44.7,medium
A00079,database,server_lan,high,confidential,1,0,7.2,0.455,0,0,0,0,290,10,21,1,full,53.4,high
A00080,cloud_vm,user_lan,high,public,1,0,7.1,0.176,0,0,0,0,10,6,20,10,full,52.4,high
A00081,web_app,server_lan,medium,internal,0,1,8.6,0.57,1,1,426,1,37,2,7,3,partial,55.6,high
A00082,workstation,user_lan,low,internal,0,1,7.4,0.179,1,0,177,1,40,5,3,4,partial,42.7,medium
A00083,cloud_vm,server_lan,low,internal,0,0,1.6,0.059,0,0,0,0,13,5,3,0,partial,8.3,low
A00084,server,dmz,critical,confidential,1,0,6.2,0.453,0,0,0,0,39,8,24,2,full,64.5,high
A00085,server,ot,high,internal,0,0,5.4,0.173,0,0,0,0,700,6,9,3,full,31.5,medium
A00086,server,server_lan,high,confidential,1,0,7.1,0.209,0,0,0,0,101,8,24,2,full,59.3,high
A00087,web_app,cloud,high,public,0,1,6.6,0.467,0,0,0,0,569,3,4,3,full,46.5,medium
A00088,database,server_lan,high,confidential,1,0,5.7,0.461,0,0,0,0,673,10,26,4,partial,67.7,high
A00089,server,ot,low,public,1,1,7.1,0.221,0,0,0,0,655,7,26,1,none,66.4,high
A00090,database,server_lan,medium,internal,1,1,4.1,0.393,0,0,0,0,367,7,21,1,partial,63.4,high
A00091,server,server_lan,high,internal,0,0,6.1,0.225,0,0,0,0,24,3,9,0,full,18.2,low
A00092,web_app,cloud,low,confidential,0,1,6.6,0.749,1,0,338,1,33,6,14,2,partial,73.4,critical
A00093,workstation,server_lan,low,public,0,0,8.3,0.174,0,0,0,0,26,1,11,0,partial,2.2,low
A00094,workstation,server_lan,medium,confidential,1,1,6.9,0.179,0,0,0,0,260,7,26,2,full,53.8,high
A00095,workstation,ot,high,confidential,1,0,6.5,0.384,0,0,0,0,5,5,25,3,partial,53.3,high
A00096,web_app,user_lan,high,restricted,1,0,6.6,0.204,0,0,0,0,421,7,21,3,none,88.8,critical
A00097,workstation,user_lan,low,confidential,0,0,7.6,0.757,0,0,0,0,14,2,7,1,full,0.6,low
A00098,server,user_lan,critical,confidential,1,1,6.0,0.205,0,0,0,0,27,13,17,5,partial,80.2,critical
A00099,server,cloud,low,confidential,1,1,7.7,0.109,0,0,0,0,26,17,22,5,full,64.1,high
A00100,firewall,cloud,low,public,1,0,5.1,0.282,0,0,0,0,30,16,27,7,none,71.6,high
A00101,cloud_vm,user_lan,critical,confidential,1,0,3.9,0.44,0,0,0,0,329,12,23,9,partial,91.6,critical
A00102,web_app,server_lan,high,internal,0,0,3.6,0.336,0,0,0,0,8,4,11,0,full,11.2,low
A00103,workstation,dmz,critical,confidential,1,1,4.1,0.413,1,0,211,1,58,10,15,6,full,80.7,critical
A00104,firewall,user_lan,high,public,0,1,7.8,0.129,0,0,0,0,51,3,6,2,full,27.4,medium
A00105,cloud_vm,cloud,high,internal,1,1,6.5,0.407,0,0,0,0,4,8,18,4,partial,70.6,high
A00106,web_app,user_lan,low,confidential,0,0,7.2,0.286,0,0,0,0,9,7,8,1,full,14.9,low
A00107,workstation,server_lan,medium,internal,0,0,7.4,0.305,0,0,0,0,114,3,6,0,full,6.6,low
A00108,workstation,server_lan,critical,internal,0,0,3.7,0.342,0,0,0,0,24,4,6,1,partial,24.5,medium
A00109,server,user_lan,high,internal,0,1,4.0,0.206,0,0,0,0,52,5,6,4,full,14.0,low
A00110,cloud_vm,cloud,medium,restricted,1,0,3.2,0.382,0,0,0,0,43,11,29,4,full,57.1,high
A00111,workstation,server_lan,medium,public,0,0,6.4,0.76,0,0,0,0,28,2,6,1,full,6.4,low
A00112,server,user_lan,low,internal,1,1,9.3,0.779,0,0,0,0,11,11,27,3,full,61.7,high
A00113,workstation,cloud,medium,restricted,1,0,7.8,0.351,0,0,0,0,484,10,17,6,full,69.1,high
A00114,database,ot,high,restricted,1,0,7.0,0.383,0,0,0,0,17,11,27,7,none,100.0,critical
A00115,server,dmz,low,public,1,1,7.2,0.473,0,0,0,0,478,11,23,1,full,51.9,high
A00116,cloud_vm,ot,medium,internal,1,1,5.1,0.28,0,0,0,0,682,10,23,2,full,69.6,high
A00117,cloud_vm,user_lan,critical,public,1,1,9.6,0.281,0,0,0,0,42,9,25,5,full,52.3,high
A00118,web_app,cloud,medium,restricted,1,0,3.6,0.224,0,0,0,0,478,5,18,2,partial,69.5,high
A00119,workstation,dmz,medium,internal,1,0,6.0,0.387,0,0,0,0,228,7,10,3,partial,56.1,high
A00120,web_app,user_lan,medium,internal,1,1,9.0,0.45,1,0,82,1,512,7,18,4,partial,80.8,critical
A00121,web_app,user_lan,low,internal,0,1,8.7,0.367,1,0,205,1,90,13,6,6,none,82.0,critical
A00122,web_app,server_lan,low,confidential,1,0,4.0,0.17,0,0,0,0,670,4,18,2,full,46.8,medium
A00123,server,user_lan,low,public,0,0,5.7,0.54,0,0,0,0,31,6,9,3,full,6.9,low
A00124,workstation,user_lan,low,confidential,0,0,7.7,0.409,0,0,0,0,53,3,12,1,full,38.0,medium
A00125,server,user_lan,low,internal,0,0,6.6,0.463,0,0,0,0,347,7,5,2,full,21.2,low
A00126,database,dmz,medium,confidential,0,1,4.1,0.448,0,0,0,0,391,2,4,3,full,34.0,medium
A00127,workstation,user_lan,low,restricted,1,1,4.8,0.194,0,0,0,0,39,5,17,2,full,38.6,medium
A00128,server,server_lan,critical,public,1,0,5.0,0.512,0,0,0,0,54,7,22,3,partial,46.2,medium
A00129,server,ot,low,public,1,0,3.6,0.48,0,0,0,0,351,9,21,3,none,49.8,medium
A00130,web_app,ot,medium,internal,1,0,4.0,0.353,0,0,0,0,21,9,19,1,partial,29.3,medium
A00131,server,server_lan,high,confidential,1,1,5.6,0.402,0,0,0,0,1,11,23,3,full,73.4,critical
A00132,firewall,server_lan,low,public,0,0,3.6,0.118,0,0,0,0,19,9,1,0,partial,2.1,low
A00133,web_app,server_lan,medium,confidential,0,1,6.4,0.459,0,0,0,0,202,5,7,1,none,50.5,medium
A00134,workstation,user_lan,high,internal,1,0,5.9,0.183,0,0,0,0,37,6,23,2,full,28.5,medium
A00135,web_app,cloud,medium,confidential,0,0,6.9,0.321,0,0,0,0,59,2,8,2,partial,24.2,medium
A00136,server,user_lan,low,confidential,1,0,7.1,0.217,1,0,182,0,0,8,31,12,full,44.5,medium
A00137,firewall,dmz,high,public,1,0,4.1,0.137,0,0,0,0,679,5,15,6,full,42.6,medium
A00138,database,dmz,high,internal,1,0,7.3,0.132,0,0,0,0,27,8,23,1,full,42.2,medium
A00139,cloud_vm,server_lan,medium,confidential,0,0,7.7,0.316,1,0,699,1,675,2,12,2,full,51.2,medium
A00140,server,cloud,low,internal,1,0,7.2,0.351,0,0,0,0,5,4,24,2,full,31.2,medium
A00141,database,user_lan,low,confidential,1,1,7.8,0.414,1,1,249,1,544,8,17,5,partial,100.0,critical
A00142,database,user_lan,high,restricted,1,1,7.3,0.343,0,0,0,0,429,4,17,1,full,55.0,high
A00143,firewall,server_lan,medium,public,0,0,7.3,0.384,0,0,0,0,290,5,6,1,none,26.5,medium
A00144,database,ot,low,internal,0,0,7.2,0.252,0,0,0,0,6,3,6,0,none,22.9,low
A00145,database,server_lan,medium,internal,1,0,9.4,0.648,0,0,0,0,704,7,24,4,partial,71.9,high
A00146,workstation,cloud,critical,public,0,0,4.7,0.191,0,0,0,0,22,6,7,1,full,16.6,low
A00147,workstation,cloud,low,restricted,1,1,6.6,0.311,0,0,0,0,654,11,15,4,full,66.7,high
A00148,database,user_lan,low,restricted,1,1,5.6,0.478,1,0,467,1,50,10,29,9,full,77.1,critical
A00149,workstation,cloud,medium,internal,1,0,4.0,0.137,0,0,0,0,31,3,21,8,full,22.2,low
A00150,server,server_lan,high,restricted,0,1,5.7,0.484,0,0,0,0,290,12,8,0,partial,40.7,medium
A00151,cloud_vm,user_lan,medium,public,0,1,6.6,0.242,0,0,0,0,458,3,8,3,full,48.7,medium
A00152,cloud_vm,dmz,critical,restricted,1,1,6.5,0.564,0,0,0,0,141,9,23,5,full,99.0,critical
A00153,server,user_lan,low,confidential,0,0,5.3,0.616,1,0,377,1,184,5,9,4,full,44.7,medium
A00154,database,server_lan,medium,public,0,1,9.0,0.22,0,0,0,0,47,7,8,1,full,31.1,medium
A00155,server,dmz,medium,confidential,1,0,6.8,0.248,0,0,0,0,551,11,24,2,full,60.5,high
A00156,web_app,dmz,medium,confidential,1,1,6.0,0.132,0,0,0,0,355,11,21,6,full,77.6,critical
A00157,workstation,server_lan,medium,internal,1,1,4.4,0.457,0,0,0,0,59,8,22,2,partial,49.9,medium
A00158,web_app,user_lan,high,internal,0,1,6.3,0.234,0,0,0,0,33,8,7,1,full,27.7,medium
A00159,web_app,user_lan,medium,confidential,1,1,3.5,0.047,0,0,0,0,20,6,27,3,full,55.5,high
A00160,cloud_vm,server_lan,high,public,0,0,3.1,0.289,0,0,0,0,102,2,14,0,full,19.1,low
A00161,server,ot,low,public,1,0,9.0,0.368,1,0,218,1,343,12,26,4,partial,76.9,critical
A00162,cloud_vm,ot,medium,internal,1,0,7.2,0.2,0,0,0,0,5,13,15,6,none,66.7,high
A00163,server,dmz,medium,confidential,1,0,6.1,0.374,1,0,261,1,56,11,21,3,partial,89.5,critical
A00164,server,server_lan,medium,internal,0,1,5.7,0.335,0,0,0,0,58,2,2,1,full,14.6,low
A00165,database,user_lan,low,internal,1,0,2.7,0.173,0,0,0,0,1,12,16,7,none,59.9,high
A00166,workstation,cloud,critical,public,0,0,6.3,0.548,0,0,0,0,615,2,5,0,partial,54.4,high
A00167,cloud_vm,server_lan,critical,public,1,0,4.0,0.415,0,0,0,0,49,8,16,5,full,52.2,high
A00168,cloud_vm,cloud,high,confidential,1,0,7.9,0.792,0,0,0,0,0,10,16,3,full,61.3,high
A00169,workstation,dmz,critical,public,1,0,6.7,0.301,1,1,534,1,22,12,18,12,full,72.6,critical
A00170,firewall,server_lan,low,confidential,1,1,6.1,0.206,0,0,0,0,27,8,17,7,none,82.0,critical
A00171,workstation,user_lan,medium,internal,0,1,5.4,0.33,0,0,0,0,81,2,5,1,partial,15.9,low
A00172,database,user_lan,medium,confidential,0,1,8.9,0.228,0,0,0,0,5,5,8,2,full,20.1,low
A00173,workstation,cloud,critical,internal,0,0,6.7,0.289,0,0,0,0,40,2,9,2,full,24.9,medium
A00174,firewall,dmz,low,restricted,1,0,4.7,0.341,0,0,0,0,51,5,20,1,full,37.7,medium
A00175,server,server_lan,low,public,1,1,6.2,0.326,0,0,0,0,55,12,19,2,partial,46.8,medium
A00176,server,dmz,high,restricted,0,0,4.9,0.28,0,0,0,0,9,8,7,1,partial,41.8,medium
A00177,workstation,server_lan,low,internal,0,0,4.3,0.079,0,0,0,0,196,1,10,1,full,5.8,low
A00178,firewall,dmz,high,public,1,1,8.0,0.576,1,0,185,1,33,14,23,3,none,100.0,critical
A00179,cloud_vm,user_lan,low,confidential,1,1,6.3,0.288,0,0,0,0,192,10,16,2,full,56.9,high
A00180,cloud_vm,user_lan,high,internal,0,0,6.9,0.251,0,0,0,0,341,3,7,0,partial,41.7,medium
A00181,cloud_vm,user_lan,high,internal,1,0,3.3,0.318,0,0,0,0,2,12,25,6,partial,58.1,high
A00182,cloud_vm,server_lan,medium,confidential,0,1,2.8,0.223,0,0,0,0,10,8,6,0,full,26.1,medium
A00183,database,dmz,low,confidential,0,1,4.3,0.201,0,0,0,0,35,7,6,0,none,21.9,low
A00184,workstation,user_lan,low,confidential,0,0,7.0,0.283,0,0,0,0,364,5,7,0,full,20.3,low
A00185,cloud_vm,dmz,low,restricted,1,0,8.8,0.338,0,0,0,0,40,9,26,3,full,53.7,high
A00186,web_app,cloud,low,internal,0,0,6.8,0.318,0,0,0,0,45,7,6,2,none,15.6,low
A00187,workstation,dmz,medium,public,1,1,5.4,0.472,0,0,0,0,29,6,22,8,partial,64.6,high
A00188,server,user_lan,medium,confidential,1,0,7.0,0.651,0,0,0,0,249,8,24,3,full,54.2,high
A00189,cloud_vm,cloud,low,internal,1,0,3.7,0.303,0,0,0,0,294,6,18,4,partial,52.0,high
A00190,workstation,user_lan,low,public,0,1,8.6,0.387,1,0,35,0,18,7,7,0,full,24.1,medium
A00191,firewall,user_lan,critical,public,1,1,8.1,0.246,0,0,0,0,27,10,23,6,full,64.4,high
A00192,workstation,user_lan,low,internal,0,1,5.9,0.402,0,0,0,0,26,3,8,0,full,5.5,low
A00193,server,dmz,medium,internal,1,1,5.9,0.395,0,0,0,0,31,5,27,6,full,71.3,high
A00194,cloud_vm,user_lan,medium,internal,0,0,4.1,0.249,0,0,0,0,375,3,5,0,partial,42.6,medium
A00195,server,cloud,low,confidential,1,0,3.9,0.469,0,0,0,0,434,9,21,3,full,49.3,medium
A00196,server,ot,critical,confidential,0,0,7.0,0.453,0,0,0,0,726,6,10,1,full,44.0,medium
A00197,web_app,user_lan,low,restricted,1,1,8.2,0.276,0,0,0,0,390,6,28,5,full,71.3,high
A00198,cloud_vm,server_lan,high,public,1,0,6.6,0.146,0,0,0,0,52,7,18,4,full,29.5,medium
A00199,server,cloud,medium,public,1,1,7.9,0.276,0,0,0,0,95,5,25,3,full,42.3,medium
A00200,workstation,user_lan,high,confidential,0,1,3.2,0.316,1,1,48,1,221,5,8,3,full,59.2,high
A00201,cloud_vm,server_lan,high,public,1,1,6.6,0.163,0,0,0,0,199,7,21,2,partial,70.1,high
A00202,firewall,server_lan,high,internal,1,0,7.1,0.232,0,0,0,0,565,8,24,2,full,53.6,high
A00203,database,server_lan,medium,confidential,0,0,6.9,0.477,0,0,0,0,225,7,14,1,full,34.5,medium
A00204,server,user_lan,medium,confidential,0,0,5.6,0.357,0,0,0,0,56,2,7,0,full,11.4,low
A00205,server,server_lan,high,public,0,0,8.3,0.25,0,0,0,0,658,2,11,2,full,33.1,medium
A00206,server,dmz,medium,confidential,1,1,5.5,0.281,0,0,0,0,18,4,21,3,partial,61.3,high
A00207,server,dmz,medium,confidential,0,1,6.3,0.349,0,0,0,0,488,7,4,2,partial,51.5,high
A00208,web_app,ot,low,restricted,1,0,7.5,0.414,0,0,0,0,26,8,13,3,none,93.3,critical
A00209,server,dmz,low,internal,1,0,6.8,0.093,0,0,0,0,503,11,18,1,full,47.5,medium
A00210,database,dmz,medium,confidential,1,1,2.5,0.148,0,0,0,0,305,9,28,8,none,95.6,critical
A00211,web_app,user_lan,low,confidential,0,1,7.4,0.353,0,0,0,0,39,4,12,1,full,31.5,medium
A00212,web_app,server_lan,medium,internal,0,0,8.6,0.27,0,0,0,0,663,4,7,2,full,15.3,low
A00213,server,ot,low,confidential,1,1,5.3,0.147,0,0,0,0,170,2,24,9,partial,54.3,high
A00214,cloud_vm,ot,medium,confidential,0,1,5.0,0.332,0,0,0,0,4,3,10,1,partial,24.8,medium
A00215,web_app,server_lan,high,internal,0,1,7.8,0.212,0,0,0,0,47,5,5,0,full,45.1,medium
A00216,web_app,user_lan,medium,internal,1,1,3.9,0.185,0,0,0,0,13,5,29,3,full,40.8,medium
A00217,server,server_lan,high,internal,0,0,6.1,0.096,0,0,0,0,44,1,4,0,full,15.3,low
A00218,server,dmz,low,confidential,1,0,3.7,0.193,0,0,0,0,212,14,20,1,full,40.8,medium
A00219,firewall,server_lan,low,public,0,1,7.1,0.53,0,0,0,0,68,4,11,0,full,28.7,medium
A00220,workstation,dmz,high,internal,0,1,8.4,0.344,0,0,0,0,24,6,3,1,full,31.2,medium
A00221,workstation,dmz,high,public,1,0,5.7,0.271,0,0,0,0,42,8,25,2,partial,44.3,medium
A00222,database,user_lan,high,confidential,0,1,7.1,0.832,0,0,0,0,53,3,12,3,partial,60.1,high
A00223,web_app,dmz,high,confidential,1,1,7.2,0.309,0,0,0,0,565,14,29,4,partial,88.8,critical
A00224,firewall,dmz,high,internal,0,1,4.9,0.368,0,0,0,0,722,6,7,2,partial,50.1,medium
A00225,workstation,user_lan,high,internal,0,0,8.2,0.297,0,0,0,0,364,3,4,2,full,27.6,medium
A00226,firewall,user_lan,high,internal,0,0,5.2,0.264,0,0,0,0,366,4,8,2,none,44.2,medium
A00227,server,dmz,high,internal,1,1,6.8,0.553,0,0,0,0,29,11,14,3,full,67.1,high
A00228,database,dmz,low,confidential,1,0,6.8,0.197,0,0,0,0,4,8,24,1,full,24.7,medium
A00229,web_app,server_lan,low,public,1,0,6.9,0.234,0,0,0,0,216,9,21,3,full,25.5,medium
A00230,server,server_lan,medium,confidential,1,1,6.8,0.409,0,0,0,0,48,9,17,1,full,45.2,medium
A00231,server,cloud,medium,confidential,1,0,7.8,0.458,0,0,0,0,537,7,22,2,full,63.2,high
A00232,workstation,ot,high,restricted,0,0,4.3,0.277,0,0,0,0,32,1,14,0,partial,34.4,medium
A00233,firewall,server_lan,medium,internal,0,0,7.1,0.362,0,0,0,0,57,5,13,0,partial,23.9,medium
A00234,web_app,server_lan,low,internal,0,0,5.2,0.658,0,0,0,0,39,2,13,0,full,0.0,low
A00235,firewall,user_lan,high,public,1,1,7.1,0.314,0,0,0,0,284,7,24,4,full,65.6,high
A00236,cloud_vm,user_lan,low,restricted,0,0,7.0,0.208,0,0,0,0,22,6,9,1,full,29.4,medium
A00237,database,server_lan,high,confidential,1,0,7.5,0.176,0,0,0,0,45,13,20,0,full,58.0,high
A00238,cloud_vm,dmz,low,confidential,0,1,6.0,0.387,0,0,0,0,11,2,6,3,full,37.7,medium
A00239,server,user_lan,medium,confidential,0,0,7.6,0.228,0,0,0,0,44,7,13,1,partial,20.1,low
A00240,server,user_lan,medium,internal,0,0,7.7,0.331,0,0,0,0,7,2,6,0,full,9.6,low
A00241,cloud_vm,dmz,low,confidential,1,0,5.9,0.16,0,0,0,0,48,11,24,5,full,65.8,high
A00242,cloud_vm,server_lan,low,confidential,1,0,8.6,0.348,0,0,0,0,554,9,12,4,full,44.8,medium
A00243,server,server_lan,low,public,1,1,6.5,0.196,0,0,0,0,2,11,12,4,full,42.8,medium
A00244,database,server_lan,medium,restricted,0,1,6.7,0.576,1,0,225,1,261,7,8,8,partial,66.7,high
A00245,web_app,user_lan,medium,restricted,0,1,6.9,0.423,0,0,0,0,194,2,8,2,partial,39.1,medium
A00246,cloud_vm,user_lan,high,restricted,1,0,2.5,0.334,0,0,0,0,18,8,23,2,full,35.3,medium
A00247,web_app,user_lan,low,confidential,1,0,6.4,0.213,0,0,0,0,466,11,19,4,full,40.0,medium
A00248,workstation,server_lan,medium,internal,0,0,4.0,0.441,0,0,0,0,630,7,8,0,full,23.2,low
A00249,workstation,dmz,low,confidential,1,1,7.0,0.205,0,0,0,0,20,6,26,6,full,63.9,high
A00250,workstation,cloud,critical,public,1,0,6.9,0.41,0,0,0,0,43,10,20,0,full,57.0,high
A00251,web_app,user_lan,high,confidential,0,0,7.6,0.279,1,1,410,1,84,7,7,1,none,66.2,high
A00252,cloud_vm,dmz,critical,public,0,0,4.6,0.296,0,0,0,0,18,4,6,0,partial,24.9,medium
A00253,workstation,server_lan,critical,restricted,1,0,5.5,0.257,0,0,0,0,79,11,22,0,full,54.0,high
A00254,workstation,cloud,medium,internal,1,0,6.6,0.475,0,0,0,0,50,5,19,4,partial,65.9,high
A00255,server,cloud,high,public,1,1,6.6,0.413,0,0,0,0,722,8,19,4,full,77.9,critical
A00256,cloud_vm,cloud,medium,public,1,1,6.9,0.486,0,0,0,0,617,8,21,5,full,68.5,high
A00257,cloud_vm,user_lan,critical,confidential,0,1,8.7,0.276,0,0,0,0,31,4,7,1,full,42.0,medium
A00258,server,user_lan,medium,public,1,1,7.0,0.594,0,0,0,0,32,6,26,1,partial,57.4,high
A00259,server,user_lan,medium,public,1,0,5.8,0.329,0,0,0,0,24,8,29,3,full,40.3,medium
A00260,web_app,server_lan,critical,public,0,1,7.1,0.328,1,0,129,0,6,5,8,2,partial,39.9,medium
A00261,server,user_lan,high,internal,0,1,8.0,0.277,0,0,0,0,30,3,5,2,partial,40.2,medium
A00262,cloud_vm,user_lan,critical,restricted,1,1,8.5,0.36,0,0,0,0,516,9,24,2,full,64.8,high
A00263,workstation,server_lan,low,internal,1,0,7.2,0.161,0,0,0,0,137,7,19,5,partial,45.8,medium
A00264,server,cloud,low,internal,0,0,8.6,0.468,1,1,388,1,51,4,8,3,full,39.0,medium
A00265,firewall,server_lan,medium,public,0,1,5.7,0.506,0,0,0,0,19,5,8,2,full,16.8,low
A00266,server,dmz,medium,public,0,0,4.6,0.232,0,0,0,0,25,3,8,1,full,9.3,low
A00267,workstation,server_lan,medium,internal,1,0,6.7,0.262,0,0,0,0,559,14,28,5,partial,83.9,critical
A00268,server,cloud,low,public,0,0,6.6,0.23,0,0,0,0,28,3,9,0,full,0.0,low
A00269,server,ot,high,public,1,0,4.8,0.491,0,0,0,0,34,9,35,2,none,72.2,critical
A00270,server,user_lan,low,public,1,0,7.8,0.438,0,0,0,0,318,13,31,3,full,55.1,high
A00271,server,ot,high,internal,0,0,5.6,0.278,0,0,0,0,31,4,10,4,none,23.4,medium
A00272,server,cloud,high,confidential,1,1,4.8,0.553,0,0,0,0,19,11,20,3,full,73.3,critical
A00273,server,cloud,medium,public,1,0,7.4,0.432,0,0,0,0,4,7,25,6,full,42.4,medium
A00274,web_app,cloud,medium,confidential,1,0,5.7,0.377,1,0,45,1,47,11,18,4,full,54.0,high
A00275,web_app,server_lan,low,confidential,0,1,6.8,0.257,0,0,0,0,1,2,7,0,full,21.5,low
A00276,workstation,cloud,low,restricted,1,0,7.2,0.433,0,0,0,0,41,8,23,2,full,50.9,medium
A00277,workstation,user_lan,high,public,1,0,3.6,0.426,0,0,0,0,10,7,25,2,full,47.1,medium
A00278,database,user_lan,medium,confidential,1,0,4.9,0.177,0,0,0,0,476,11,32,5,full,50.6,medium
A00279,cloud_vm,server_lan,low,restricted,1,0,5.6,0.247,0,0,0,0,2,5,19,3,full,28.7,medium
A00280,cloud_vm,cloud,critical,restricted,0,0,6.9,0.293,0,0,0,0,646,3,9,0,full,37.5,medium
A00281,server,ot,high,confidential,1,0,6.0,0.417,0,0,0,0,610,5,21,3,full,66.9,high
A00282,server,server_lan,high,public,1,0,3.5,0.277,0,0,0,0,38,5,23,4,full,36.2,medium
A00283,server,ot,medium,restricted,0,1,8.3,0.22,0,0,0,0,13,4,7,2,partial,21.9,low
A00284,workstation,server_lan,critical,confidential,1,1,7.0,0.148,0,0,0,0,682,11,22,5,full,75.3,critical
A00285,database,server_lan,low,public,0,1,9.0,0.668,1,0,73,1,31,3,6,1,partial,39.2,medium
A00286,workstation,dmz,low,public,1,0,7.2,0.417,0,0,0,0,233,13,22,2,full,36.3,medium
A00287,server,cloud,critical,restricted,0,0,9.5,0.259,0,0,0,0,689,2,8,1,full,52.3,high
A00288,workstation,user_lan,critical,public,0,0,8.8,0.662,0,0,0,0,46,3,9,1,full,29.8,medium
A00289,database,server_lan,medium,confidential,0,1,7.1,0.459,0,0,0,0,19,1,9,0,full,30.8,medium
A00290,server,user_lan,low,internal,1,0,8.2,0.312,0,0,0,0,18,5,25,6,full,38.0,medium
A00291,cloud_vm,server_lan,medium,confidential,0,0,6.0,0.355,0,0,0,0,11,2,10,1,full,10.9,low
A00292,server,user_lan,high,public,0,0,6.9,0.154,0,0,0,0,1,1,13,1,full,2.8,low
A00293,firewall,cloud,high,confidential,1,1,6.2,0.131,0,0,0,0,194,13,26,7,partial,92.9,critical
A00294,server,user_lan,medium,internal,1,0,7.0,0.553,0,0,0,0,7,7,31,5,full,60.2,high
A00295,cloud_vm,cloud,low,restricted,1,0,5.4,0.325,0,0,0,0,309,5,24,3,full,54.6,high
A00296,cloud_vm,user_lan,high,public,1,0,3.7,0.346,0,0,0,0,152,10,20,2,full,37.7,medium
A00297,firewall,ot,high,public,1,1,7.6,0.538,0,0,0,0,9,4,24,4,partial,66.7,high
A00298,cloud_vm,server_lan,medium,public,0,1,7.7,0.367,0,0,0,0,498,7,11,2,full,32.7,medium
A00299,cloud_vm,server_lan,medium,public,0,1,5.3,0.577,1,0,270,1,564,4,8,1,full,43.6,medium
A00300,web_app,dmz,critical,restricted,1,0,5.2,0.142,1,0,126,1,33,8,26,4,full,77.2,critical
A00301,cloud_vm,user_lan,low,public,0,0,6.8,0.275,0,0,0,0,35,1,12,3,full,12.8,low
A00302,server,user_lan,medium,public,0,0,6.6,0.269,0,0,0,0,22,3,10,0,full,18.6,low
A00303,database,cloud,medium,confidential,1,0,6.8,0.321,1,0,288,1,655,4,27,6,none,100.0,critical
A00304,database,server_lan,medium,internal,0,1,8.7,0.237,0,0,0,0,450,5,8,2,partial,41.1,medium
A00305,cloud_vm,dmz,high,internal,1,1,6.9,0.276,0,0,0,0,23,10,27,6,full,48.5,medium
A00306,database,user_lan,medium,confidential,0,0,8.2,0.488,0,0,0,0,718,3,10,1,partial,47.4,medium
A00307,workstation,ot,medium,internal,1,0,6.2,0.141,0,0,0,0,25,10,14,5,none,52.4,high
A00308,web_app,server_lan,low,confidential,1,0,5.8,0.25,0,0,0,0,323,12,16,7,full,53.2,high
A00309,workstation,server_lan,high,confidential,0,0,6.8,0.623,1,1,52,1,56,1,6,3,full,45.6,medium
A00310,server,server_lan,low,internal,1,0,5.8,0.368,0,0,0,0,1,9,36,4,full,18.0,low
A00311,database,user_lan,low,confidential,1,0,9.4,0.443,0,0,0,0,67,7,17,4,partial,67.1,high
A00312,workstation,server_lan,medium,restricted,1,0,6.4,0.166,1,0,43,1,36,2,18,6,full,67.0,high
A00313,server,server_lan,medium,internal,1,1,7.4,0.195,0,0,0,0,331,6,19,2,partial,66.9,high
A00314,workstation,user_lan,critical,confidential,1,1,7.2,0.488,1,1,43,1,343,12,24,3,full,86.0,critical
A00315,workstation,server_lan,high,internal,0,0,5.0,0.35,1,0,472,0,13,3,12,3,full,27.8,medium
A00316,workstation,server_lan,high,internal,1,0,8.4,0.214,0,0,0,0,412,8,19,4,full,61.7,high
A00317,workstation,dmz,medium,confidential,0,1,8.9,0.603,0,0,0,0,51,7,9,1,full,36.9,medium
A00318,web_app,ot,medium,public,1,1,8.3,0.272,1,1,703,1,168,8,26,6,none,100.0,critical
A00319,workstation,server_lan,critical,internal,0,0,4.8,0.168,0,0,0,0,723,11,7,0,full,32.3,medium
A00320,firewall,server_lan,medium,public,1,1,5.8,0.381,0,0,0,0,58,14,21,2,full,62.3,high
A00321,cloud_vm,dmz,high,confidential,1,0,6.2,0.213,0,0,0,0,254,3,23,2,partial,55.9,high
A00322,database,user_lan,medium,confidential,0,0,4.7,0.231,0,0,0,0,50,4,8,1,full,27.4,medium
A00323,workstation,cloud,low,internal,0,0,8.4,0.311,0,0,0,0,256,6,4,0,full,23.8,medium
A00324,database,dmz,medium,public,1,1,8.4,0.301,0,0,0,0,44,10,27,3,partial,65.0,high
A00325,cloud_vm,server_lan,low,restricted,0,0,6.8,0.399,0,0,0,0,13,4,14,1,partial,27.5,medium
A00326,web_app,server_lan,low,internal,0,0,4.8,0.363,0,0,0,0,160,3,6,0,full,13.9,low
A00327,cloud_vm,user_lan,low,internal,1,1,6.8,0.403,0,0,0,0,99,6,20,0,full,29.4,medium
A00328,database,ot,low,public,1,0,6.0,0.358,0,0,0,0,554,9,17,2,none,41.6,medium
A00329,web_app,user_lan,medium,confidential,0,1,4.1,0.097,0,0,0,0,12,6,7,0,none,20.5,low
A00330,workstation,server_lan,critical,internal,0,0,5.5,0.514,1,0,64,1,55,3,10,2,full,34.5,medium
A00331,web_app,cloud,medium,restricted,1,0,3.9,0.316,0,0,0,0,19,9,32,0,full,44.5,medium
A00332,server,cloud,high,confidential,1,0,4.2,0.28,0,0,0,0,38,11,17,3,full,48.3,medium
A00333,web_app,server_lan,medium,public,1,0,5.4,0.235,0,0,0,0,31,6,21,3,partial,29.1,medium
A00334,cloud_vm,server_lan,low,confidential,1,0,8.8,0.337,0,0,0,0,55,10,21,2,partial,64.0,high
A00335,server,server_lan,low,internal,1,0,7.6,0.308,0,0,0,0,58,7,19,3,full,45.0,medium
A00336,web_app,cloud,critical,public,1,0,4.4,0.501,0,0,0,0,29,6,18,1,full,49.2,medium
A00337,server,user_lan,medium,confidential,0,1,7.4,0.463,0,0,0,0,4,2,8,1,full,28.0,medium
A00338,web_app,user_lan,critical,public,1,0,4.7,0.536,1,1,441,1,42,8,28,2,partial,94.1,critical
A00339,server,cloud,medium,restricted,1,0,5.6,0.445,0,0,0,0,27,12,28,5,full,66.4,high
A00340,firewall,server_lan,high,confidential,1,1,6.6,0.23,0,0,0,0,3,7,23,3,full,47.3,medium
A00341,server,server_lan,high,public,1,0,8.0,0.446,0,0,0,0,719,7,20,2,partial,70.5,high
A00342,firewall,dmz,critical,restricted,1,1,7.0,0.498,0,0,0,0,338,7,20,2,partial,89.5,critical
A00343,cloud_vm,cloud,low,internal,0,1,7.4,0.377,0,0,0,0,544,8,11,2,full,20.9,low
A00344,web_app,user_lan,critical,public,1,1,6.2,0.302,0,0,0,0,47,9,27,0,partial,79.7,critical
A00345,cloud_vm,server_lan,medium,internal,0,0,8.1,0.211,0,0,0,0,353,8,5,4,full,27.9,medium
A00346,cloud_vm,dmz,high,restricted,0,1,4.9,0.438,0,0,0,0,635,4,14,0,full,38.1,medium
A00347,firewall,cloud,medium,internal,1,1,3.9,0.157,0,0,0,0,47,7,26,2,full,49.5,medium
A00348,workstation,cloud,medium,internal,0,0,6.7,0.558,0,0,0,0,53,6,6,2,full,26.8,medium
A00349,web_app,user_lan,medium,internal,1,0,4.7,0.162,0,0,0,0,90,13,23,2,partial,44.1,medium
A00350,server,server_lan,high,internal,1,0,2.7,0.314,0,0,0,0,266,9,24,6,full,39.2,medium
A00351,web_app,ot,low,public,0,1,6.4,0.107,0,0,0,0,59,6,11,0,full,7.7,low
A00352,server,cloud,medium,confidential,1,1,6.8,0.185,0,0,0,0,44,14,25,2,full,65.8,high
A00353,database,user_lan,medium,restricted,1,0,6.2,0.201,0,0,0,0,31,8,26,5,full,65.1,high
A00354,database,user_lan,high,confidential,1,1,8.9,0.534,0,0,0,0,599,14,23,5,partial,100.0,critical
A00355,database,ot,medium,public,1,1,8.5,0.771,1,0,479,1,43,6,25,3,none,80.3,critical
A00356,database,ot,high,internal,1,0,7.7,0.185,0,0,0,0,384,11,22,1,partial,68.8,high
A00357,cloud_vm,user_lan,medium,public,1,1,4.6,0.437,0,0,0,0,701,14,37,3,full,55.1,high
A00358,cloud_vm,server_lan,high,internal,0,0,4.7,0.381,0,0,0,0,0,3,10,1,full,18.2,low
A00359,database,server_lan,high,confidential,1,0,8.0,0.222,0,0,0,0,51,9,22,5,full,44.4,medium
A00360,web_app,cloud,high,internal,0,1,8.7,0.298,0,0,0,0,58,8,6,1,full,43.3,medium
A00361,firewall,user_lan,high,restricted,1,0,5.3,0.534,0,0,0,0,123,12,22,3,full,59.4,high
A00362,server,dmz,medium,internal,1,1,7.4,0.358,0,0,0,0,50,7,23,4,partial,76.0,critical
A00363,server,server_lan,low,confidential,0,1,7.0,0.275,0,0,0,0,47,3,9,0,full,0.0,low
A00364,server,ot,high,restricted,1,1,8.3,0.217,0,0,0,0,12,9,18,2,none,98.6,critical
A00365,web_app,cloud,low,confidential,1,0,3.3,0.33,0,0,0,0,367,8,18,0,full,23.7,medium
A00366,workstation,ot,low,restricted,0,0,8.1,0.308,0,0,0,0,285,8,10,2,none,50.2,medium
A00367,cloud_vm,user_lan,high,confidential,1,0,6.4,0.3,1,0,463,1,55,13,28,3,full,86.9,critical
A00368,web_app,cloud,medium,confidential,1,0,8.2,0.453,0,0,0,0,34,13,16,7,full,46.1,medium
A00369,workstation,cloud,medium,internal,0,0,5.4,0.248,0,0,0,0,4,6,5,1,full,11.5,low
A00370,cloud_vm,server_lan,critical,internal,1,0,6.6,0.27,0,0,0,0,47,8,24,8,full,60.2,high
A00371,cloud_vm,server_lan,low,restricted,0,0,5.6,0.661,0,0,0,0,18,3,8,1,full,19.4,low
A00372,workstation,ot,low,public,1,1,6.6,0.149,0,0,0,0,47,7,17,7,partial,40.4,medium
A00373,workstation,dmz,low,restricted,1,1,3.2,0.248,0,0,0,0,20,1,21,3,partial,51.2,medium
A00374,workstation,user_lan,low,internal,0,1,8.1,0.437,0,0,0,0,12,1,4,0,full,19.0,low
A00375,server,user_lan,high,confidential,0,1,5.1,0.176,0,0,0,0,724,3,7,2,partial,50.2,medium
A00376,server,user_lan,high,internal,1,0,8.2,0.583,0,0,0,0,49,11,22,1,full,44.1,medium
A00377,firewall,server_lan,medium,restricted,0,1,6.5,0.332,0,0,0,0,12,1,4,2,full,17.4,low
A00378,workstation,cloud,low,public,0,0,4.4,0.128,0,0,0,0,638,2,7,3,full,11.3,low
A00379,workstation,server_lan,medium,internal,0,0,2.7,0.216,0,0,0,0,24,3,7,0,full,5.1,low
A00380,web_app,cloud,low,restricted,1,1,4.3,0.163,0,0,0,0,20,8,21,4,full,62.7,high
A00381,database,server_lan,high,internal,0,0,5.8,0.259,0,0,0,0,213,6,3,1,none,47.0,medium
A00382,firewall,user_lan,medium,internal,0,0,7.8,0.211,0,0,0,0,123,8,6,0,full,34.7,medium
A00383,cloud_vm,cloud,low,restricted,1,1,5.9,0.189,0,0,0,0,27,9,30,7,full,60.3,high
A00384,database,server_lan,high,confidential,0,1,9.0,0.306,0,0,0,0,46,3,7,2,partial,47.0,medium
A00385,workstation,server_lan,high,public,0,0,4.9,0.206,0,0,0,0,54,1,3,0,full,3.6,low
A00386,firewall,cloud,medium,confidential,0,0,8.4,0.256,0,0,0,0,44,5,12,2,none,35.4,medium
A00387,web_app,dmz,medium,internal,0,0,6.1,0.377,0,0,0,0,320,1,8,2,partial,42.0,medium
A00388,firewall,server_lan,medium,public,1,0,5.9,0.296,0,0,0,0,7,4,18,6,none,65.0,high
A00389,server,user_lan,low,confidential,1,0,9.2,0.303,0,0,0,0,41,8,23,6,partial,59.4,high
A00390,cloud_vm,ot,low,public,1,0,6.0,0.416,1,1,121,1,26,7,19,3,none,85.3,critical
A00391,web_app,user_lan,high,internal,0,0,4.8,0.12,0,0,0,0,96,5,6,2,partial,19.2,low
A00392,server,server_lan,critical,internal,0,0,4.4,0.297,0,0,0,0,49,7,6,1,partial,24.8,medium
A00393,web_app,ot,medium,restricted,1,1,7.5,0.367,0,0,0,0,478,4,22,4,partial,95.4,critical
A00394,web_app,user_lan,medium,internal,0,0,6.2,0.188,0,0,0,0,47,4,8,1,full,17.9,low
A00395,server,user_lan,high,public,0,1,6.9,0.432,0,0,0,0,231,4,9,0,full,41.0,medium
A00396,workstation,server_lan,medium,restricted,0,0,7.5,0.474,0,0,0,0,12,1,7,0,partial,28.1,medium
A00397,cloud_vm,server_lan,low,confidential,1,0,3.0,0.465,0,0,0,0,1,7,16,4,partial,45.0,medium
A00398,workstation,server_lan,medium,internal,0,0,3.8,0.387,0,0,0,0,3,3,2,0,partial,17.3,low
A00399,workstation,user_lan,critical,restricted,1,0,4.4,0.331,0,0,0,0,504,8,17,2,partial,68.3,high
A00400,workstation,dmz,high,internal,1,0,6.7,0.384,1,1,243,1,156,7,21,8,partial,99.5,critical
A00401,workstation,user_lan,critical,internal,1,0,8.9,0.268,0,0,0,0,37,11,31,6,full,83.1,critical
A00402,cloud_vm,server_lan,low,internal,0,0,5.7,0.172,0,0,0,0,255,4,9,1,partial,20.8,low
A00403,cloud_vm,server_lan,medium,public,1,1,5.1,0.259,0,0,0,0,24,6,29,3,partial,38.0,medium
A00404,server,server_lan,medium,confidential,1,0,7.4,0.233,0,0,0,0,13,10,23,6,full,52.6,high
A00405,firewall,user_lan,low,internal,1,0,5.1,0.19,0,0,0,0,2,5,15,7,full,31.3,medium
A00406,cloud_vm,cloud,low,restricted,0,1,5.1,0.476,0,0,0,0,21,1,5,2,full,25.4,medium
A00407,workstation,server_lan,high,internal,0,0,6.0,0.311,0,0,0,0,408,1,6,0,full,17.9,low
A00408,cloud_vm,server_lan,high,public,0,0,5.5,0.193,0,0,0,0,6,3,7,1,full,16.8,low
A00409,server,server_lan,high,internal,0,0,6.6,0.484,0,0,0,0,300,1,10,1,full,19.3,low
A00410,firewall,cloud,low,public,1,0,9.1,0.356,0,0,0,0,24,6,26,0,full,33.4,medium
A00411,web_app,server_lan,medium,restricted,1,0,7.4,0.417,0,0,0,0,37,11,30,6,full,65.1,high
A00412,web_app,cloud,low,confidential,1,0,4.1,0.203,0,0,0,0,1,7,23,3,full,60.9,high
A00413,server,server_lan,low,confidential,1,0,7.9,0.248,0,0,0,0,51,15,28,7,full,58.3,high
A00414,cloud_vm,server_lan,medium,confidential,0,0,5.0,0.222,0,0,0,0,0,5,6,2,full,6.6,low
A00415,server,cloud,medium,internal,1,0,6.9,0.33,0,0,0,0,512,12,27,4,full,48.6,medium
A00416,workstation,user_lan,critical,public,0,0,7.2,0.27,0,0,0,0,532,3,3,1,full,33.8,medium
A00417,server,dmz,medium,internal,1,0,5.9,0.637,1,0,401,1,22,10,20,3,full,79.2,critical
A00418,cloud_vm,ot,low,confidential,0,0,8.6,0.525,1,1,127,1,165,2,9,2,full,30.1,medium
A00419,server,server_lan,low,internal,1,1,8.1,0.44,0,0,0,0,45,7,18,5,partial,68.6,high
A00420,cloud_vm,server_lan,high,public,0,0,5.0,0.383,0,0,0,0,501,5,11,2,full,16.2,low
A00421,web_app,server_lan,low,confidential,0,1,6.5,0.248,0,0,0,0,533,5,9,0,partial,35.4,medium
A00422,server,user_lan,low,public,0,0,4.0,0.263,0,0,0,0,16,6,9,0,full,13.1,low
A00423,server,cloud,medium,internal,0,0,6.3,0.268,0,0,0,0,6,3,7,1,partial,19.7,low
A00424,server,dmz,low,public,1,1,8.1,0.25,0,0,0,0,33,12,22,1,full,44.1,medium
A00425,web_app,ot,medium,internal,0,1,5.1,0.546,0,0,0,0,52,8,11,3,partial,69.0,high
A00426,cloud_vm,user_lan,medium,internal,0,1,4.6,0.419,0,0,0,0,602,4,10,4,full,53.6,high
A00427,server,ot,low,restricted,0,0,6.9,0.182,0,0,0,0,38,6,8,0,none,31.8,medium
A00428,cloud_vm,cloud,high,confidential,0,1,4.8,0.373,0,0,0,0,23,9,5,1,full,38.8,medium
A00429,server,ot,medium,public,1,1,6.8,0.211,0,0,0,0,32,7,23,8,none,77.2,critical
A00430,cloud_vm,user_lan,medium,confidential,1,1,6.1,0.316,0,0,0,0,135,9,24,2,full,60.5,high
A00431,firewall,server_lan,low,confidential,1,1,6.5,0.169,0,0,0,0,61,4,16,2,full,29.3,medium
A00432,cloud_vm,user_lan,medium,confidential,0,1,4.7,0.257,0,0,0,0,410,4,4,2,full,40.0,medium
A00433,web_app,user_lan,low,restricted,0,1,3.7,0.328,0,0,0,0,49,6,6,0,full,0.5,low
A00434,cloud_vm,user_lan,medium,confidential,0,0,4.3,0.113,0,0,0,0,356,3,9,0,partial,32.0,medium
A00435,server,cloud,low,public,1,0,6.0,0.337,1,0,194,1,43,11,19,9,full,60.3,high
A00436,server,dmz,critical,internal,1,0,9.4,0.356,0,0,0,0,80,6,19,6,full,55.8,high
A00437,server,cloud,low,internal,0,1,6.3,0.181,0,0,0,0,321,4,7,1,full,38.4,medium
A00438,database,server_lan,critical,internal,0,1,4.7,0.243,0,0,0,0,41,6,9,1,none,47.9,medium
A00439,cloud_vm,ot,critical,restricted,1,1,6.6,0.379,0,0,0,0,233,13,17,2,full,88.3,critical
A00440,web_app,server_lan,medium,confidential,1,0,6.2,0.492,1,0,58,1,609,5,23,2,full,43.8,medium
A00441,cloud_vm,dmz,medium,internal,0,1,7.8,0.185,0,0,0,0,13,5,6,0,partial,22.5,low
A00442,server,cloud,medium,restricted,0,1,4.6,0.303,0,0,0,0,43,9,9,0,full,26.6,medium
A00443,web_app,cloud,critical,confidential,1,0,7.7,0.363,1,0,494,0,12,5,18,5,full,69.1,high
A00444,server,cloud,medium,internal,1,1,3.3,0.085,0,0,0,0,1,4,15,3,full,42.8,medium
A00445,workstation,ot,medium,restricted,1,0,9.0,0.46,0,0,0,0,552,5,23,1,none,84.7,critical
A00446,web_app,server_lan,low,internal,1,0,5.1,0.153,0,0,0,0,715,11,20,4,partial,38.5,medium
A00447,firewall,cloud,high,internal,1,0,8.9,0.493,0,0,0,0,58,9,26,2,partial,59.1,high
A00448,web_app,server_lan,low,internal,1,0,5.6,0.121,0,0,0,0,510,5,17,7,partial,46.1,medium
A00449,server,user_lan,low,restricted,0,1,3.3,0.15,0,0,0,0,352,3,5,1,full,9.4,low
A00450,web_app,user_lan,low,internal,1,0,4.8,0.601,0,0,0,0,33,14,21,3,full,37.3,medium
A00451,server,dmz,medium,internal,1,1,4.6,0.238,0,0,0,0,314,10,16,1,full,43.7,medium
A00452,cloud_vm,user_lan,critical,confidential,0,1,6.8,0.351,0,0,0,0,684,3,7,1,full,40.9,medium
A00453,web_app,cloud,high,restricted,1,0,8.7,0.261,0,0,0,0,258,8,16,2,partial,73.1,critical
A00454,server,server_lan,low,public,1,1,8.0,0.547,0,0,0,0,552,8,25,4,full,60.4,high
A00455,server,ot,medium,public,1,1,4.7,0.327,1,0,298,1,34,15,19,3,none,82.1,critical
A00456,server,user_lan,high,restricted,0,0,6.3,0.235,0,0,0,0,27,1,4,1,full,22.3,low
A00457,firewall,server_lan,medium,confidential,0,0,4.8,0.442,0,0,0,0,545,5,6,1,full,26.2,medium
A00458,workstation,user_lan,low,internal,0,1,4.9,0.235,0,0,0,0,364,6,5,0,full,21.8,low
A00459,cloud_vm,server_lan,medium,internal,0,0,8.3,0.689,1,1,68,1,56,3,7,2,full,10.2,low
A00460,web_app,dmz,medium,internal,0,0,5.4,0.251,0,0,0,0,34,3,14,0,none,22.3,low
A00461,database,user_lan,critical,confidential,0,1,5.4,0.088,0,0,0,0,13,5,21,1,partial,54.8,high
A00462,server,dmz,high,confidential,1,0,6.1,0.329,0,0,0,0,533,6,24,7,full,53.3,high
A00463,firewall,dmz,low,confidential,1,1,8.4,0.473,0,0,0,0,12,13,26,4,full,76.2,critical
A00464,workstation,cloud,high,public,1,0,4.3,0.333,1,0,169,1,22,10,24,4,partial,67.7,high
A00465,database,dmz,low,confidential,1,1,7.1,0.386,0,0,0,0,537,8,34,3,full,71.7,high
A00466,web_app,cloud,high,public,1,1,4.1,0.214,0,0,0,0,256,6,14,1,full,53.0,high
A00467,web_app,cloud,medium,restricted,0,0,8.2,0.49,0,0,0,0,256,3,6,1,none,55.8,high
A00468,firewall,server_lan,low,public,1,0,7.2,0.598,0,0,0,0,18,11,22,4,full,50.4,medium
A00469,server,user_lan,medium,public,0,1,4.9,0.192,0,0,0,0,99,2,10,1,partial,28.5,medium
A00470,database,dmz,low,public,1,0,4.8,0.14,0,0,0,0,43,8,27,1,full,25.5,medium
A00471,workstation,user_lan,low,internal,0,0,8.1,0.761,1,1,325,1,36,5,14,4,partial,46.7,medium
A00472,database,dmz,medium,internal,0,1,4.3,0.17,0,0,0,0,46,4,10,1,partial,44.9,medium
A00473,server,ot,high,confidential,1,1,8.0,0.188,0,0,0,0,217,8,20,4,partial,88.8,critical
A00474,server,server_lan,high,restricted,0,1,9.0,0.388,0,0,0,0,419,9,5,0,partial,73.2,critical
A00475,workstation,user_lan,medium,internal,0,0,7.3,0.192,0,0,0,0,243,3,8,1,full,11.0,low
A00476,workstation,dmz,low,internal,1,1,4.2,0.316,0,0,0,0,58,7,28,2,partial,47.0,medium
A00477,workstation,server_lan,medium,internal,0,0,6.1,0.131,0,0,0,0,42,2,12,3,full,17.9,low
A00478,web_app,user_lan,medium,confidential,0,1,4.9,0.388,0,0,0,0,584,3,8,0,full,33.3,medium
A00479,web_app,user_lan,low,public,0,1,7.3,0.776,1,1,618,1,609,9,7,3,full,64.5,high
A00480,workstation,ot,critical,internal,0,0,8.6,0.135,0,0,0,0,402,6,6,0,partial,48.6,medium
A00481,workstation,dmz,critical,public,1,0,4.3,0.307,0,0,0,0,50,9,22,5,full,51.4,high
A00482,server,dmz,low,public,1,1,3.9,0.192,0,0,0,0,59,10,19,1,full,58.8,high
A00483,web_app,server_lan,high,confidential,1,1,4.0,0.137,0,0,0,0,404,14,27,3,full,70.3,high
A00484,workstation,server_lan,high,public,1,1,6.8,0.295,1,0,392,1,37,9,19,7,full,73.5,critical
A00485,server,cloud,low,public,0,1,7.7,0.254,1,1,89,0,1,5,5,5,full,17.4,low
A00486,workstation,ot,medium,confidential,0,1,6.0,0.276,0,0,0,0,44,4,8,1,none,39.0,medium
A00487,database,cloud,low,public,0,0,5.9,0.375,0,0,0,0,52,6,12,1,full,0.0,low
A00488,server,server_lan,low,confidential,1,1,4.3,0.229,0,0,0,0,53,9,18,7,partial,46.4,medium
A00489,database,server_lan,critical,internal,1,1,4.2,0.257,0,0,0,0,13,6,23,4,full,63.5,high
A00490,database,cloud,medium,restricted,1,1,9.5,0.179,0,0,0,0,102,14,19,1,partial,80.6,critical
A00491,web_app,server_lan,low,confidential,1,0,5.4,0.449,0,0,0,0,48,7,26,1,partial,54.1,high
A00492,web_app,user_lan,medium,public,0,0,5.7,0.172,0,0,0,0,44,2,6,2,partial,21.7,low
A00493,web_app,server_lan,critical,restricted,1,0,6.5,0.322,1,1,228,1,52,4,21,3,none,100.0,critical
A00494,workstation,server_lan,medium,internal,0,0,3.9,0.532,0,0,0,0,555,5,6,1,partial,34.3,medium
A00495,cloud_vm,cloud,critical,internal,1,1,8.2,0.513,0,0,0,0,8,7,22,6,full,73.5,critical
A00496,database,server_lan,high,confidential,0,1,5.0,0.285,0,0,0,0,9,3,9,0,full,44.1,medium
A00497,workstation,ot,medium,confidential,0,1,9.1,0.22,0,0,0,0,534,1,14,3,partial,52.2,high
A00498,web_app,server_lan,high,internal,0,0,1.9,0.24,0,0,0,0,357,3,5,1,partial,33.1,medium
A00499,workstation,dmz,high,internal,1,0,7.5,0.621,0,0,0,0,53,6,20,2,full,60.1,high
A00500,database,server_lan,high,public,1,0,6.3,0.22,0,0,0,0,18,8,26,2,partial,50.6,medium
A00501,web_app,server_lan,medium,confidential,0,0,6.9,0.238,0,0,0,0,527,6,6,0,full,32.9,medium
A00502,cloud_vm,user_lan,low,restricted,1,0,7.8,0.372,0,0,0,0,114,6,22,3,partial,56.2,high
A00503,firewall,dmz,low,internal,1,1,6.3,0.065,0,0,0,0,9,6,17,7,full,60.3,high
A00504,database,user_lan,medium,restricted,0,0,8.4,0.522,0,0,0,0,344,4,8,1,none,56.3,high
A00505,database,cloud,high,public,0,1,5.1,0.388,0,0,0,0,53,7,4,2,partial,29.1,medium
A00506,cloud_vm,server_lan,high,confidential,0,1,7.8,0.344,0,0,0,0,52,5,6,3,full,41.5,medium
A00507,workstation,server_lan,medium,restricted,1,0,6.3,0.223,0,0,0,0,7,8,20,4,full,49.6,medium
A00508,cloud_vm,server_lan,low,confidential,1,0,9.2,0.37,0,0,0,0,200,8,19,3,partial,64.5,high
A00509,database,cloud,low,public,0,0,8.4,0.478,1,1,211,1,110,7,4,5,full,47.2,medium
A00510,server,user_lan,high,internal,1,1,7.0,0.265,0,0,0,0,14,11,25,3,full,62.7,high
A00511,server,dmz,medium,public,1,0,8.1,0.259,0,0,0,0,41,9,19,2,full,66.2,high
A00512,cloud_vm,user_lan,high,confidential,1,0,2.8,0.122,0,0,0,0,20,9,24,2,partial,51.9,high
A00513,server,user_lan,low,restricted,0,0,5.1,0.272,0,0,0,0,263,7,10,0,full,0.0,low
A00514,workstation,server_lan,medium,internal,1,0,5.3,0.184,0,0,0,0,646,10,26,4,full,46.2,medium
A00515,workstation,dmz,critical,public,0,1,5.8,0.226,0,0,0,0,8,5,9,0,full,31.1,medium
A00516,server,ot,low,internal,1,1,8.1,0.323,1,0,367,1,576,5,26,2,none,99.5,critical
A00517,workstation,server_lan,low,confidential,1,0,8.8,0.607,0,0,0,0,42,5,17,4,full,48.1,medium
A00518,cloud_vm,server_lan,high,confidential,0,0,5.0,0.274,0,0,0,0,19,6,4,1,full,23.5,medium
A00519,server,server_lan,medium,internal,0,1,4.5,0.219,1,0,278,1,29,5,10,3,full,38.8,medium
A00520,cloud_vm,user_lan,critical,confidential,0,1,4.9,0.277,0,0,0,0,588,2,5,1,full,31.7,medium
A00521,cloud_vm,user_lan,critical,public,0,1,6.2,0.491,0,0,0,0,16,5,5,0,full,22.4,low
A00522,workstation,server_lan,high,confidential,1,0,6.8,0.231,1,0,470,1,46,6,28,9,full,86.3,critical
A00523,server,user_lan,low,internal,1,0,2.5,0.119,0,0,0,0,107,5,28,5,full,30.1,medium
A00524,web_app,user_lan,medium,public,1,0,6.7,0.241,0,0,0,0,10,8,21,1,partial,44.3,medium
A00525,server,server_lan,critical,confidential,1,1,4.9,0.16,0,0,0,0,612,7,17,7,partial,94.5,critical
A00526,workstation,ot,medium,confidential,0,1,4.8,0.139,0,0,0,0,526,5,3,0,none,46.1,medium
A00527,firewall,server_lan,critical,internal,0,0,3.7,0.092,0,0,0,0,444,4,5,1,partial,34.3,medium
A00528,firewall,server_lan,high,confidential,1,0,8.7,0.356,0,0,0,0,18,7,25,2,full,54.0,high
A00529,cloud_vm,ot,low,internal,1,1,3.8,0.233,0,0,0,0,51,9,29,2,none,47.5,medium
A00530,workstation,cloud,medium,internal,0,1,3.3,0.32,0,0,0,0,164,2,11,1,full,30.4,medium
A00531,web_app,server_lan,high,restricted,0,1,5.6,0.334,0,0,0,0,43,4,4,1,full,33.6,medium
A00532,web_app,cloud,low,restricted,1,1,5.5,0.206,0,0,0,0,31,5,28,4,full,54.9,high
A00533,workstation,user_lan,medium,public,1,1,5.3,0.528,0,0,0,0,3,4,23,5,full,44.4,medium
A00534,web_app,server_lan,high,restricted,1,0,5.1,0.312,0,0,0,0,547,4,16,3,full,69.8,high
A00535,server,cloud,low,confidential,1,1,6.2,0.521,0,0,0,0,8,7,19,4,full,45.7,medium
A00536,server,cloud,medium,public,1,1,4.3,0.316,0,0,0,0,273,8,16,4,partial,59.6,high
A00537,database,server_lan,high,internal,1,1,7.0,0.243,0,0,0,0,652,11,14,2,none,93.8,critical
A00538,server,user_lan,high,public,1,1,6.5,0.228,0,0,0,0,0,15,21,2,full,61.8,high
A00539,server,server_lan,medium,confidential,1,1,5.3,0.272,0,0,0,0,397,4,28,4,full,59.2,high
A00540,cloud_vm,dmz,critical,restricted,1,0,9.4,0.474,0,0,0,0,8,11,18,2,full,68.8,high
A00541,firewall,ot,critical,internal,1,1,3.6,0.27,0,0,0,0,46,12,20,3,none,93.8,critical
A00542,database,user_lan,medium,internal,1,0,5.0,0.437,0,0,0,0,3,8,25,1,none,61.7,high
A00543,cloud_vm,user_lan,low,internal,0,1,6.0,0.323,0,0,0,0,26,4,11,1,partial,31.4,medium
A00544,firewall,user_lan,high,internal,0,1,7.2,0.382,1,0,303,0,4,5,9,3,none,57.2,high
A00545,server,user_lan,low,confidential,1,1,8.1,0.292,0,0,0,0,57,9,17,3,full,51.2,medium
A00546,workstation,server_lan,high,public,0,0,6.1,0.21,0,0,0,0,138,6,5,0,full,13.8,low
A00547,workstation,ot,medium,internal,0,0,4.0,0.215,0,0,0,0,19,4,5,2,full,25.6,medium
A00548,server,user_lan,medium,internal,1,0,8.0,0.382,0,0,0,0,509,10,28,4,full,73.6,critical
A00549,cloud_vm,user_lan,medium,confidential,0,1,2.6,0.096,0,0,0,0,3,2,6,0,full,11.2,low
A00550,workstation,user_lan,medium,confidential,0,0,7.6,0.358,0,0,0,0,6,2,6,0,full,0.0,low
A00551,database,server_lan,critical,confidential,1,1,3.9,0.255,0,0,0,0,53,11,18,7,partial,66.6,high
A00552,server,dmz,low,internal,1,1,7.1,0.12,0,0,0,0,95,13,19,2,full,51.1,medium
A00553,server,server_lan,critical,confidential,1,0,8.0,0.442,0,0,0,0,25,10,24,5,full,62.1,high
A00554,cloud_vm,server_lan,low,confidential,0,1,3.8,0.174,0,0,0,0,21,4,10,0,full,28.9,medium
A00555,server,user_lan,high,confidential,1,1,4.9,0.568,0,0,0,0,41,5,16,7,full,76.2,critical
A00556,server,cloud,critical,confidential,1,0,5.9,0.26,0,0,0,0,40,8,25,1,full,73.7,critical
A00557,workstation,server_lan,medium,restricted,1,0,5.4,0.43,1,0,775,1,22,5,24,5,partial,77.9,critical
A00558,database,server_lan,low,internal,0,0,8.6,0.254,1,0,533,1,39,8,8,1,full,6.8,low
A00559,web_app,user_lan,high,public,0,1,7.8,0.291,0,0,0,0,688,8,5,1,partial,40.8,medium
A00560,database,server_lan,high,restricted,1,1,7.3,0.504,0,0,0,0,5,7,24,3,full,57.9,high
A00561,server,ot,medium,public,0,1,6.2,0.53,0,0,0,0,41,6,13,0,full,33.5,medium
A00562,workstation,server_lan,medium,restricted,0,1,6.4,0.322,0,0,0,0,587,3,9,1,full,29.4,medium
A00563,cloud_vm,dmz,high,confidential,1,1,4.4,0.321,0,0,0,0,614,14,24,2,partial,88.9,critical
A00564,web_app,server_lan,low,restricted,0,1,4.8,0.252,0,0,0,0,152,5,8,0,full,21.9,low
A00565,web_app,ot,medium,confidential,0,0,6.3,0.425,0,0,0,0,16,2,7,2,partial,21.5,low
A00566,web_app,server_lan,medium,confidential,1,0,7.8,0.646,0,0,0,0,43,6,25,4,partial,84.0,critical
A00567,cloud_vm,user_lan,low,confidential,0,1,7.9,0.356,0,0,0,0,4,3,5,1,partial,30.4,medium
A00568,server,server_lan,high,internal,0,1,8.1,0.187,0,0,0,0,35,6,10,2,partial,40.0,medium
A00569,workstation,server_lan,medium,internal,0,0,6.0,0.266,0,0,0,0,158,2,1,2,partial,14.1,low
A00570,database,cloud,critical,public,0,1,3.8,0.217,0,0,0,0,43,8,9,1,none,52.5,high
A00571,workstation,server_lan,medium,internal,0,0,9.6,0.429,0,0,0,0,26,6,6,1,partial,38.5,medium
A00572,cloud_vm,dmz,medium,restricted,1,1,8.5,0.682,1,0,426,1,175,8,12,1,full,99.8,critical
A00573,database,user_lan,medium,internal,1,1,5.7,0.251,1,0,463,0,0,11,21,3,full,56.5,high
A00574,cloud_vm,cloud,medium,confidential,0,0,3.0,0.401,0,0,0,0,6,5,10,3,full,15.5,low
A00575,cloud_vm,server_lan,high,internal,1,1,6.4,0.449,0,0,0,0,182,7,12,3,full,65.9,high
A00576,database,dmz,high,internal,1,1,2.2,0.062,0,0,0,0,29,5,29,1,full,51.8,high
A00577,cloud_vm,ot,high,restricted,1,0,8.3,0.39,0,0,0,0,193,12,27,6,none,94.6,critical
A00578,web_app,user_lan,medium,public,0,0,3.4,0.297,0,0,0,0,346,3,5,3,partial,3.8,low
A00579,cloud_vm,cloud,low,confidential,1,0,5.2,0.23,1,1,179,1,470,10,28,9,full,67.7,high
A00580,workstation,cloud,low,internal,1,0,5.4,0.293,0,0,0,0,55,8,21,3,full,31.7,medium
A00581,database,user_lan,high,public,1,0,9.2,0.428,0,0,0,0,0,3,23,9,none,91.4,critical
A00582,database,server_lan,medium,public,1,1,7.0,0.365,0,0,0,0,237,9,23,1,full,38.5,medium
A00583,server,server_lan,medium,confidential,1,0,8.7,0.328,0,0,0,0,391,9,29,3,full,63.8,high
A00584,workstation,user_lan,medium,public,1,1,6.9,0.279,0,0,0,0,173,12,21,6,full,60.4,high
A00585,cloud_vm,user_lan,medium,confidential,0,0,8.1,0.385,1,0,307,1,46,6,12,3,full,49.9,medium
A00586,web_app,ot,high,confidential,1,0,3.3,0.26,0,0,0,0,425,10,27,4,none,73.9,critical
A00587,server,user_lan,medium,public,1,1,5.0,0.469,0,0,0,0,55,4,28,6,full,44.8,medium
A00588,workstation,server_lan,critical,internal,0,0,7.6,0.306,0,0,0,0,276,1,6,1,full,33.3,medium
A00589,server,user_lan,low,public,1,0,3.3,0.474,0,0,0,0,19,11,24,4,partial,50.7,medium
A00590,server,user_lan,medium,confidential,1,1,3.5,0.117,0,0,0,0,168,7,19,5,full,54.1,high
A00591,firewall,user_lan,low,internal,1,0,7.7,0.341,0,0,0,0,105,10,27,5,partial,59.0,high
A00592,workstation,cloud,high,public,1,0,7.3,0.316,0,0,0,0,421,8,20,3,full,59.7,high
A00593,workstation,user_lan,medium,internal,0,0,6.4,0.211,1,1,879,1,281,2,9,4,full,25.3,medium
A00594,web_app,dmz,medium,internal,0,0,7.1,0.452,0,0,0,0,516,3,13,2,full,27.3,medium
A00595,server,user_lan,high,confidential,1,1,3.5,0.314,0,0,0,0,38,6,26,3,partial,58.7,high
A00596,workstation,user_lan,medium,public,0,1,2.6,0.403,0,0,0,0,18,4,4,1,full,12.0,low
A00597,web_app,ot,low,public,0,0,7.8,0.353,0,0,0,0,17,2,6,1,partial,0.0,low
A00598,web_app,server_lan,medium,internal,1,0,5.5,0.129,0,0,0,0,532,11,20,3,full,42.9,medium
A00599,firewall,user_lan,low,confidential,0,0,6.4,0.234,0,0,0,0,0,5,10,1,full,10.3,low
A00600,web_app,user_lan,critical,confidential,0,0,6.6,0.542,0,0,0,0,42,8,5,1,full,35.9,medium
A00601,database,user_lan,high,internal,0,0,7.8,0.452,0,0,0,0,15,5,12,1,none,51.2,medium
A00602,cloud_vm,dmz,high,public,0,1,9.0,0.485,1,1,277,1,418,3,5,2,full,86.2,critical
A00603,cloud_vm,cloud,high,confidential,1,0,6.5,0.278,1,0,173,1,330,9,21,6,full,79.2,critical
A00604,web_app,ot,high,public,0,0,3.6,0.127,0,0,0,0,1,4,5,0,none,6.5,low
A00605,firewall,user_lan,medium,internal,0,1,8.7,0.192,0,0,0,0,43,5,9,1,none,46.3,medium
A00606,cloud_vm,user_lan,low,internal,0,0,8.8,0.424,0,0,0,0,8,1,9,1,partial,15.2,low
A00607,cloud_vm,dmz,medium,internal,1,0,5.9,0.41,0,0,0,0,9,6,27,1,partial,55.5,high
A00608,server,user_lan,critical,internal,1,0,3.9,0.306,0,0,0,0,200,8,23,5,full,58.1,high
A00609,web_app,user_lan,critical,public,1,0,9.2,0.547,0,0,0,0,5,8,18,4,partial,57.0,high
A00610,workstation,user_lan,high,confidential,0,0,7.9,0.229,0,0,0,0,316,2,5,1,partial,39.7,medium
A00611,database,dmz,low,public,1,0,5.7,0.51,0,0,0,0,324,13,18,2,full,57.1,high
A00612,web_app,user_lan,low,internal,0,0,5.5,0.104,0,0,0,0,162,4,9,1,none,20.9,low
A00613,firewall,server_lan,high,internal,1,0,7.4,0.267,0,0,0,0,12,4,28,2,full,54.5,high
A00614,firewall,user_lan,low,public,1,0,5.2,0.159,0,0,0,0,1,15,29,2,full,32.5,medium
A00615,workstation,user_lan,medium,confidential,1,0,5.6,0.439,0,0,0,0,27,9,21,5,partial,48.2,medium
A00616,web_app,server_lan,medium,confidential,1,0,3.9,0.146,0,0,0,0,680,5,25,2,full,47.3,medium
A00617,cloud_vm,user_lan,medium,restricted,0,1,8.8,0.191,0,0,0,0,40,8,8,0,full,35.7,medium
A00618,workstation,cloud,high,public,0,0,5.4,0.09,0,0,0,0,45,7,1,0,partial,18.6,low
A00619,server,user_lan,critical,public,0,0,8.4,0.287,0,0,0,0,627,9,9,1,full,34.9,medium
A00620,server,dmz,high,internal,1,1,4.5,0.186,0,0,0,0,405,11,24,1,full,62.7,high
A00621,cloud_vm,user_lan,medium,restricted,1,1,4.8,0.157,0,0,0,0,52,8,29,2,full,59.7,high
A00622,database,server_lan,medium,internal,0,0,5.4,0.148,0,0,0,0,52,5,10,0,partial,27.9,medium
A00623,firewall,user_lan,critical,internal,0,1,6.3,0.179,0,0,0,0,12,3,11,0,partial,23.0,low
A00624,database,user_lan,medium,confidential,0,1,7.3,0.275,0,0,0,0,1,7,12,0,full,35.6,medium
A00625,firewall,dmz,medium,public,1,0,4.6,0.412,0,0,0,0,38,4,32,4,full,57.0,high
A00626,workstation,user_lan,high,internal,1,1,8.4,0.504,0,0,0,0,48,6,12,4,full,65.4,high
A00627,cloud_vm,cloud,low,internal,1,0,5.4,0.378,0,0,0,0,254,11,22,2,full,44.4,medium
A00628,server,cloud,low,confidential,0,0,5.4,0.375,0,0,0,0,53,4,6,0,partial,19.4,low
A00629,database,dmz,high,confidential,1,1,4.4,0.466,0,0,0,0,44,4,28,4,full,65.6,high
A00630,cloud_vm,server_lan,medium,internal,0,0,5.5,0.263,0,0,0,0,2,2,4,0,full,22.6,low
A00631,firewall,user_lan,low,confidential,1,1,8.0,0.354,0,0,0,0,34,12,29,4,partial,70.1,high
A00632,cloud_vm,server_lan,low,internal,0,0,5.4,0.427,0,0,0,0,31,7,4,1,partial,7.3,low
A00633,server,user_lan,critical,public,1,1,6.0,0.164,0,0,0,0,328,8,22,1,partial,70.2,high
A00634,workstation,dmz,medium,restricted,0,0,4.2,0.18,0,0,0,0,332,4,3,0,partial,23.3,low
A00635,server,dmz,medium,confidential,1,0,6.7,0.212,0,0,0,0,1,8,24,6,full,62.7,high
A00636,server,user_lan,low,restricted,0,0,4.0,0.239,0,0,0,0,130,4,12,2,full,9.7,low
A00637,web_app,server_lan,critical,confidential,1,0,3.5,0.146,0,0,0,0,23,5,22,4,full,67.8,high
A00638,web_app,user_lan,critical,internal,1,0,7.4,0.332,0,0,0,0,15,11,21,0,partial,69.0,high
A00639,cloud_vm,dmz,medium,internal,1,1,8.3,0.417,0,0,0,0,571,13,16,1,full,54.6,high
A00640,cloud_vm,user_lan,medium,internal,0,0,5.0,0.573,0,0,0,0,473,3,4,1,partial,27.1,medium
A00641,web_app,server_lan,high,public,0,0,4.2,0.394,0,0,0,0,37,4,10,1,full,1.7,low
A00642,cloud_vm,cloud,high,internal,0,0,6.4,0.295,0,0,0,0,3,2,9,3,partial,27.2,medium
A00643,server,cloud,high,internal,1,1,8.3,0.296,0,0,0,0,204,13,19,4,full,84.7,critical
A00644,server,server_lan,critical,public,1,0,7.9,0.467,0,0,0,0,633,12,22,4,partial,64.6,high
A00645,web_app,user_lan,medium,restricted,0,0,7.1,0.33,0,0,0,0,11,6,12,1,partial,21.7,low
A00646,cloud_vm,server_lan,medium,public,1,0,8.5,0.392,0,0,0,0,25,8,26,1,partial,45.2,medium
A00647,server,user_lan,medium,internal,0,0,6.8,0.452,0,0,0,0,6,5,11,0,full,16.8,low
A00648,database,dmz,high,confidential,1,1,7.9,0.551,0,0,0,0,44,6,29,5,full,75.4,critical
A00649,web_app,user_lan,low,confidential,0,0,5.7,0.446,0,0,0,0,44,9,8,2,full,7.6,low
A00650,server,server_lan,low,public,1,1,6.5,0.52,0,0,0,0,16,11,21,1,full,20.4,low
A00651,workstation,cloud,high,confidential,1,0,4.7,0.089,0,0,0,0,463,10,24,4,full,69.1,high
A00652,cloud_vm,user_lan,medium,confidential,1,0,4.8,0.217,0,0,0,0,276,4,27,3,partial,56.6,high
A00653,web_app,user_lan,high,restricted,0,1,6.1,0.163,0,0,0,0,29,4,12,2,full,25.0,medium
A00654,server,server_lan,low,internal,0,1,6.5,0.431,0,0,0,0,22,4,12,2,partial,27.7,medium
A00655,cloud_vm,server_lan,medium,public,1,0,8.0,0.292,0,0,0,0,142,15,24,6,partial,58.1,high
A00656,workstation,server_lan,low,confidential,0,0,6.6,0.398,0,0,0,0,280,4,13,2,full,10.0,low
A00657,cloud_vm,ot,high,internal,0,1,7.6,0.388,1,1,537,1,543,6,14,4,full,63.2,high
A00658,workstation,cloud,high,confidential,1,0,5.4,0.14,0,0,0,0,528,8,17,2,full,36.6,medium
A00659,web_app,dmz,medium,confidential,1,1,7.3,0.529,1,0,259,1,505,9,19,5,full,81.8,critical
A00660,workstation,cloud,medium,confidential,0,0,8.2,0.378,0,0,0,0,19,2,12,1,full,20.9,low
A00661,workstation,server_lan,low,restricted,1,1,7.4,0.334,1,1,274,1,714,6,25,5,partial,78.1,critical
A00662,cloud_vm,dmz,high,confidential,1,0,3.8,0.129,0,0,0,0,434,8,22,0,full,47.4,medium
A00663,server,user_lan,critical,restricted,1,0,4.8,0.124,0,0,0,0,692,11,22,5,full,68.1,high
A00664,server,dmz,high,confidential,1,0,6.0,0.358,0,0,0,0,50,5,13,10,full,42.1,medium
A00665,workstation,server_lan,low,public,0,0,5.9,0.362,0,0,0,0,41,4,8,2,full,18.1,low
A00666,web_app,user_lan,medium,confidential,0,0,7.2,0.376,0,0,0,0,25,5,10,1,full,30.6,medium
A00667,cloud_vm,server_lan,low,confidential,0,0,7.7,0.209,0,0,0,0,597,5,6,3,partial,42.7,medium
A00668,firewall,cloud,low,restricted,0,0,2.0,0.327,0,0,0,0,41,4,6,1,full,1.7,low
A00669,workstation,user_lan,low,internal,1,0,3.1,0.273,0,0,0,0,63,9,18,3,partial,47.6,medium
A00670,workstation,cloud,low,internal,1,0,3.5,0.216,0,0,0,0,570,8,25,4,full,36.4,medium
A00671,server,user_lan,low,confidential,0,1,5.3,0.434,0,0,0,0,25,5,9,1,full,36.1,medium
A00672,database,cloud,high,public,1,0,3.0,0.432,0,0,0,0,221,11,25,0,partial,53.4,high
A00673,firewall,server_lan,low,confidential,0,1,8.3,0.361,1,0,704,1,503,1,11,11,partial,60.3,high
A00674,web_app,user_lan,high,internal,1,0,5.7,0.273,0,0,0,0,7,7,26,2,full,35.3,medium
A00675,web_app,user_lan,critical,public,0,1,6.5,0.251,0,0,0,0,389,3,7,2,partial,58.0,high
A00676,workstation,ot,medium,public,0,0,9.5,0.252,0,0,0,0,109,4,8,0,partial,28.1,medium
A00677,cloud_vm,server_lan,medium,confidential,0,0,3.4,0.221,0,0,0,0,194,7,7,0,partial,10.7,low
A00678,database,user_lan,high,public,0,0,7.7,0.171,0,0,0,0,41,2,12,1,none,27.9,medium
A00679,server,cloud,low,confidential,1,0,2.6,0.111,0,0,0,0,69,10,24,4,full,28.1,medium
A00680,workstation,server_lan,medium,confidential,1,0,4.7,0.177,0,0,0,0,46,7,29,1,full,42.1,medium
A00681,server,cloud,medium,confidential,1,1,5.8,0.277,0,0,0,0,76,7,19,6,full,51.9,high
A00682,server,server_lan,high,internal,0,1,6.1,0.636,0,0,0,0,217,6,6,3,partial,47.9,medium
A00683,server,server_lan,high,public,1,0,5.3,0.174,0,0,0,0,21,6,16,2,partial,40.4,medium
A00684,workstation,user_lan,high,confidential,0,0,6.4,0.214,0,0,0,0,572,3,8,0,partial,47.0,medium
A00685,web_app,user_lan,high,public,1,1,9.3,0.337,1,0,370,1,121,5,22,3,full,53.8,high
A00686,workstation,dmz,medium,internal,1,0,8.1,0.464,0,0,0,0,40,10,23,5,full,51.0,medium
A00687,workstation,dmz,high,restricted,0,0,7.7,0.222,0,0,0,0,59,6,5,2,full,42.7,medium
A00688,firewall,server_lan,high,internal,1,0,5.7,0.343,0,0,0,0,32,8,25,0,full,49.6,medium
A00689,cloud_vm,cloud,medium,internal,1,0,6.2,0.412,0,0,0,0,4,10,24,1,partial,43.8,medium
A00690,database,cloud,critical,restricted,1,0,6.6,0.54,0,0,0,0,57,7,21,2,full,70.2,high
A00691,workstation,user_lan,high,public,0,0,6.1,0.34,0,0,0,0,436,5,3,0,partial,35.4,medium
A00692,cloud_vm,dmz,medium,public,1,1,1.7,0.097,0,0,0,0,42,9,17,3,full,47.5,medium
A00693,server,user_lan,low,internal,1,1,4.3,0.281,0,0,0,0,367,9,22,0,full,38.5,medium
A00694,workstation,cloud,low,confidential,0,0,2.2,0.107,0,0,0,0,305,3,5,0,partial,8.5,low
A00695,cloud_vm,cloud,high,restricted,1,1,7.2,0.363,0,0,0,0,14,9,16,6,full,60.9,high
A00696,database,server_lan,low,confidential,1,1,6.8,0.489,0,0,0,0,696,6,23,4,partial,69.5,high
A00697,cloud_vm,dmz,medium,restricted,1,0,6.2,0.121,0,0,0,0,15,10,23,4,full,52.7,high
A00698,web_app,ot,medium,public,1,0,7.7,0.419,0,0,0,0,27,8,16,3,partial,47.4,medium
A00699,web_app,cloud,high,confidential,0,0,7.0,0.299,0,0,0,0,76,5,7,1,none,47.5,medium
A00700,workstation,dmz,high,public,1,0,4.3,0.286,0,0,0,0,539,8,19,2,full,47.7,medium
A00701,workstation,cloud,high,restricted,0,0,5.2,0.66,0,0,0,0,690,1,7,3,full,36.6,medium
A00702,workstation,dmz,medium,restricted,0,1,4.8,0.248,0,0,0,0,1,6,8,2,partial,25.5,medium
A00703,server,dmz,low,internal,1,0,8.7,0.374,0,0,0,0,34,9,24,4,full,48.2,medium
A00704,cloud_vm,cloud,high,confidential,1,1,4.2,0.535,0,0,0,0,246,11,25,5,partial,97.1,critical
A00705,workstation,user_lan,low,confidential,0,1,5.0,0.273,0,0,0,0,723,6,8,0,full,32.5,medium
A00706,database,server_lan,medium,public,0,0,8.0,0.552,0,0,0,0,360,7,14,2,none,33.8,medium
A00707,cloud_vm,ot,critical,confidential,0,1,8.5,0.576,0,0,0,0,183,3,11,1,full,47.3,medium
A00708,cloud_vm,cloud,medium,restricted,1,1,7.7,0.369,0,0,0,0,5,7,21,1,full,56.3,high
A00709,workstation,dmz,high,internal,0,0,8.7,0.731,0,0,0,0,270,3,5,2,full,40.4,medium
A00710,database,user_lan,high,public,0,0,5.7,0.361,0,0,0,0,8,7,14,1,full,16.9,low
A00711,firewall,cloud,high,restricted,0,0,4.8,0.331,0,0,0,0,22,3,3,1,full,42.6,medium
A00712,web_app,user_lan,medium,internal,1,1,2.8,0.454,0,0,0,0,57,7,23,3,full,44.9,medium
A00713,cloud_vm,ot,medium,internal,1,0,6.7,0.778,0,0,0,0,23,10,20,4,none,56.2,high
A00714,cloud_vm,user_lan,low,confidential,0,0,6.6,0.237,0,0,0,0,313,3,9,1,full,24.8,medium
A00715,cloud_vm,dmz,medium,confidential,1,0,4.5,0.558,0,0,0,0,43,5,28,6,full,59.5,high
A00716,server,server_lan,low,internal,1,1,4.0,0.59,0,0,0,0,267,5,17,5,partial,54.4,high
A00717,database,cloud,medium,public,1,1,6.0,0.285,0,0,0,0,51,13,27,3,full,54.5,high
A00718,server,ot,high,confidential,0,0,8.0,0.269,0,0,0,0,307,10,13,0,full,43.0,medium
A00719,web_app,dmz,low,internal,0,1,5.7,0.125,0,0,0,0,529,5,7,1,partial,23.7,medium
A00720,firewall,dmz,medium,confidential,1,0,4.5,0.129,0,0,0,0,14,10,13,2,none,67.6,high
A00721,database,cloud,low,restricted,1,1,4.3,0.146,0,0,0,0,53,12,23,1,partial,59.9,high
A00722,workstation,dmz,low,public,1,0,6.0,0.176,0,0,0,0,137,12,16,2,full,25.3,medium
A00723,server,dmz,low,restricted,1,0,6.0,0.482,1,0,373,1,41,6,19,4,full,63.6,high
A00724,firewall,cloud,low,confidential,1,0,3.2,0.404,0,0,0,0,47,9,30,4,full,35.8,medium
A00725,server,cloud,critical,restricted,1,0,9.3,0.384,0,0,0,0,436,9,20,3,full,90.8,critical
A00726,server,cloud,critical,internal,1,1,4.8,0.071,0,0,0,0,11,13,22,3,full,65.2,high
A00727,workstation,user_lan,high,internal,0,1,5.7,0.298,0,0,0,0,52,5,8,0,full,32.8,medium
A00728,server,server_lan,medium,confidential,1,0,4.1,0.602,0,0,0,0,30,8,25,2,partial,28.5,medium
A00729,workstation,ot,high,restricted,0,0,6.5,0.189,0,0,0,0,14,3,7,1,none,40.3,medium
A00730,database,server_lan,critical,restricted,1,0,5.3,0.265,0,0,0,0,11,12,27,2,full,75.3,critical
A00731,workstation,server_lan,medium,internal,0,0,6.4,0.351,0,0,0,0,37,4,13,1,full,3.7,low
A00732,server,cloud,low,internal,1,0,7.7,0.427,0,0,0,0,208,10,15,2,full,55.4,high
A00733,server,user_lan,high,public,0,1,7.2,0.466,0,0,0,0,44,3,13,0,full,20.8,low
A00734,workstation,cloud,critical,confidential,0,1,8.7,0.629,1,1,609,0,15,3,4,2,full,61.7,high
A00735,server,server_lan,low,confidential,1,1,3.2,0.227,1,0,117,1,662,13,29,6,full,65.4,high
A00736,web_app,ot,medium,confidential,0,0,3.9,0.819,0,0,0,0,20,1,9,0,none,35.6,medium
A00737,server,user_lan,medium,internal,0,0,7.4,0.179,0,0,0,0,11,3,4,0,full,13.2,low
A00738,workstation,user_lan,medium,restricted,0,0,7.6,0.359,0,0,0,0,51,1,4,1,partial,31.8,medium
A00739,workstation,ot,high,public,0,0,6.0,0.247,0,0,0,0,160,2,4,1,none,14.3,low
A00740,workstation,server_lan,medium,internal,1,1,8.3,0.454,0,0,0,0,29,5,27,6,full,67.6,high
A00741,server,user_lan,critical,internal,1,1,3.9,0.483,0,0,0,0,5,6,22,0,partial,52.5,high
A00742,server,user_lan,high,internal,0,1,9.0,0.181,0,0,0,0,15,5,7,2,full,40.2,medium
A00743,cloud_vm,cloud,low,confidential,1,1,3.5,0.132,0,0,0,0,11,9,20,4,partial,66.8,high
A00744,server,cloud,high,confidential,1,1,6.2,0.347,0,0,0,0,479,13,26,3,partial,84.0,critical
A00745,database,user_lan,high,public,1,1,6.9,0.299,0,0,0,0,1,10,21,2,full,54.6,high
A00746,database,dmz,medium,public,0,0,4.3,0.208,0,0,0,0,165,3,7,2,partial,19.3,low
A00747,workstation,server_lan,medium,internal,1,0,7.0,0.334,0,0,0,0,27,9,15,3,full,16.8,low
A00748,workstation,ot,high,confidential,1,0,5.5,0.258,0,0,0,0,5,14,17,4,partial,70.2,high
A00749,cloud_vm,ot,medium,internal,0,1,7.7,0.216,1,0,183,1,270,5,11,3,none,65.5,high
A00750,cloud_vm,ot,low,internal,0,0,4.8,0.372,0,0,0,0,33,3,9,0,none,14.2,low
A00751,workstation,dmz,medium,public,1,1,7.5,0.216,0,0,0,0,337,4,23,2,full,63.0,high
A00752,workstation,server_lan,low,confidential,0,1,7.6,0.376,0,0,0,0,606,4,6,0,full,27.4,medium
A00753,workstation,cloud,high,internal,1,0,4.2,0.517,1,0,112,0,1,10,24,5,full,61.2,high
A00754,database,cloud,low,internal,1,1,7.6,0.35,0,0,0,0,24,13,23,4,full,76.8,critical
A00755,web_app,dmz,high,internal,1,0,8.9,0.742,1,1,88,1,39,8,29,5,full,93.5,critical
A00756,server,user_lan,medium,internal,1,0,7.2,0.701,0,0,0,0,25,12,15,4,full,56.5,high
A00757,workstation,server_lan,high,internal,0,1,8.3,0.143,0,0,0,0,30,4,6,0,partial,32.5,medium
A00758,firewall,user_lan,medium,public,0,0,7.4,0.612,1,1,414,1,351,6,9,4,full,56.4,high
A00759,server,server_lan,critical,confidential,1,1,5.0,0.16,0,0,0,0,23,7,19,3,full,71.0,high
A00760,database,dmz,critical,internal,1,0,8.6,0.63,0,0,0,0,310,11,30,3,full,78.0,critical
A00761,web_app,dmz,low,internal,1,0,1.6,0.338,0,0,0,0,6,8,24,2,partial,27.9,medium
A00762,server,ot,high,restricted,0,1,6.9,0.37,0,0,0,0,333,10,10,0,none,78.9,critical
A00763,server,cloud,low,internal,1,1,7.1,0.172,1,1,389,1,237,4,18,4,full,78.2,critical
A00764,server,ot,high,internal,0,1,6.7,0.391,1,0,370,0,16,5,4,6,none,67.3,high
A00765,cloud_vm,user_lan,medium,internal,1,0,7.5,0.413,0,0,0,0,560,8,21,4,full,50.7,medium
A00766,server,server_lan,low,internal,0,1,6.7,0.235,0,0,0,0,681,9,5,0,full,20.8,low
A00767,server,server_lan,low,public,0,0,7.5,0.197,0,0,0,0,182,2,10,1,full,17.1,low
A00768,server,user_lan,medium,restricted,1,1,6.6,0.221,0,0,0,0,71,13,24,6,full,65.6,high
A00769,server,server_lan,high,internal,1,0,7.7,0.151,0,0,0,0,187,3,23,3,full,44.3,medium
A00770,web_app,cloud,high,confidential,0,1,7.9,0.423,0,0,0,0,57,8,6,0,partial,46.8,medium
A00771,workstation,cloud,low,restricted,1,0,6.8,0.393,0,0,0,0,611,7,28,1,full,58.7,high
A00772,database,cloud,medium,public,1,0,5.1,0.232,0,0,0,0,29,8,31,5,full,52.8,high
A00773,web_app,server_lan,medium,confidential,0,1,7.5,0.304,0,0,0,0,16,3,12,2,full,35.0,medium
A00774,cloud_vm,user_lan,medium,public,0,1,8.9,0.355,1,1,506,1,282,2,8,3,full,50.5,medium
A00775,server,server_lan,low,internal,0,0,8.0,0.14,1,0,81,1,513,5,11,6,partial,43.2,medium
A00776,cloud_vm,dmz,medium,restricted,0,0,6.9,0.389,0,0,0,0,672,7,8,0,full,39.3,medium
A00777,web_app,user_lan,critical,public,0,0,6.1,0.309,0,0,0,0,296,4,4,0,full,22.8,low
A00778,server,user_lan,medium,restricted,0,1,5.5,0.174,0,0,0,0,38,6,9,0,partial,44.9,medium
A00779,cloud_vm,cloud,high,confidential,1,0,8.1,0.405,0,0,0,0,53,7,20,4,full,65.8,high
A00780,cloud_vm,dmz,medium,internal,1,0,5.7,0.378,0,0,0,0,14,10,19,5,partial,66.4,high
A00781,workstation,ot,medium,public,0,0,9.1,0.199,0,0,0,0,58,5,12,1,none,45.6,medium
A00782,cloud_vm,ot,medium,confidential,1,1,5.9,0.133,0,0,0,0,171,10,19,6,full,85.1,critical
A00783,workstation,user_lan,low,internal,0,1,9.2,0.432,1,0,203,1,684,6,5,3,full,49.6,medium
A00784,web_app,cloud,low,public,1,0,8.3,0.152,0,0,0,0,572,10,21,3,full,48.7,medium
A00785,firewall,server_lan,critical,internal,0,0,4.7,0.245,0,0,0,0,2,4,9,0,full,28.0,medium
A00786,workstation,cloud,high,public,1,0,5.0,0.326,0,0,0,0,22,7,17,5,full,59.4,high
A00787,cloud_vm,cloud,high,restricted,1,0,3.3,0.161,0,0,0,0,293,5,23,4,full,52.0,high
A00788,workstation,cloud,low,internal,1,1,2.8,0.213,0,0,0,0,27,9,21,4,full,36.9,medium
A00789,cloud_vm,cloud,low,internal,0,0,6.4,0.361,1,0,292,1,43,8,6,2,partial,31.6,medium
A00790,web_app,user_lan,low,confidential,1,0,5.0,0.7,0,0,0,0,414,9,16,2,partial,68.9,high
A00791,server,cloud,critical,confidential,1,0,8.4,0.171,0,0,0,0,37,8,24,4,full,79.1,critical
A00792,workstation,user_lan,high,restricted,0,0,5.1,0.153,0,0,0,0,17,4,5,0,full,14.4,low
A00793,workstation,dmz,medium,restricted,0,0,8.7,0.388,0,0,0,0,571,5,3,1,full,39.7,medium
A00794,server,dmz,critical,public,1,1,4.0,0.279,0,0,0,0,18,9,30,5,full,83.3,critical
A00795,server,cloud,low,internal,1,0,7.1,0.541,1,1,267,0,6,12,17,4,partial,78.0,critical
A00796,workstation,user_lan,medium,confidential,1,0,7.4,0.257,0,0,0,0,22,6,21,6,full,48.8,medium
A00797,server,user_lan,low,public,0,1,8.1,0.234,0,0,0,0,41,2,7,2,full,27.5,medium
A00798,server,ot,medium,confidential,1,0,7.2,0.575,1,1,330,1,536,11,16,5,partial,94.1,critical
A00799,web_app,user_lan,critical,public,0,1,4.7,0.431,0,0,0,0,32,4,10,0,full,49.6,medium
A00800,web_app,server_lan,high,restricted,1,1,8.1,0.251,1,0,34,1,23,11,16,4,full,96.2,critical
A00801,web_app,server_lan,low,confidential,1,0,7.4,0.296,0,0,0,0,17,8,23,4,full,27.4,medium
A00802,workstation,user_lan,low,confidential,0,0,8.5,0.517,0,0,0,0,400,5,8,0,full,15.9,low
A00803,cloud_vm,cloud,medium,internal,0,0,4.2,0.135,0,0,0,0,5,3,5,1,full,6.8,low
A00804,web_app,user_lan,low,restricted,0,0,4.7,0.395,0,0,0,0,372,8,8,3,full,23.1,low
A00805,server,user_lan,medium,confidential,1,0,7.9,0.481,0,0,0,0,398,11,25,5,full,53.2,high
A00806,server,cloud,medium,confidential,0,1,6.6,0.233,0,0,0,0,35,5,9,1,partial,28.5,medium
A00807,web_app,user_lan,low,confidential,0,0,6.9,0.616,0,0,0,0,9,5,9,0,full,12.7,low
A00808,server,cloud,low,public,0,0,5.4,0.208,0,0,0,0,423,5,7,2,full,11.1,low
A00809,database,dmz,low,public,1,1,8.4,0.473,0,0,0,0,12,14,21,6,full,72.5,critical
A00810,firewall,cloud,critical,public,1,0,8.6,0.532,1,0,192,1,259,6,27,6,full,89.1,critical
A00811,server,user_lan,medium,confidential,0,1,5.8,0.066,0,0,0,0,448,3,8,1,partial,39.6,medium
A00812,server,dmz,medium,confidential,0,1,2.1,0.148,0,0,0,0,4,6,13,2,full,29.6,medium
A00813,firewall,user_lan,medium,internal,1,0,6.7,0.545,0,0,0,0,57,9,29,7,full,48.8,medium
A00814,web_app,user_lan,high,restricted,1,0,3.3,0.358,0,0,0,0,24,11,19,6,full,65.9,high
A00815,server,user_lan,low,public,0,1,7.7,0.191,0,0,0,0,707,3,7,0,full,8.0,low
A00816,cloud_vm,cloud,low,confidential,0,1,5.0,0.346,0,0,0,0,26,2,6,0,partial,22.6,low
A00817,cloud_vm,server_lan,high,internal,0,0,2.8,0.291,0,0,0,0,29,5,7,3,full,12.0,low
A00818,database,server_lan,high,internal,0,0,2.5,0.132,0,0,0,0,54,6,5,1,full,39.9,medium
A00819,web_app,server_lan,low,public,0,1,6.2,0.364,0,0,0,0,338,5,6,2,none,41.0,medium
A00820,workstation,server_lan,medium,confidential,0,0,4.8,0.419,0,0,0,0,51,7,6,1,full,34.7,medium
A00821,server,user_lan,critical,confidential,0,0,6.5,0.485,0,0,0,0,51,7,9,1,partial,46.7,medium
A00822,web_app,cloud,low,internal,1,0,6.4,0.346,0,0,0,0,13,17,27,5,full,57.1,high
A00823,workstation,cloud,low,internal,0,0,4.7,0.459,0,0,0,0,5,1,8,3,partial,15.2,low
A00824,web_app,server_lan,medium,confidential,0,0,8.5,0.583,1,0,114,0,6,6,4,2,none,47.4,medium
A00825,cloud_vm,server_lan,low,internal,1,1,7.6,0.332,0,0,0,0,356,6,22,3,full,42.9,medium
A00826,server,server_lan,high,confidential,1,1,7.2,0.113,0,0,0,0,185,5,21,1,full,43.6,medium
A00827,web_app,user_lan,high,internal,0,1,5.0,0.384,1,1,249,1,177,2,10,2,full,55.0,high
A00828,server,server_lan,medium,restricted,0,0,8.0,0.306,0,0,0,0,54,6,8,1,full,50.3,medium
A00829,cloud_vm,user_lan,medium,confidential,1,0,7.0,0.5,0,0,0,0,46,11,18,4,full,39.9,medium
A00830,workstation,cloud,medium,public,0,0,3.9,0.422,0,0,0,0,90,2,11,2,full,7.8,low
A00831,web_app,user_lan,high,confidential,1,0,5.1,0.374,0,0,0,0,328,8,24,5,partial,80.1,critical
A00832,database,server_lan,low,internal,1,0,2.2,0.235,0,0,0,0,714,9,17,2,partial,42.9,medium
A00833,workstation,server_lan,medium,restricted,1,0,3.9,0.381,0,0,0,0,167,11,22,5,full,70.0,high
A00834,web_app,user_lan,high,confidential,0,1,4.0,0.134,0,0,0,0,41,5,13,2,partial,45.3,medium
A00835,web_app,user_lan,medium,public,1,0,7.0,0.644,0,0,0,0,7,7,18,3,full,16.4,low
A00836,database,dmz,low,confidential,1,0,5.0,0.499,0,0,0,0,95,6,26,5,partial,62.2,high
A00837,cloud_vm,cloud,medium,public,0,0,7.0,0.299,0,0,0,0,7,3,7,0,partial,23.0,low
A00838,firewall,user_lan,high,restricted,0,0,4.5,0.249,0,0,0,0,54,8,10,1,full,29.6,medium
A00839,workstation,user_lan,low,restricted,0,0,8.3,0.227,0,0,0,0,37,3,6,0,partial,24.9,medium
A00840,database,server_lan,high,confidential,0,1,5.1,0.117,0,0,0,0,14,6,6,3,full,30.4,medium
A00841,server,server_lan,high,internal,1,0,3.2,0.1,0,0,0,0,10,9,17,2,partial,55.9,high
A00842,cloud_vm,server_lan,medium,confidential,1,0,7.7,0.416,0,0,0,0,32,11,17,4,partial,57.4,high
A00843,database,server_lan,low,internal,1,0,4.1,0.185,0,0,0,0,53,7,19,3,none,24.7,medium
A00844,workstation,user_lan,high,public,0,0,6.2,0.186,0,0,0,0,179,3,13,1,partial,13.1,low
A00845,server,user_lan,low,restricted,1,0,6.2,0.178,0,0,0,0,7,14,18,5,full,45.4,medium
A00846,cloud_vm,cloud,critical,internal,1,1,5.4,0.485,1,0,121,0,0,7,22,6,full,77.2,critical
A00847,workstation,ot,high,internal,0,0,4.7,0.178,0,0,0,0,42,3,13,0,full,2.8,low
A00848,web_app,server_lan,low,public,0,0,6.1,0.147,0,0,0,0,484,6,9,0,full,10.2,low
A00849,server,dmz,high,restricted,1,0,6.8,0.55,0,0,0,0,16,6,28,3,partial,81.0,critical
A00850,firewall,cloud,medium,restricted,1,0,2.2,0.434,0,0,0,0,661,7,22,2,partial,76.0,critical
A00851,server,ot,medium,internal,1,1,5.8,0.573,0,0,0,0,47,11,24,3,partial,48.4,medium
A00852,server,cloud,medium,internal,0,1,8.6,0.218,0,0,0,0,22,4,8,0,partial,25.4,medium
A00853,cloud_vm,dmz,medium,confidential,1,0,8.7,0.247,0,0,0,0,49,8,26,5,full,73.8,critical
A00854,cloud_vm,server_lan,high,internal,0,0,4.0,0.113,0,0,0,0,17,9,4,2,partial,24.7,medium
A00855,server,dmz,critical,restricted,1,0,8.4,0.365,0,0,0,0,44,10,21,3,full,62.9,high
A00856,database,cloud,low,restricted,1,1,4.9,0.428,1,0,94,0,20,11,24,8,partial,95.1,critical
A00857,web_app,user_lan,medium,confidential,1,0,6.8,0.297,0,0,0,0,3,9,15,3,partial,58.0,high
A00858,cloud_vm,user_lan,high,public,1,1,4.1,0.233,0,0,0,0,28,8,30,6,partial,40.3,medium
A00859,workstation,user_lan,high,confidential,1,0,5.5,0.233,1,0,92,1,36,10,14,1,full,56.0,high
A00860,database,server_lan,medium,restricted,1,0,8.4,0.279,1,1,412,1,38,13,21,3,full,71.4,high
A00861,cloud_vm,user_lan,medium,internal,1,1,6.4,0.481,0,0,0,0,639,14,27,3,full,65.4,high
A00862,web_app,dmz,high,restricted,1,0,5.6,0.084,0,0,0,0,615,6,23,3,partial,75.8,critical
A00863,cloud_vm,user_lan,medium,internal,1,0,3.6,0.139,0,0,0,0,657,13,18,5,partial,67.2,high
A00864,database,cloud,low,restricted,1,1,5.6,0.602,0,0,0,0,55,10,20,3,partial,82.9,critical
A00865,server,user_lan,medium,confidential,1,1,8.8,0.537,0,0,0,0,663,8,20,7,full,89.9,critical
A00866,cloud_vm,server_lan,low,public,1,0,7.8,0.422,0,0,0,0,697,8,22,3,full,50.4,medium
A00867,cloud_vm,cloud,low,internal,1,0,7.2,0.336,0,0,0,0,9,5,20,3,full,48.0,medium
A00868,cloud_vm,user_lan,low,public,1,0,4.0,0.277,0,0,0,0,266,7,21,1,full,16.4,low
A00869,server,dmz,high,internal,1,1,7.8,0.297,0,0,0,0,600,6,26,6,full,89.2,critical
A00870,server,server_lan,critical,restricted,0,0,3.3,0.089,0,0,0,0,57,6,8,0,partial,41.2,medium
A00871,cloud_vm,user_lan,medium,internal,1,0,3.0,0.319,0,0,0,0,43,18,29,3,partial,69.5,high
A00872,server,server_lan,low,restricted,1,1,4.6,0.561,0,0,0,0,5,11,24,3,partial,77.9,critical
A00873,firewall,dmz,high,public,1,1,6.2,0.326,0,0,0,0,12,10,19,0,full,44.9,medium
A00874,workstation,server_lan,low,confidential,1,0,6.3,0.509,0,0,0,0,32,8,21,3,full,48.0,medium
A00875,web_app,server_lan,critical,restricted,0,0,4.3,0.421,0,0,0,0,682,5,4,1,partial,54.1,high
A00876,cloud_vm,user_lan,medium,confidential,1,1,5.7,0.429,0,0,0,0,633,5,22,3,full,64.6,high
A00877,workstation,user_lan,low,restricted,0,0,7.2,0.18,0,0,0,0,50,1,11,0,full,30.1,medium
A00878,workstation,server_lan,medium,restricted,0,1,6.7,0.4,0,0,0,0,468,6,6,2,partial,59.4,high
A00879,web_app,user_lan,medium,confidential,0,0,9.5,0.46,0,0,0,0,32,4,7,2,full,25.1,medium
A00880,web_app,server_lan,high,confidential,1,0,4.9,0.17,0,0,0,0,10,7,30,3,full,47.7,medium
A00881,workstation,server_lan,low,public,0,0,7.7,0.394,0,0,0,0,35,3,4,1,full,7.6,low
A00882,web_app,server_lan,high,internal,1,0,5.9,0.519,0,0,0,0,12,7,20,4,full,52.3,high
A00883,firewall,cloud,high,internal,0,1,7.8,0.44,0,0,0,0,78,1,10,0,partial,34.9,medium
A00884,database,ot,high,confidential,1,0,4.6,0.214,1,0,161,1,30,10,27,2,none,91.3,critical
A00885,server,user_lan,critical,confidential,0,0,7.1,0.184,0,0,0,0,454,6,5,1,full,32.0,medium
A00886,workstation,dmz,low,confidential,1,1,7.4,0.423,0,0,0,0,20,6,22,1,full,38.2,medium
A00887,workstation,server_lan,medium,restricted,0,0,6.6,0.125,0,0,0,0,326,3,6,2,full,28.0,medium
A00888,server,server_lan,high,public,1,0,5.7,0.524,0,0,0,0,2,12,18,4,full,37.2,medium
A00889,server,cloud,medium,restricted,1,1,6.7,0.637,1,0,366,1,23,15,21,0,full,78.3,critical
A00890,web_app,dmz,low,public,1,0,7.9,0.247,0,0,0,0,25,7,26,3,full,29.5,medium
A00891,workstation,ot,low,internal,0,0,7.2,0.209,0,0,0,0,20,1,7,1,none,13.0,low
A00892,firewall,user_lan,low,confidential,1,1,3.5,0.565,0,0,0,0,62,9,18,4,partial,51.3,medium
A00893,workstation,user_lan,high,internal,1,0,6.0,0.373,0,0,0,0,487,10,23,2,partial,62.2,high
A00894,server,cloud,medium,confidential,0,0,5.8,0.158,0,0,0,0,93,7,6,2,full,33.9,medium
A00895,cloud_vm,dmz,high,confidential,1,0,6.4,0.279,0,0,0,0,56,5,25,4,full,47.7,medium
A00896,cloud_vm,cloud,critical,confidential,1,0,8.4,0.273,0,0,0,0,55,14,19,7,partial,88.5,critical
A00897,workstation,dmz,low,public,1,0,6.4,0.585,0,0,0,0,66,6,20,3,full,43.3,medium
A00898,server,cloud,high,public,1,0,3.8,0.448,0,0,0,0,7,10,25,0,full,29.8,medium
A00899,server,user_lan,low,public,0,1,5.0,0.16,0,0,0,0,50,3,14,1,partial,26.3,medium
A00900,database,dmz,low,internal,1,1,7.0,0.363,0,0,0,0,45,9,17,2,full,57.1,high
A00901,database,cloud,low,public,1,1,9.6,0.513,1,0,135,1,357,7,31,5,partial,97.3,critical
A00902,workstation,dmz,medium,internal,1,1,4.7,0.309,0,0,0,0,327,8,18,4,partial,74.2,critical
A00903,server,dmz,medium,restricted,1,0,6.2,0.159,0,0,0,0,57,2,27,1,partial,56.3,high
A00904,database,cloud,medium,restricted,1,1,6.7,0.383,0,0,0,0,158,5,29,0,full,69.5,high
A00905,firewall,user_lan,low,confidential,1,0,5.7,0.165,0,0,0,0,288,20,27,4,full,52.1,high
A00906,web_app,cloud,low,public,1,0,5.3,0.239,0,0,0,0,24,10,22,2,partial,36.4,medium
A00907,database,user_lan,high,confidential,0,1,5.4,0.263,0,0,0,0,324,4,12,1,full,34.0,medium
A00908,server,user_lan,low,public,0,1,3.2,0.222,0,0,0,0,21,2,10,1,partial,2.3,low
A00909,workstation,server_lan,high,internal,1,1,6.5,0.228,0,0,0,0,25,11,25,1,full,41.0,medium
A00910,workstation,dmz,critical,internal,1,0,3.9,0.021,0,0,0,0,20,6,24,2,full,51.7,high
A00911,cloud_vm,ot,high,restricted,1,0,6.9,0.346,0,0,0,0,149,10,22,4,none,100.0,critical
A00912,cloud_vm,dmz,medium,confidential,1,0,7.9,0.428,0,0,0,0,51,8,25,4,full,58.1,high
A00913,cloud_vm,user_lan,high,internal,1,0,2.8,0.423,0,0,0,0,425,4,25,3,full,56.2,high
A00914,firewall,server_lan,high,confidential,0,0,5.4,0.174,0,0,0,0,4,1,10,0,partial,14.3,low
A00915,firewall,server_lan,critical,restricted,1,1,2.8,0.813,1,1,181,1,373,16,17,10,none,100.0,critical
A00916,firewall,user_lan,critical,public,1,1,5.5,0.252,0,0,0,0,15,9,17,0,partial,76.2,critical
A00917,server,cloud,medium,confidential,0,0,6.3,0.431,0,0,0,0,401,7,11,4,partial,35.7,medium
A00918,server,cloud,medium,public,1,1,6.6,0.319,1,1,296,1,62,8,20,3,full,66.0,high
A00919,workstation,cloud,high,public,1,0,8.3,0.604,0,0,0,0,8,10,19,2,full,44.0,medium
A00920,database,server_lan,low,restricted,1,1,7.2,0.453,0,0,0,0,578,12,26,4,full,76.1,critical
A00921,server,user_lan,medium,public,0,0,9.1,0.304,0,0,0,0,639,8,10,2,full,37.7,medium
A00922,cloud_vm,dmz,high,confidential,1,0,7.8,0.413,0,0,0,0,658,13,26,3,partial,89.8,critical
A00923,web_app,cloud,high,public,1,0,3.2,0.344,0,0,0,0,38,7,30,3,full,31.8,medium
A00924,database,server_lan,medium,confidential,1,0,7.6,0.416,0,0,0,0,163,6,30,4,partial,64.0,high
A00925,server,user_lan,low,confidential,0,1,7.3,0.332,0,0,0,0,21,3,14,1,full,28.1,medium
A00926,workstation,server_lan,low,restricted,0,1,4.9,0.214,0,0,0,0,40,3,9,1,partial,43.7,medium
A00927,server,cloud,medium,confidential,1,0,8.7,0.147,0,0,0,0,15,7,25,5,full,39.8,medium
A00928,cloud_vm,cloud,critical,confidential,1,1,3.7,0.454,0,0,0,0,42,7,27,1,partial,72.8,critical
A00929,web_app,cloud,critical,internal,1,1,4.3,0.56,0,0,0,0,10,7,19,2,full,48.7,medium
A00930,web_app,dmz,medium,public,1,0,5.5,0.317,0,0,0,0,665,19,11,0,partial,54.7,high
A00931,workstation,ot,low,confidential,0,1,5.2,0.156,0,0,0,0,402,5,8,0,partial,26.3,medium
A00932,workstation,server_lan,high,internal,0,1,6.1,0.443,0,0,0,0,637,8,4,0,full,33.5,medium
A00933,workstation,server_lan,high,public,0,0,5.4,0.329,0,0,0,0,416,6,9,2,full,6.9,low
A00934,cloud_vm,server_lan,medium,restricted,0,0,4.4,0.218,0,0,0,0,37,4,6,3,full,25.1,medium
A00935,cloud_vm,server_lan,medium,internal,1,0,7.5,0.206,0,0,0,0,1,6,18,5,full,46.2,medium
A00936,server,user_lan,low,public,0,1,3.5,0.217,0,0,0,0,26,3,10,2,partial,17.3,low
A00937,firewall,server_lan,high,restricted,1,1,3.8,0.133,0,0,0,0,185,14,19,4,partial,81.6,critical
A00938,server,server_lan,medium,confidential,0,0,3.7,0.073,0,0,0,0,243,5,6,0,full,19.6,low
A00939,cloud_vm,user_lan,medium,confidential,0,0,8.7,0.175,0,0,0,0,288,4,5,1,partial,8.6,low
A00940,server,cloud,critical,public,1,1,8.5,0.521,0,0,0,0,617,13,14,7,full,79.8,critical
A00941,workstation,user_lan,high,internal,0,0,6.0,0.107,0,0,0,0,559,5,10,0,partial,24.8,medium
A00942,cloud_vm,user_lan,critical,confidential,0,0,5.8,0.385,0,0,0,0,111,4,10,2,full,31.7,medium
A00943,server,server_lan,medium,internal,0,1,2.9,0.086,0,0,0,0,9,7,6,0,full,14.3,low
A00944,workstation,cloud,medium,confidential,0,1,3.3,0.445,0,0,0,0,666,3,2,1,full,19.4,low
A00945,workstation,dmz,critical,internal,0,0,3.4,0.188,0,0,0,0,22,4,13,1,full,27.0,medium
A00946,workstation,server_lan,critical,public,0,0,8.1,0.352,0,0,0,0,331,2,5,1,full,18.3,low
A00947,web_app,dmz,critical,public,1,1,7.4,0.437,1,0,18,0,13,15,29,5,none,100.0,critical
A00948,cloud_vm,user_lan,high,internal,0,0,7.4,0.17,1,0,80,1,55,1,12,2,partial,23.5,medium
A00949,cloud_vm,server_lan,medium,internal,1,1,4.0,0.218,0,0,0,0,7,9,17,2,full,27.2,medium
A00950,workstation,user_lan,low,confidential,1,1,6.9,0.281,0,0,0,0,381,6,19,9,partial,81.5,critical
A00951,database,server_lan,medium,confidential,0,1,5.0,0.189,0,0,0,0,9,11,9,0,none,39.3,medium
A00952,workstation,user_lan,critical,public,0,0,3.4,0.17,1,0,263,1,636,3,4,4,full,46.5,medium
A00953,workstation,user_lan,medium,confidential,0,0,7.5,0.499,0,0,0,0,681,4,7,1,partial,16.7,low
A00954,server,dmz,high,internal,1,1,3.7,0.104,0,0,0,0,26,3,22,3,partial,54.7,high
A00955,firewall,user_lan,critical,internal,1,1,6.8,0.274,0,0,0,0,557,10,17,5,none,93.4,critical
A00956,cloud_vm,user_lan,critical,restricted,0,0,6.3,0.327,0,0,0,0,18,3,10,1,full,22.6,low
A00957,cloud_vm,user_lan,critical,confidential,1,0,6.4,0.208,0,0,0,0,361,12,16,0,full,88.2,critical
A00958,database,dmz,medium,confidential,1,0,3.7,0.582,0,0,0,0,0,11,27,2,full,48.2,medium
A00959,database,user_lan,medium,internal,1,1,8.4,0.333,0,0,0,0,54,10,22,2,full,77.2,critical
A00960,database,server_lan,critical,public,0,1,4.5,0.363,0,0,0,0,465,5,14,1,none,83.5,critical
A00961,database,dmz,low,confidential,1,1,5.5,0.268,0,0,0,0,150,6,15,5,partial,69.8,high
A00962,workstation,server_lan,low,confidential,1,0,7.4,0.172,0,0,0,0,46,6,16,4,full,55.2,high
A00963,server,user_lan,critical,confidential,0,0,6.0,0.653,0,0,0,0,497,9,6,1,full,37.6,medium
A00964,server,server_lan,high,restricted,1,1,7.4,0.357,0,0,0,0,26,9,21,1,full,58.8,high
A00965,firewall,user_lan,medium,internal,0,0,4.7,0.283,0,0,0,0,715,6,6,3,full,22.9,low
A00966,database,server_lan,low,confidential,0,0,7.1,0.263,0,0,0,0,55,4,11,1,partial,32.3,medium
A00967,firewall,cloud,medium,internal,1,0,6.8,0.442,0,0,0,0,57,8,26,4,partial,66.5,high
A00968,server,server_lan,critical,internal,1,1,6.4,0.2,0,0,0,0,31,9,15,5,full,58.8,high
A00969,database,user_lan,medium,public,1,1,7.2,0.19,0,0,0,0,17,10,22,3,partial,69.3,high
A00970,server,cloud,medium,confidential,1,0,6.4,0.317,0,0,0,0,245,3,31,4,full,50.4,medium
A00971,workstation,server_lan,medium,internal,0,0,5.4,0.504,0,0,0,0,47,3,7,0,full,21.2,low
A00972,server,dmz,critical,confidential,1,1,6.1,0.525,1,1,155,0,1,3,23,10,full,100.0,critical
A00973,server,user_lan,critical,confidential,1,1,6.4,0.188,0,0,0,0,332,10,38,3,full,71.8,high
A00974,cloud_vm,ot,medium,internal,1,0,7.8,0.247,0,0,0,0,134,12,17,4,none,69.8,high
A00975,workstation,ot,medium,internal,0,1,4.6,0.268,0,0,0,0,579,5,4,0,none,39.5,medium
A00976,web_app,server_lan,low,confidential,0,0,8.5,0.467,0,0,0,0,16,9,9,0,partial,16.6,low
A00977,database,cloud,medium,internal,1,0,4.3,0.41,0,0,0,0,571,6,25,7,full,66.1,high
A00978,workstation,server_lan,low,restricted,0,0,5.0,0.545,0,0,0,0,102,4,11,0,full,17.9,low
A00979,database,server_lan,medium,public,1,0,3.1,0.367,0,0,0,0,364,6,23,2,partial,50.5,medium
A00980,server,user_lan,medium,restricted,0,0,7.4,0.139,0,0,0,0,49,6,12,0,full,13.9,low
A00981,firewall,user_lan,medium,public,0,0,5.1,0.552,0,0,0,0,689,5,6,1,partial,21.7,low
A00982,cloud_vm,user_lan,low,public,0,0,8.2,0.271,0,0,0,0,14,4,5,2,full,0.0,low
A00983,cloud_vm,cloud,low,confidential,0,0,8.7,0.219,0,0,0,0,344,8,5,2,partial,46.6,medium
A00984,database,server_lan,low,public,1,1,6.0,0.241,1,0,408,1,154,11,24,7,none,94.5,critical
A00985,server,user_lan,high,internal,1,1,5.9,0.351,0,0,0,0,161,5,20,2,full,62.1,high
A00986,firewall,server_lan,low,public,0,0,7.0,0.304,0,0,0,0,412,5,7,2,full,5.1,low
A00987,workstation,dmz,low,confidential,1,0,7.9,0.237,0,0,0,0,26,15,20,3,full,47.1,medium
A00988,server,server_lan,critical,confidential,1,0,6.9,0.424,0,0,0,0,354,16,14,3,partial,77.0,critical
A00989,workstation,ot,low,public,1,0,4.5,0.236,0,0,0,0,453,5,21,2,none,43.3,medium
A00990,cloud_vm,user_lan,critical,internal,1,1,8.2,0.514,0,0,0,0,465,10,23,3,full,93.6,critical
A00991,web_app,dmz,medium,public,1,0,6.6,0.321,0,0,0,0,569,7,19,6,full,54.1,high
A00992,cloud_vm,user_lan,high,restricted,0,0,5.9,0.583,0,0,0,0,28,6,4,3,full,18.3,low
A00993,cloud_vm,ot,medium,public,1,0,8.3,0.291,1,0,207,1,183,5,19,5,none,46.6,medium
A00994,server,ot,low,confidential,0,0,8.8,0.395,0,0,0,0,7,7,9,1,partial,37.4,medium
A00995,firewall,user_lan,high,internal,1,0,5.7,0.396,0,0,0,0,35,6,25,5,partial,60.4,high
A00996,workstation,server_lan,high,confidential,0,1,6.4,0.566,0,0,0,0,248,6,9,1,full,48.8,medium
A00997,web_app,user_lan,medium,restricted,0,0,7.3,0.264,0,0,0,0,24,5,7,0,partial,45.9,medium
A00998,server,cloud,high,internal,0,1,7.6,0.533,1,0,355,1,501,6,14,6,full,76.3,critical
A00999,firewall,cloud,medium,confidential,0,0,4.4,0.366,0,0,0,0,42,4,8,1,full,21.4,low
A01000,workstation,cloud,critical,internal,1,1,7.6,0.268,0,0,0,0,131,8,16,5,partial,78.3,critical
A01001,server,user_lan,high,confidential,1,1,7.9,0.218,0,0,0,0,289,13,21,2,partial,87.2,critical
A01002,workstation,dmz,low,internal,1,0,7.3,0.19,0,0,0,0,653,8,22,2,full,41.9,medium
A01003,server,user_lan,high,internal,0,1,8.1,0.413,0,0,0,0,0,6,8,0,full,28.9,medium
A01004,server,server_lan,critical,public,0,0,5.0,0.113,0,0,0,0,9,5,7,1,partial,27.3,medium
A01005,web_app,dmz,high,public,1,0,5.8,0.257,0,0,0,0,47,7,26,5,full,63.5,high
A01006,workstation,user_lan,low,restricted,1,1,5.1,0.296,0,0,0,0,44,7,18,3,partial,55.1,high
A01007,firewall,user_lan,high,confidential,1,0,4.4,0.406,0,0,0,0,319,8,25,1,full,39.9,medium
A01008,workstation,cloud,high,internal,0,1,5.4,0.72,0,0,0,0,12,3,5,0,full,23.5,medium
A01009,web_app,cloud,medium,internal,1,0,5.1,0.32,0,0,0,0,46,8,24,1,full,42.9,medium
A01010,database,cloud,critical,confidential,1,0,8.3,0.317,0,0,0,0,52,8,18,3,full,57.9,high
A01011,web_app,cloud,medium,internal,1,0,4.3,0.143,0,0,0,0,139,7,19,4,full,45.0,medium
A01012,web_app,user_lan,high,internal,0,1,7.9,0.681,0,0,0,0,22,5,2,0,full,26.3,medium
A01013,database,dmz,high,confidential,1,0,6.9,0.242,0,0,0,0,32,6,21,5,none,85.2,critical
A01014,firewall,user_lan,low,internal,1,0,7.3,0.322,0,0,0,0,552,12,23,3,partial,62.5,high
A01015,workstation,dmz,critical,internal,0,0,6.7,0.612,1,0,496,0,4,3,5,4,full,31.5,medium
A01016,server,dmz,medium,public,1,0,1.3,0.365,0,0,0,0,38,3,24,5,full,48.2,medium
A01017,web_app,server_lan,medium,public,1,1,8.7,0.397,0,0,0,0,2,4,19,5,full,67.1,high
A01018,cloud_vm,cloud,medium,confidential,0,1,8.0,0.515,0,0,0,0,336,5,6,0,full,36.5,medium
A01019,server,cloud,low,confidential,1,1,6.5,0.437,0,0,0,0,348,14,22,2,partial,83.2,critical
A01020,workstation,ot,high,restricted,1,1,9.0,0.272,0,0,0,0,27,7,17,2,none,97.0,critical
A01021,cloud_vm,ot,medium,public,0,0,5.6,0.19,0,0,0,0,73,5,3,3,none,28.9,medium
A01022,cloud_vm,cloud,critical,confidential,0,1,5.7,0.394,0,0,0,0,35,7,8,0,partial,41.3,medium
A01023,firewall,dmz,critical,restricted,1,1,8.9,0.326,0,0,0,0,41,6,17,2,partial,95.9,critical
A01024,database,cloud,high,confidential,1,1,6.2,0.353,0,0,0,0,556,17,22,7,full,89.9,critical
A01025,web_app,cloud,low,restricted,1,1,5.8,0.363,0,0,0,0,589,7,18,2,partial,61.5,high
A01026,workstation,cloud,high,restricted,1,0,4.6,0.562,0,0,0,0,442,12,24,3,full,51.3,medium
A01027,firewall,server_lan,low,confidential,0,0,5.5,0.453,0,0,0,0,11,7,13,1,full,17.1,low
A01028,workstation,dmz,high,restricted,1,1,5.9,0.457,0,0,0,0,674,11,14,5,full,71.3,high
A01029,web_app,ot,medium,confidential,0,1,4.3,0.298,0,0,0,0,557,7,4,0,full,39.0,medium
A01030,workstation,server_lan,critical,internal,0,1,6.4,0.148,0,0,0,0,638,4,6,0,full,30.3,medium
A01031,database,server_lan,medium,restricted,0,0,7.8,0.302,0,0,0,0,39,5,10,2,full,28.1,medium
A01032,web_app,user_lan,low,confidential,0,1,8.6,0.22,1,0,21,1,176,6,6,4,full,44.3,medium
A01033,database,dmz,critical,public,1,0,6.2,0.214,0,0,0,0,23,9,21,4,none,61.8,high
A01034,cloud_vm,dmz,medium,internal,1,0,7.4,0.365,0,0,0,0,656,12,18,4,full,60.0,high
A01035,workstation,ot,high,internal,0,0,4.4,0.28,0,0,0,0,44,3,9,1,full,0.9,low
A01036,web_app,cloud,critical,restricted,1,1,5.5,0.251,0,0,0,0,388,8,23,3,full,83.4,critical
A01037,workstation,ot,medium,internal,0,0,6.1,0.34,0,0,0,0,45,6,9,1,full,39.4,medium
A01038,workstation,server_lan,medium,internal,0,0,6.8,0.603,1,1,325,1,31,5,4,2,partial,67.0,high
A01039,workstation,server_lan,medium,internal,1,0,3.3,0.132,0,0,0,0,22,11,33,1,full,33.5,medium
A01040,server,user_lan,high,public,1,0,8.3,0.666,1,0,68,1,143,9,27,5,full,80.8,critical
A01041,server,user_lan,critical,restricted,0,1,4.7,0.22,0,0,0,0,389,3,9,1,partial,56.4,high
A01042,web_app,dmz,medium,internal,1,1,2.3,0.352,0,0,0,0,103,4,20,3,full,58.4,high
A01043,web_app,cloud,high,public,0,0,8.2,0.395,0,0,0,0,565,3,12,1,none,37.0,medium
A01044,web_app,ot,low,internal,1,0,7.8,0.548,0,0,0,0,19,10,24,0,partial,46.7,medium
A01045,server,user_lan,medium,confidential,0,1,8.6,0.402,0,0,0,0,46,3,10,0,partial,38.9,medium
A01046,workstation,server_lan,high,confidential,0,0,7.8,0.231,0,0,0,0,371,2,3,0,full,33.7,medium
A01047,server,server_lan,critical,internal,1,1,6.8,0.369,1,1,254,1,158,6,28,6,partial,100.0,critical
A01048,cloud_vm,dmz,medium,internal,1,0,6.3,0.267,0,0,0,0,497,12,22,6,partial,71.8,high
A01049,cloud_vm,server_lan,medium,restricted,1,0,6.4,0.247,0,0,0,0,526,12,24,2,full,54.9,high
A01050,workstation,user_lan,low,confidential,1,0,5.9,0.239,0,0,0,0,35,4,14,5,full,22.5,low
A01051,web_app,user_lan,low,confidential,0,1,7.6,0.155,0,0,0,0,31,2,7,1,full,24.5,medium
A01052,server,user_lan,medium,internal,1,1,8.3,0.329,0,0,0,0,30,8,23,2,partial,59.7,high
A01053,workstation,cloud,high,restricted,0,0,7.3,0.169,0,0,0,0,4,4,7,0,full,27.3,medium
A01054,server,server_lan,medium,confidential,0,1,8.0,0.379,0,0,0,0,29,10,6,0,partial,18.2,low
A01055,workstation,dmz,medium,internal,1,0,7.8,0.701,1,0,641,1,97,4,17,8,full,68.9,high
A01056,web_app,dmz,high,restricted,1,1,4.6,0.358,0,0,0,0,21,10,27,3,full,65.9,high
A01057,cloud_vm,dmz,low,restricted,0,0,2.1,0.233,0,0,0,0,630,6,5,0,full,28.3,medium
A01058,server,user_lan,low,confidential,1,1,5.2,0.445,0,0,0,0,24,6,15,3,full,40.2,medium
A01059,database,cloud,critical,confidential,1,0,4.9,0.451,0,0,0,0,10,9,29,2,full,57.0,high
A01060,web_app,cloud,low,internal,1,0,4.2,0.232,0,0,0,0,40,5,26,1,partial,26.3,medium
A01061,firewall,user_lan,medium,internal,0,0,6.6,0.457,0,0,0,0,16,4,8,3,full,16.1,low
A01062,web_app,server_lan,medium,public,1,1,8.0,0.409,0,0,0,0,420,11,29,0,partial,63.6,high
A01063,workstation,server_lan,low,confidential,0,0,5.9,0.414,0,0,0,0,28,5,7,2,partial,22.4,low
A01064,web_app,server_lan,low,internal,0,1,6.4,0.201,0,0,0,0,1,5,13,1,full,13.9,low
A01065,workstation,server_lan,low,internal,1,0,8.8,0.516,0,0,0,0,45,7,22,7,partial,40.6,medium
A01066,firewall,cloud,medium,restricted,1,1,5.5,0.344,0,0,0,0,682,8,29,5,full,67.4,high
A01067,workstation,user_lan,critical,public,1,0,8.5,0.295,0,0,0,0,118,9,24,0,partial,59.7,high
A01068,web_app,server_lan,medium,confidential,1,0,6.8,0.282,0,0,0,0,129,8,22,4,full,40.8,medium
A01069,server,server_lan,medium,internal,1,1,5.6,0.258,0,0,0,0,26,9,18,3,full,66.2,high
A01070,workstation,dmz,medium,public,1,0,7.6,0.207,1,0,492,1,27,8,27,5,partial,90.2,critical
A01071,cloud_vm,ot,critical,public,0,0,6.4,0.424,0,0,0,0,2,7,7,2,partial,29.0,medium
A01072,web_app,dmz,low,internal,1,0,1.7,0.116,0,0,0,0,513,6,20,3,full,46.9,medium
A01073,workstation,dmz,high,internal,0,1,4.8,0.394,0,0,0,0,673,3,5,2,full,34.0,medium
A01074,firewall,server_lan,medium,internal,0,0,4.2,0.342,0,0,0,0,5,6,8,1,full,11.2,low
A01075,cloud_vm,cloud,critical,confidential,1,0,5.9,0.207,0,0,0,0,182,7,21,3,partial,88.5,critical
A01076,workstation,user_lan,medium,internal,1,0,4.1,0.35,0,0,0,0,34,9,18,2,full,38.8,medium
A01077,database,user_lan,low,public,1,1,4.6,0.306,0,0,0,0,49,5,30,8,full,45.5,medium
A01078,database,server_lan,medium,internal,1,1,6.5,0.308,0,0,0,0,37,9,26,2,full,58.7,high
A01079,web_app,dmz,low,public,1,0,8.2,0.32,0,0,0,0,23,9,24,2,partial,46.0,medium
A01080,workstation,cloud,high,public,1,1,7.5,0.268,0,0,0,0,633,7,24,4,full,54.4,high
A01081,workstation,server_lan,high,public,1,1,5.2,0.341,1,0,23,1,30,5,24,8,full,66.3,high
A01082,cloud_vm,dmz,high,confidential,1,0,8.5,0.432,0,0,0,0,54,11,25,4,partial,74.0,critical
A01083,firewall,user_lan,low,confidential,1,0,2.4,0.333,0,0,0,0,38,10,23,4,partial,53.0,high
A01084,cloud_vm,dmz,high,restricted,0,1,6.9,0.391,0,0,0,0,209,3,6,0,partial,51.9,high
A01085,firewall,dmz,medium,confidential,1,0,9.2,0.27,0,0,0,0,2,10,22,2,full,63.7,high
A01086,cloud_vm,cloud,critical,internal,1,1,4.9,0.376,0,0,0,0,263,4,16,2,partial,64.2,high
A01087,cloud_vm,user_lan,high,internal,0,1,5.3,0.143,0,0,0,0,53,11,5,1,full,16.6,low
A01088,cloud_vm,server_lan,medium,public,1,1,4.7,0.193,0,0,0,0,20,12,22,1,full,51.0,medium
A01089,database,server_lan,high,confidential,0,1,4.7,0.376,0,0,0,0,38,6,5,0,full,32.1,medium
A01090,workstation,cloud,medium,internal,1,0,7.3,0.317,1,1,266,1,428,10,22,6,full,98.2,critical
A01091,workstation,dmz,medium,internal,0,1,2.2,0.0,0,0,0,0,40,4,10,2,full,18.3,low
A01092,web_app,dmz,low,restricted,0,0,5.2,0.203,0,0,0,0,13,9,11,0,partial,27.6,medium
A01093,workstation,user_lan,high,public,0,0,7.2,0.341,0,0,0,0,46,3,6,3,full,22.3,low
A01094,workstation,user_lan,medium,public,0,0,5.3,0.154,0,0,0,0,58,4,4,0,full,0.0,low
A01095,web_app,ot,low,restricted,1,0,3.5,0.098,0,0,0,0,387,7,28,2,none,73.2,critical
A01096,workstation,server_lan,high,internal,1,0,5.0,0.37,0,0,0,0,366,9,12,3,full,54.6,high
A01097,server,dmz,low,internal,0,0,8.1,0.269,0,0,0,0,9,5,11,3,partial,17.6,low
A01098,cloud_vm,user_lan,high,public,1,1,6.2,0.186,0,0,0,0,51,5,22,3,full,60.1,high
A01099,cloud_vm,user_lan,low,internal,0,0,7.4,0.244,0,0,0,0,685,2,7,1,full,0.0,low
A01100,server,dmz,medium,restricted,1,1,7.6,0.494,0,0,0,0,2,8,8,2,full,56.9,high
A01101,server,user_lan,high,confidential,1,1,5.6,0.51,0,0,0,0,39,7,25,2,full,73.9,critical
A01102,workstation,server_lan,low,internal,1,0,6.4,0.193,0,0,0,0,201,9,22,4,full,35.0,medium
A01103,cloud_vm,cloud,high,internal,1,1,7.5,0.576,0,0,0,0,368,9,16,4,partial,89.5,critical
A01104,cloud_vm,cloud,medium,internal,1,0,5.4,0.129,0,0,0,0,17,11,22,4,full,49.2,medium
A01105,server,user_lan,high,confidential,0,1,9.3,0.234,0,0,0,0,87,4,8,1,full,33.8,medium
A01106,cloud_vm,ot,low,internal,1,0,8.9,0.457,1,1,382,1,27,4,25,4,none,77.7,critical
A01107,server,ot,high,public,0,1,4.2,0.487,0,0,0,0,276,4,5,1,none,33.8,medium
A01108,workstation,dmz,medium,confidential,1,1,4.9,0.202,0,0,0,0,41,8,19,0,full,50.4,medium
A01109,firewall,server_lan,medium,restricted,1,0,3.4,0.167,0,0,0,0,353,14,28,4,full,54.1,high
A01110,server,user_lan,medium,restricted,1,1,5.6,0.174,0,0,0,0,47,6,22,10,full,58.1,high
A01111,server,dmz,medium,restricted,1,1,5.9,0.29,0,0,0,0,32,5,18,4,full,57.6,high
A01112,workstation,server_lan,medium,internal,0,0,6.6,0.521,1,0,397,1,23,3,9,0,partial,50.3,medium
A01113,web_app,server_lan,low,confidential,1,0,4.2,0.209,0,0,0,0,21,7,26,7,full,49.8,medium
A01114,firewall,ot,medium,restricted,1,0,8.7,0.545,0,0,0,0,130,8,21,2,none,74.9,critical
A01115,firewall,server_lan,high,public,0,1,5.9,0.275,0,0,0,0,628,6,11,4,none,47.2,medium
A01116,server,cloud,medium,internal,1,1,6.2,0.732,0,0,0,0,449,9,25,3,partial,84.0,critical
A01117,server,server_lan,low,public,1,0,7.7,0.179,0,0,0,0,18,14,25,5,full,30.4,medium
A01118,cloud_vm,dmz,medium,restricted,1,1,7.1,0.583,0,0,0,0,32,11,27,3,full,73.0,critical
A01119,workstation,cloud,medium,restricted,1,0,5.8,0.292,0,0,0,0,194,8,24,4,full,67.2,high
A01120,cloud_vm,dmz,high,confidential,1,0,5.1,0.279,1,0,111,1,85,10,15,8,partial,100.0,critical
A01121,web_app,dmz,critical,internal,1,0,8.9,0.243,0,0,0,0,45,5,23,3,partial,54.2,high
A01122,server,server_lan,medium,restricted,1,1,5.3,0.28,0,0,0,0,42,14,21,3,partial,77.0,critical
A01123,cloud_vm,user_lan,high,public,0,0,4.7,0.522,0,0,0,0,44,6,5,2,partial,0.0,low
A01124,server,server_lan,low,public,1,1,5.8,0.367,0,0,0,0,29,7,21,5,full,35.1,medium
A01125,workstation,dmz,critical,confidential,0,0,7.3,0.449,0,0,0,0,22,3,12,2,full,33.8,medium
A01126,database,server_lan,medium,confidential,0,1,5.0,0.412,0,0,0,0,57,6,4,0,full,31.5,medium
A01127,database,server_lan,medium,restricted,0,1,7.6,0.723,0,0,0,0,224,2,7,1,partial,57.6,high
A01128,web_app,dmz,low,internal,1,1,5.9,0.321,0,0,0,0,45,9,24,2,partial,56.5,high
A01129,web_app,user_lan,low,internal,1,1,7.5,0.419,0,0,0,0,496,6,27,1,full,58.1,high
A01130,firewall,dmz,high,internal,1,0,4.4,0.555,0,0,0,0,42,4,32,3,partial,71.0,high
A01131,firewall,server_lan,low,public,0,1,7.7,0.252,1,1,463,0,8,7,5,1,partial,30.6,medium
A01132,database,user_lan,low,restricted,1,0,6.6,0.48,1,1,366,1,57,11,19,3,partial,85.7,critical
A01133,server,cloud,low,internal,1,0,6.6,0.777,0,0,0,0,279,9,24,4,full,47.8,medium
A01134,web_app,server_lan,critical,public,0,0,3.6,0.118,0,0,0,0,5,6,12,1,full,23.5,medium
A01135,firewall,server_lan,high,internal,0,0,8.0,0.421,1,1,39,0,5,4,7,0,full,46.9,medium
A01136,workstation,server_lan,critical,confidential,0,1,5.8,0.291,0,0,0,0,654,3,3,0,full,42.5,medium
A01137,database,ot,high,restricted,1,1,7.1,0.349,0,0,0,0,29,9,22,3,partial,92.2,critical
A01138,workstation,server_lan,critical,public,0,1,6.5,0.415,0,0,0,0,550,4,10,1,full,33.8,medium
A01139,server,server_lan,medium,public,1,0,5.2,0.471,0,0,0,0,431,9,25,5,full,65.3,high
A01140,web_app,user_lan,low,restricted,0,0,8.8,0.232,0,0,0,0,9,4,7,1,full,10.1,low
A01141,workstation,server_lan,medium,internal,1,1,8.0,0.268,0,0,0,0,107,11,20,4,partial,73.2,critical
A01142,cloud_vm,server_lan,low,internal,0,1,4.9,0.35,1,0,234,1,612,4,5,1,full,35.9,medium
A01143,cloud_vm,dmz,high,public,0,1,4.9,0.201,0,0,0,0,284,6,5,1,partial,45.1,medium
A01144,cloud_vm,user_lan,low,restricted,1,0,3.6,0.308,0,0,0,0,490,12,17,4,full,44.1,medium
A01145,workstation,user_lan,low,confidential,0,1,5.2,0.261,0,0,0,0,50,2,8,2,partial,34.3,medium
A01146,workstation,user_lan,high,public,1,0,4.5,0.101,0,0,0,0,19,6,21,3,full,48.2,medium
A01147,cloud_vm,cloud,low,public,1,1,8.7,0.475,1,0,621,1,337,6,25,2,partial,86.4,critical
A01148,cloud_vm,server_lan,low,public,1,1,3.8,0.109,0,0,0,0,13,10,19,6,full,46.8,medium
A01149,database,ot,low,internal,1,0,6.7,0.264,1,1,215,1,228,8,18,7,full,65.7,high
A01150,cloud_vm,cloud,high,public,1,0,8.2,0.425,0,0,0,0,584,12,25,5,full,93.5,critical
A01151,server,cloud,low,internal,1,1,6.3,0.459,0,0,0,0,194,2,15,2,full,52.9,high
A01152,cloud_vm,cloud,low,public,0,1,6.9,0.227,0,0,0,0,15,1,9,0,full,11.5,low
A01153,server,server_lan,low,internal,0,1,7.1,0.477,0,0,0,0,553,5,6,0,full,2.6,low
A01154,server,server_lan,high,internal,1,0,5.3,0.345,0,0,0,0,701,7,26,1,full,45.5,medium
A01155,database,user_lan,low,internal,1,1,6.7,0.297,0,0,0,0,49,8,27,4,full,60.3,high
A01156,server,dmz,low,confidential,1,0,6.2,0.253,0,0,0,0,24,9,15,4,full,43.0,medium
A01157,server,user_lan,critical,internal,1,0,4.5,0.33,0,0,0,0,38,13,23,5,partial,63.1,high
A01158,server,dmz,high,restricted,0,0,7.7,0.177,0,0,0,0,636,9,8,2,full,54.5,high
A01159,workstation,dmz,low,restricted,0,1,6.0,0.125,0,0,0,0,357,3,9,0,full,25.1,medium
A01160,cloud_vm,ot,low,restricted,1,1,8.2,0.281,0,0,0,0,59,8,20,3,partial,69.9,high
A01161,server,user_lan,low,public,1,1,2.2,0.156,0,0,0,0,11,7,18,6,full,45.9,medium
A01162,web_app,user_lan,high,internal,1,0,4.7,0.357,0,0,0,0,45,10,31,6,partial,59.1,high
A01163,cloud_vm,server_lan,low,confidential,1,1,3.8,0.154,0,0,0,0,29,15,22,2,partial,48.0,medium
A01164,server,user_lan,critical,public,1,0,6.7,0.202,0,0,0,0,25,7,17,2,full,49.2,medium
A01165,server,cloud,high,public,1,0,7.4,0.413,0,0,0,0,34,11,30,5,full,65.4,high
A01166,cloud_vm,user_lan,medium,public,1,0,8.2,0.202,0,0,0,0,32,10,18,4,full,31.3,medium
A01167,cloud_vm,user_lan,low,confidential,1,0,5.4,0.343,1,0,363,0,2,9,19,7,partial,60.4,high
A01168,database,user_lan,critical,confidential,0,1,6.0,0.158,0,0,0,0,21,9,14,0,partial,64.6,high
A01169,cloud_vm,server_lan,high,internal,0,0,5.8,0.818,0,0,0,0,529,3,5,2,full,33.3,medium
A01170,server,user_lan,high,restricted,0,0,6.9,0.158,0,0,0,0,61,8,7,0,partial,42.0,medium
A01171,workstation,ot,low,confidential,1,0,3.3,0.236,0,0,0,0,54,6,18,5,none,55.4,high
A01172,web_app,user_lan,high,public,0,0,6.3,0.614,0,0,0,0,26,5,9,2,partial,38.2,medium
A01173,workstation,server_lan,high,internal,1,0,6.1,0.372,0,0,0,0,576,12,25,4,full,54.3,high
A01174,cloud_vm,user_lan,critical,public,0,0,6.2,0.393,0,0,0,0,34,6,5,2,full,38.2,medium
A01175,database,user_lan,medium,restricted,1,0,8.2,0.257,0,0,0,0,19,10,21,4,full,49.1,medium
A01176,cloud_vm,ot,medium,confidential,0,1,4.5,0.183,0,0,0,0,5,3,6,1,none,49.6,medium
A01177,database,user_lan,medium,confidential,1,0,5.6,0.191,0,0,0,0,45,8,16,4,full,50.5,medium
A01178,workstation,server_lan,high,confidential,0,0,4.1,0.465,0,0,0,0,378,5,3,0,full,27.9,medium
A01179,server,server_lan,critical,internal,1,0,6.6,0.533,0,0,0,0,257,13,22,4,full,62.0,high
A01180,server,user_lan,medium,restricted,0,0,5.7,0.255,0,0,0,0,459,2,9,2,full,25.0,medium
A01181,cloud_vm,dmz,low,restricted,1,0,5.5,0.423,0,0,0,0,30,8,20,2,partial,47.6,medium
A01182,server,user_lan,low,confidential,1,1,8.1,0.661,0,0,0,0,416,10,23,1,full,67.8,high
A01183,server,cloud,medium,internal,0,0,6.9,0.32,0,0,0,0,45,6,10,1,partial,27.7,medium
A01184,server,user_lan,high,public,1,1,8.4,0.335,0,0,0,0,4,9,27,5,full,54.0,high
A01185,server,server_lan,low,public,1,1,7.5,0.276,0,0,0,0,8,10,22,6,full,49.3,medium
A01186,cloud_vm,cloud,medium,public,1,1,3.5,0.201,0,0,0,0,580,10,23,3,full,63.1,high
A01187,workstation,user_lan,critical,confidential,0,0,2.4,0.132,0,0,0,0,497,3,6,2,full,20.1,low
A01188,firewall,server_lan,medium,confidential,0,1,4.5,0.215,0,0,0,0,487,2,11,1,partial,56.2,high
A01189,server,user_lan,low,restricted,1,1,5.8,0.309,0,0,0,0,30,8,23,4,full,55.7,high
A01190,web_app,user_lan,medium,public,0,0,6.1,0.589,0,0,0,0,29,4,11,0,partial,0.0,low
A01191,workstation,cloud,medium,internal,0,0,4.5,0.098,0,0,0,0,21,3,5,0,full,20.0,low
A01192,workstation,dmz,low,public,1,0,4.8,0.347,0,0,0,0,48,11,24,2,full,29.9,medium
A01193,cloud_vm,server_lan,high,restricted,1,0,5.0,0.176,0,0,0,0,50,5,28,3,full,39.1,medium
A01194,firewall,user_lan,medium,confidential,1,1,6.0,0.269,0,0,0,0,31,9,22,9,full,49.3,medium
A01195,cloud_vm,dmz,high,internal,1,0,6.6,0.293,0,0,0,0,32,9,20,1,full,36.5,medium
A01196,server,server_lan,medium,confidential,1,1,7.4,0.238,0,0,0,0,25,4,13,5,full,46.0,medium
A01197,server,cloud,low,confidential,1,0,7.4,0.256,0,0,0,0,329,3,25,3,partial,70.0,high
A01198,web_app,server_lan,low,internal,0,1,5.9,0.194,0,0,0,0,286,5,8,1,full,0.0,low
A01199,workstation,user_lan,low,public,0,0,5.6,0.139,0,0,0,0,28,7,7,2,full,0.0,low
A01200,web_app,ot,low,internal,0,0,7.7,0.179,0,0,0,0,551,3,10,2,partial,57.3,high
A01201,database,user_lan,high,internal,1,0,8.1,0.214,0,0,0,0,58,4,16,7,partial,64.5,high
A01202,database,user_lan,low,internal,1,1,5.2,0.291,0,0,0,0,2,8,20,2,partial,47.8,medium
A01203,cloud_vm,user_lan,high,internal,0,0,4.7,0.406,0,0,0,0,31,7,7,0,partial,24.7,medium
A01204,web_app,server_lan,low,confidential,0,1,5.6,0.168,0,0,0,0,404,9,7,1,partial,52.3,high
A01205,server,server_lan,low,confidential,0,0,5.8,0.195,0,0,0,0,44,5,3,0,partial,0.3,low
A01206,server,user_lan,low,internal,0,1,8.0,0.196,0,0,0,0,44,1,12,2,full,34.7,medium
A01207,web_app,server_lan,medium,restricted,1,0,4.9,0.295,0,0,0,0,54,5,15,4,full,61.5,high
A01208,database,server_lan,high,internal,0,0,8.7,0.209,0,0,0,0,644,8,8,1,full,31.6,medium
A01209,workstation,dmz,high,confidential,1,0,9.4,0.336,0,0,0,0,45,8,20,0,full,50.4,medium
A01210,workstation,cloud,low,public,1,0,7.4,0.443,0,0,0,0,436,15,19,2,partial,72.1,high
A01211,cloud_vm,dmz,medium,confidential,1,0,2.5,0.607,0,0,0,0,37,3,21,5,partial,74.9,critical
A01212,cloud_vm,cloud,high,internal,1,1,6.6,0.297,0,0,0,0,57,6,22,3,full,51.0,medium
A01213,database,server_lan,medium,public,1,0,7.3,0.365,1,1,756,1,49,10,21,2,full,46.9,medium
A01214,workstation,user_lan,low,public,1,0,6.9,0.366,0,0,0,0,453,5,13,4,full,48.2,medium
A01215,workstation,server_lan,low,confidential,0,0,8.6,0.598,0,0,0,0,441,6,13,1,full,6.3,low
A01216,database,server_lan,low,confidential,0,1,8.4,0.391,0,0,0,0,624,3,9,0,partial,47.0,medium
A01217,workstation,user_lan,critical,confidential,1,0,9.4,0.575,0,0,0,0,43,7,24,3,partial,60.7,high
A01218,database,user_lan,medium,internal,0,0,4.6,0.261,0,0,0,0,35,9,12,3,none,31.8,medium
A01219,web_app,server_lan,medium,confidential,0,0,8.4,0.176,0,0,0,0,436,5,6,1,partial,30.2,medium
A01220,server,user_lan,high,confidential,1,0,9.1,0.615,1,1,47,1,67,8,25,6,full,93.9,critical
A01221,server,user_lan,medium,internal,1,0,3.7,0.254,0,0,0,0,30,8,19,4,full,38.7,medium
A01222,server,server_lan,high,internal,1,1,6.4,0.616,1,1,172,0,13,16,22,6,partial,97.2,critical
A01223,cloud_vm,user_lan,low,internal,1,0,8.1,0.203,0,0,0,0,465,5,19,3,full,43.2,medium
A01224,web_app,server_lan,medium,confidential,0,1,6.9,0.277,1,0,201,1,46,8,5,1,full,60.8,high
A01225,server,user_lan,low,internal,0,0,6.4,0.174,0,0,0,0,38,6,12,1,full,4.0,low
A01226,cloud_vm,dmz,low,internal,1,1,6.0,0.294,0,0,0,0,600,8,27,3,full,67.7,high
A01227,database,user_lan,low,restricted,1,0,2.8,0.439,0,0,0,0,11,14,20,6,none,62.8,high
A01228,database,server_lan,high,restricted,1,1,7.5,0.299,0,0,0,0,24,13,23,9,full,77.4,critical
A01229,firewall,user_lan,high,internal,1,1,6.8,0.324,0,0,0,0,442,11,23,3,full,58.7,high
A01230,server,user_lan,high,restricted,1,0,6.2,0.354,0,0,0,0,358,11,18,5,full,69.5,high
A01231,server,ot,low,public,1,1,6.6,0.692,0,0,0,0,50,17,28,1,partial,66.5,high
A01232,web_app,user_lan,critical,restricted,1,1,2.3,0.414,0,0,0,0,58,7,20,5,full,57.1,high
A01233,server,cloud,low,public,1,0,3.5,0.131,0,0,0,0,31,10,17,1,partial,34.2,medium
A01234,web_app,server_lan,high,internal,1,0,6.6,0.217,0,0,0,0,219,11,13,3,full,53.7,high
A01235,server,server_lan,high,restricted,1,1,5.4,0.169,0,0,0,0,174,6,26,4,partial,81.5,critical
A01236,server,dmz,medium,public,1,1,5.4,0.444,0,0,0,0,608,12,18,2,full,47.4,medium
A01237,server,user_lan,medium,confidential,1,1,4.9,0.214,0,0,0,0,614,10,27,5,full,77.9,critical
A01238,workstation,user_lan,high,internal,0,0,3.4,0.154,0,0,0,0,153,3,8,0,partial,14.2,low
A01239,server,cloud,high,public,1,1,6.7,0.441,0,0,0,0,10,11,15,3,full,54.9,high
A01240,server,user_lan,low,restricted,0,0,5.9,0.439,0,0,0,0,23,4,9,1,full,14.8,low
A01241,cloud_vm,user_lan,high,internal,1,0,5.8,0.493,0,0,0,0,22,7,23,5,full,39.3,medium
A01242,workstation,server_lan,low,restricted,0,0,7.3,0.626,1,0,388,1,378,4,5,4,partial,59.5,high
A01243,workstation,dmz,medium,restricted,1,0,6.4,0.432,0,0,0,0,4,10,30,5,full,63.4,high
A01244,server,cloud,high,public,1,0,5.1,0.194,0,0,0,0,0,6,28,4,full,52.7,high
A01245,workstation,server_lan,high,internal,0,0,7.3,0.587,0,0,0,0,210,1,10,0,partial,39.8,medium
A01246,workstation,dmz,medium,internal,1,0,5.6,0.363,0,0,0,0,512,9,14,4,full,48.7,medium
A01247,web_app,ot,low,internal,0,1,8.5,0.719,0,0,0,0,103,6,7,0,partial,45.8,medium
A01248,server,ot,medium,public,1,0,3.5,0.222,0,0,0,0,32,10,17,7,none,55.9,high
A01249,cloud_vm,user_lan,low,internal,1,1,8.8,0.286,0,0,0,0,232,10,22,2,full,65.2,high
A01250,firewall,server_lan,medium,confidential,0,1,4.0,0.352,0,0,0,0,1,9,9,1,partial,46.7,medium
A01251,server,cloud,medium,public,1,1,6.0,0.552,0,0,0,0,490,9,23,4,partial,65.8,high
A01252,server,server_lan,high,confidential,1,1,3.4,0.339,0,0,0,0,601,17,25,3,full,79.1,critical
A01253,server,user_lan,low,internal,0,1,3.4,0.565,0,0,0,0,176,2,9,1,full,17.4,low
A01254,web_app,server_lan,low,public,1,0,5.7,0.213,0,0,0,0,25,6,31,3,partial,30.0,medium
A01255,server,ot,medium,public,1,0,8.8,0.699,0,0,0,0,376,8,27,3,full,61.6,high
A01256,cloud_vm,ot,low,public,1,1,7.4,0.242,0,0,0,0,29,11,27,2,none,47.9,medium
A01257,cloud_vm,user_lan,low,confidential,1,0,4.1,0.636,0,0,0,0,331,5,21,4,full,41.8,medium
A01258,cloud_vm,dmz,medium,public,0,1,9.4,0.463,0,0,0,0,6,7,10,1,partial,47.6,medium
A01259,database,user_lan,medium,confidential,1,0,3.5,0.531,1,1,132,1,28,12,17,4,none,90.7,critical
A01260,firewall,server_lan,low,confidential,1,0,6.4,0.429,0,0,0,0,15,12,19,3,partial,47.5,medium
A01261,server,cloud,medium,public,1,1,8.7,0.366,0,0,0,0,400,5,22,3,partial,67.9,high
A01262,workstation,dmz,high,restricted,1,0,3.0,0.117,0,0,0,0,28,9,12,4,partial,69.5,high
A01263,workstation,dmz,medium,restricted,1,0,6.0,0.221,0,0,0,0,41,6,22,5,partial,59.5,high
A01264,firewall,user_lan,low,public,1,1,6.3,0.529,1,0,435,1,702,10,16,11,full,73.1,critical
A01265,database,user_lan,low,restricted,1,1,4.6,0.594,0,0,0,0,23,7,23,5,full,63.6,high
A01266,cloud_vm,cloud,low,internal,1,0,7.6,0.443,0,0,0,0,165,9,27,6,full,55.9,high
A01267,server,dmz,medium,confidential,1,0,5.7,0.475,0,0,0,0,439,6,18,5,partial,62.1,high
A01268,firewall,cloud,high,public,1,0,8.7,0.266,0,0,0,0,39,8,23,2,partial,69.4,high
A01269,database,dmz,low,confidential,0,0,5.6,0.228,0,0,0,0,15,6,8,3,full,16.3,low
A01270,database,dmz,low,restricted,1,1,7.0,0.37,0,0,0,0,287,7,34,6,full,65.5,high
A01271,firewall,user_lan,medium,restricted,1,0,6.4,0.179,0,0,0,0,59,6,20,3,partial,61.3,high
A01272,workstation,server_lan,medium,restricted,0,0,9.2,0.429,0,0,0,0,452,6,5,1,partial,52.1,high
A01273,workstation,user_lan,critical,public,0,0,8.1,0.419,0,0,0,0,31,3,11,2,full,34.6,medium
A01274,web_app,dmz,low,confidential,1,0,3.8,0.309,0,0,0,0,29,8,17,2,full,39.1,medium
A01275,server,dmz,low,internal,1,0,4.7,0.128,0,0,0,0,416,9,22,2,full,40.5,medium
A01276,workstation,cloud,medium,public,0,0,7.9,0.403,1,1,583,1,55,6,9,5,partial,57.1,high
A01277,server,server_lan,low,public,1,0,8.0,0.436,0,0,0,0,386,9,23,1,partial,42.7,medium
A01278,server,user_lan,low,restricted,1,1,8.6,0.201,0,0,0,0,15,6,18,5,partial,77.8,critical
A01279,cloud_vm,cloud,medium,confidential,1,0,6.3,0.423,0,0,0,0,29,8,21,5,full,55.7,high
A01280,web_app,dmz,medium,public,1,1,7.3,0.26,0,0,0,0,708,11,24,4,partial,76.4,critical
A01281,workstation,cloud,low,restricted,1,0,5.6,0.215,0,0,0,0,1,6,32,2,full,61.4,high
A01282,workstation,server_lan,medium,confidential,0,1,4.8,0.205,0,0,0,0,22,4,7,1,full,31.4,medium
A01283,workstation,server_lan,medium,internal,0,0,6.4,0.419,0,0,0,0,42,5,10,2,full,6.2,low
A01284,web_app,dmz,low,internal,1,0,7.3,0.461,0,0,0,0,81,9,19,7,partial,67.8,high
A01285,firewall,cloud,high,confidential,0,1,5.5,0.466,0,0,0,0,367,3,8,0,full,50.4,medium
A01286,firewall,user_lan,low,confidential,1,1,5.7,0.498,0,0,0,0,115,8,20,8,full,63.4,high
A01287,workstation,user_lan,critical,internal,0,0,7.1,0.193,0,0,0,0,198,2,5,1,full,20.7,low
A01288,workstation,ot,critical,internal,1,0,7.8,0.252,0,0,0,0,18,10,21,2,partial,75.4,critical
A01289,workstation,server_lan,medium,public,1,0,5.4,0.291,0,0,0,0,17,11,21,2,full,39.8,medium
A01290,database,cloud,low,internal,1,1,4.7,0.086,0,0,0,0,659,12,23,3,none,73.3,critical
A01291,database,user_lan,high,internal,0,1,6.6,0.665,0,0,0,0,54,2,8,1,full,25.8,medium
A01292,web_app,ot,medium,internal,1,1,5.2,0.333,0,0,0,0,342,15,25,3,none,93.6,critical
A01293,database,ot,low,internal,1,1,6.0,0.197,0,0,0,0,19,12,18,1,none,75.7,critical
A01294,workstation,ot,medium,confidential,1,1,4.7,0.316,0,0,0,0,10,5,24,3,none,74.6,critical
A01295,workstation,dmz,medium,internal,1,0,4.3,0.791,0,0,0,0,677,7,28,3,partial,73.4,critical
A01296,workstation,cloud,high,internal,0,0,8.3,0.177,0,0,0,0,55,4,4,1,full,21.4,low
A01297,server,cloud,high,public,1,0,8.0,0.115,0,0,0,0,34,7,20,5,partial,74.8,critical
A01298,server,user_lan,high,restricted,1,1,5.8,0.799,0,0,0,0,519,10,23,2,full,81.7,critical
A01299,web_app,server_lan,high,internal,0,1,7.8,0.202,0,0,0,0,301,3,6,0,full,38.8,medium
A01300,workstation,ot,high,internal,1,1,5.7,0.248,0,0,0,0,592,9,20,7,partial,87.3,critical
A01301,server,server_lan,medium,public,1,0,7.1,0.308,0,0,0,0,7,11,18,6,full,51.0,medium
A01302,database,user_lan,critical,confidential,1,1,6.9,0.481,0,0,0,0,340,9,16,5,full,88.3,critical
A01303,cloud_vm,user_lan,critical,internal,0,1,8.1,0.183,1,1,122,1,27,2,6,2,full,36.7,medium
A01304,workstation,server_lan,high,internal,0,0,8.5,0.229,0,0,0,0,17,3,8,1,full,12.8,low
A01305,cloud_vm,cloud,high,restricted,1,1,5.6,0.247,0,0,0,0,22,6,23,5,full,73.3,critical
A01306,firewall,dmz,medium,confidential,1,0,5.6,0.305,0,0,0,0,682,12,27,2,full,57.0,high
A01307,web_app,user_lan,low,internal,0,0,5.4,0.275,0,0,0,0,692,4,6,0,full,17.0,low
A01308,web_app,cloud,high,internal,1,0,6.5,0.203,0,0,0,0,3,7,25,6,partial,67.5,high
A01309,server,server_lan,low,restricted,0,1,4.6,0.476,0,0,0,0,36,4,10,1,partial,31.0,medium
A01310,firewall,user_lan,low,restricted,1,0,7.0,0.274,0,0,0,0,18,4,27,2,none,70.7,high
A01311,workstation,server_lan,medium,confidential,0,0,2.7,0.5,0,0,0,0,12,6,11,0,full,11.2,low
A01312,firewall,cloud,medium,confidential,0,1,4.9,0.538,1,0,10,1,58,5,5,4,full,54.0,high
A01313,database,ot,medium,restricted,0,1,8.1,0.234,0,0,0,0,37,5,14,1,partial,55.2,high
A01314,server,server_lan,low,restricted,1,1,8.4,0.689,0,0,0,0,662,10,22,1,partial,71.8,high
A01315,server,user_lan,low,public,0,1,7.8,0.395,0,0,0,0,30,6,8,0,full,19.1,low
A01316,web_app,user_lan,low,restricted,0,0,7.7,0.36,0,0,0,0,191,4,5,2,full,32.2,medium
A01317,database,user_lan,medium,confidential,1,0,6.7,0.246,0,0,0,0,288,3,26,4,partial,49.9,medium
A01318,server,user_lan,low,confidential,1,1,8.6,0.333,0,0,0,0,15,7,25,4,full,48.4,medium
A01319,cloud_vm,user_lan,high,internal,0,1,6.8,0.269,0,0,0,0,478,5,7,1,full,28.1,medium
A01320,cloud_vm,user_lan,low,internal,0,1,7.1,0.716,1,0,101,1,52,5,7,3,partial,60.1,high
A01321,database,server_lan,medium,confidential,0,0,6.2,0.293,0,0,0,0,580,4,10,0,full,29.4,medium
A01322,database,server_lan,medium,confidential,1,1,6.1,0.415,0,0,0,0,65,8,23,4,full,72.1,high
A01323,server,cloud,medium,public,1,1,6.4,0.208,0,0,0,0,706,9,28,0,full,50.4,medium
A01324,cloud_vm,dmz,high,confidential,1,1,3.8,0.219,0,0,0,0,155,6,25,4,full,79.3,critical
A01325,workstation,user_lan,low,public,0,0,6.9,0.347,0,0,0,0,4,4,12,2,partial,8.0,low
A01326,cloud_vm,server_lan,medium,internal,0,0,5.2,0.083,0,0,0,0,360,3,7,0,partial,6.8,low
A01327,workstation,cloud,high,confidential,1,1,7.8,0.142,0,0,0,0,645,5,27,5,full,58.8,high
A01328,database,user_lan,low,confidential,0,1,6.4,0.339,0,0,0,0,5,11,9,2,full,25.5,medium
A01329,workstation,server_lan,high,public,0,0,7.4,0.404,0,0,0,0,42,4,7,2,partial,23.9,medium
A01330,server,server_lan,critical,public,1,1,9.5,0.279,0,0,0,0,298,11,26,0,partial,77.6,critical
A01331,cloud_vm,user_lan,medium,internal,0,0,7.0,0.353,0,0,0,0,55,7,6,0,full,15.6,low
A01332,database,ot,critical,confidential,1,0,7.8,0.475,0,0,0,0,47,9,28,2,none,88.5,critical
A01333,database,user_lan,medium,restricted,0,1,8.3,0.315,1,1,227,1,44,1,12,6,partial,79.2,critical
A01334,firewall,user_lan,medium,confidential,0,0,5.0,0.232,0,0,0,0,18,5,9,1,full,0.8,low
A01335,firewall,cloud,low,confidential,0,0,6.1,0.149,0,0,0,0,667,8,8,0,full,12.1,low
A01336,cloud_vm,server_lan,low,internal,0,1,8.9,0.387,1,1,334,1,195,8,7,5,full,84.4,critical
A01337,server,user_lan,low,public,0,0,5.5,0.645,0,0,0,0,12,7,13,2,full,18.8,low
A01338,web_app,server_lan,medium,restricted,1,0,6.9,0.337,0,0,0,0,524,6,16,3,none,65.1,high
A01339,cloud_vm,server_lan,medium,internal,0,0,2.3,0.085,0,0,0,0,225,3,13,1,full,9.6,low
A01340,workstation,user_lan,low,public,1,0,6.0,0.442,0,0,0,0,25,11,24,2,full,21.6,low
A01341,server,cloud,medium,internal,0,0,7.4,0.497,0,0,0,0,142,5,11,2,full,33.0,medium
A01342,cloud_vm,ot,low,confidential,1,0,2.8,0.461,0,0,0,0,67,12,12,2,full,34.1,medium
A01343,database,cloud,medium,internal,0,1,5.6,0.238,0,0,0,0,646,8,10,1,full,46.9,medium
A01344,database,user_lan,low,public,1,0,7.7,0.115,0,0,0,0,44,8,24,3,full,25.2,medium
A01345,firewall,server_lan,high,confidential,0,0,6.6,0.291,0,0,0,0,56,4,11,0,partial,28.1,medium
A01346,web_app,user_lan,medium,public,0,0,7.8,0.363,0,0,0,0,605,5,7,1,partial,40.5,medium
A01347,workstation,ot,high,internal,0,0,5.3,0.281,0,0,0,0,4,7,5,2,none,41.9,medium
A01348,workstation,cloud,low,confidential,0,1,6.3,0.358,0,0,0,0,365,2,1,2,full,39.0,medium
A01349,workstation,user_lan,medium,restricted,0,1,3.0,0.264,0,0,0,0,20,6,7,1,full,28.1,medium
A01350,server,user_lan,critical,internal,1,1,5.6,0.424,0,0,0,0,449,10,18,2,full,86.4,critical
A01351,cloud_vm,cloud,low,public,1,1,7.5,0.385,1,0,495,1,93,11,17,11,partial,85.4,critical
A01352,cloud_vm,ot,medium,internal,1,1,8.7,0.219,0,0,0,0,59,10,25,5,none,89.4,critical
A01353,workstation,cloud,low,internal,1,1,4.4,0.559,0,0,0,0,508,11,17,2,partial,55.0,high
A01354,workstation,user_lan,low,restricted,0,0,4.0,0.478,1,1,156,0,10,2,16,3,partial,34.3,medium
A01355,cloud_vm,server_lan,medium,confidential,1,1,8.0,0.497,0,0,0,0,254,11,26,3,partial,93.4,critical
A01356,server,user_lan,low,internal,1,1,7.4,0.316,0,0,0,0,655,11,19,1,full,45.7,medium
A01357,database,server_lan,medium,confidential,0,0,6.1,0.087,0,0,0,0,56,9,10,0,full,19.2,low
A01358,database,ot,critical,internal,1,1,8.8,0.433,0,0,0,0,44,6,21,4,none,100.0,critical
A01359,web_app,user_lan,low,internal,1,0,7.8,0.583,0,0,0,0,11,2,22,4,full,49.0,medium
A01360,server,user_lan,low,restricted,1,0,6.4,0.17,0,0,0,0,39,13,20,4,partial,50.6,medium
A01361,web_app,server_lan,high,public,1,1,8.2,0.379,0,0,0,0,43,10,32,7,full,79.6,critical
A01362,workstation,user_lan,medium,internal,0,0,8.9,0.282,0,0,0,0,49,5,3,1,full,20.6,low
A01363,web_app,user_lan,critical,restricted,0,1,9.0,0.57,0,0,0,0,100,4,7,1,none,72.2,critical
A01364,server,dmz,medium,internal,1,1,5.1,0.33,0,0,0,0,66,6,26,4,full,64.7,high
A01365,database,cloud,medium,internal,1,0,6.5,0.254,0,0,0,0,616,4,26,2,none,73.6,critical
A01366,database,server_lan,critical,public,0,1,7.3,0.392,0,0,0,0,38,8,9,0,partial,45.8,medium
A01367,server,user_lan,low,internal,1,1,5.8,0.326,0,0,0,0,46,8,21,4,partial,53.3,high
A01368,server,server_lan,high,internal,1,0,4.6,0.201,0,0,0,0,162,5,16,1,full,34.3,medium
A01369,server,user_lan,medium,internal,1,1,5.4,0.2,1,1,13,1,49,14,22,4,full,78.8,critical
A01370,workstation,user_lan,high,internal,0,1,5.5,0.525,0,0,0,0,23,4,3,2,partial,49.4,medium
A01371,server,cloud,low,internal,1,0,8.1,0.404,0,0,0,0,5,13,24,2,partial,40.1,medium
A01372,firewall,dmz,medium,confidential,1,1,5.4,0.328,0,0,0,0,32,12,30,5,full,63.1,high
A01373,workstation,ot,low,restricted,0,0,9.2,0.27,0,0,0,0,5,2,6,2,none,31.2,medium
A01374,cloud_vm,user_lan,critical,confidential,1,0,5.1,0.586,0,0,0,0,245,4,24,4,full,46.0,medium
A01375,firewall,server_lan,low,confidential,1,0,3.2,0.21,0,0,0,0,503,9,24,1,none,39.4,medium
A01376,server,server_lan,low,confidential,0,1,7.6,0.203,0,0,0,0,30,2,11,1,full,31.5,medium
A01377,web_app,server_lan,critical,public,0,0,6.2,0.3,0,0,0,0,52,4,10,2,full,14.5,low
A01378,cloud_vm,cloud,medium,internal,1,0,8.7,0.521,1,1,290,1,530,12,29,3,full,78.6,critical
A01379,web_app,server_lan,medium,public,1,0,5.6,0.525,0,0,0,0,21,10,19,4,partial,33.8,medium
A01380,workstation,user_lan,low,internal,0,0,7.4,0.269,0,0,0,0,289,4,1,1,full,10.7,low
A01381,workstation,user_lan,high,restricted,0,0,8.4,0.167,0,0,0,0,381,4,8,0,full,40.1,medium
A01382,server,cloud,low,internal,1,1,7.5,0.365,0,0,0,0,159,11,27,3,full,56.5,high
A01383,database,user_lan,medium,restricted,1,1,4.6,0.172,0,0,0,0,272,12,27,3,full,74.6,critical
A01384,firewall,cloud,medium,public,1,0,5.9,0.266,0,0,0,0,687,13,20,3,partial,66.7,high
A01385,firewall,server_lan,medium,internal,1,0,4.3,0.153,1,1,487,1,43,8,13,7,full,49.0,medium
A01386,server,cloud,low,internal,1,0,1.3,0.378,0,0,0,0,361,4,20,8,full,50.3,medium
A01387,web_app,server_lan,low,public,0,0,3.8,0.502,0,0,0,0,221,7,5,3,partial,9.4,low
A01388,workstation,dmz,high,internal,1,0,3.7,0.348,0,0,0,0,94,5,23,4,full,48.1,medium
A01389,cloud_vm,ot,low,confidential,0,0,6.0,0.33,0,0,0,0,302,6,3,2,none,29.8,medium
A01390,server,server_lan,low,internal,1,0,8.4,0.361,0,0,0,0,13,8,26,2,partial,47.4,medium
A01391,firewall,dmz,medium,restricted,1,0,7.9,0.483,1,0,183,0,6,6,24,6,partial,75.5,critical
A01392,cloud_vm,user_lan,medium,restricted,0,0,8.6,0.488,0,0,0,0,466,4,6,1,partial,42.9,medium
A01393,server,server_lan,high,internal,1,0,6.8,0.166,0,0,0,0,56,8,20,3,full,42.4,medium
A01394,server,dmz,medium,restricted,1,0,5.7,0.303,0,0,0,0,31,7,23,6,partial,68.6,high
A01395,cloud_vm,user_lan,high,public,1,0,6.6,0.312,0,0,0,0,318,11,24,2,full,51.3,medium
A01396,server,cloud,high,internal,1,0,5.1,0.431,0,0,0,0,582,5,19,5,partial,83.3,critical
A01397,database,cloud,high,internal,1,0,7.3,0.307,0,0,0,0,246,11,31,4,full,75.6,critical
A01398,cloud_vm,server_lan,high,confidential,1,0,9.3,0.185,0,0,0,0,27,6,13,1,full,50.0,medium
A01399,database,user_lan,low,internal,0,0,4.4,0.24,0,0,0,0,491,4,9,0,partial,5.4,low
A01400,workstation,cloud,critical,confidential,1,0,6.0,0.385,0,0,0,0,7,6,22,5,partial,60.7,high
A01401,workstation,server_lan,high,restricted,0,0,3.8,0.3,0,0,0,0,15,4,4,2,full,29.9,medium
A01402,server,server_lan,medium,internal,1,0,3.5,0.172,0,0,0,0,345,6,18,5,partial,56.5,high
A01403,firewall,dmz,low,confidential,1,0,6.2,0.471,0,0,0,0,460,13,18,4,none,76.9,critical
A01404,workstation,user_lan,low,internal,0,0,4.9,0.322,0,0,0,0,570,3,11,0,full,27.7,medium
A01405,server,server_lan,medium,internal,1,0,5.9,0.406,0,0,0,0,401,8,21,4,full,38.7,medium
A01406,workstation,cloud,medium,internal,1,0,8.8,0.299,0,0,0,0,528,4,18,3,full,51.2,medium
A01407,firewall,ot,high,internal,1,0,6.7,0.438,0,0,0,0,466,12,25,1,full,51.8,high
A01408,server,server_lan,medium,internal,0,0,8.7,0.73,1,0,197,0,5,3,11,1,full,45.2,medium
A01409,cloud_vm,user_lan,medium,confidential,1,0,9.0,0.323,0,0,0,0,440,3,29,1,partial,53.6,high
A01410,web_app,server_lan,low,internal,1,0,5.4,0.34,0,0,0,0,46,8,12,3,full,24.5,medium
A01411,cloud_vm,dmz,low,public,0,1,6.0,0.148,0,0,0,0,6,2,11,1,full,0.7,low
A01412,firewall,cloud,low,confidential,0,1,7.8,0.142,0,0,0,0,9,2,6,1,partial,28.6,medium
A01413,cloud_vm,user_lan,high,confidential,0,0,7.5,0.625,0,0,0,0,3,5,11,1,partial,44.0,medium
A01414,firewall,ot,medium,restricted,1,0,7.2,0.37,0,0,0,0,93,5,18,6,full,55.6,high
A01415,server,user_lan,critical,internal,0,1,5.6,0.169,0,0,0,0,581,4,7,2,full,33.4,medium
A01416,cloud_vm,server_lan,high,confidential,0,0,5.6,0.233,0,0,0,0,27,4,9,1,full,22.1,low
A01417,database,user_lan,high,internal,0,1,7.2,0.408,1,1,192,1,362,4,11,5,partial,87.7,critical
A01418,database,server_lan,medium,confidential,0,1,5.7,0.208,0,0,0,0,35,2,15,2,partial,36.6,medium
A01419,cloud_vm,cloud,high,internal,1,0,8.5,0.537,0,0,0,0,620,9,19,5,full,66.7,high
A01420,firewall,user_lan,critical,public,0,1,5.1,0.284,0,0,0,0,722,3,7,1,full,31.1,medium
A01421,web_app,server_lan,high,restricted,0,1,5.1,0.469,0,0,0,0,508,6,6,0,full,50.2,medium
A01422,database,user_lan,low,confidential,0,0,7.5,0.403,0,0,0,0,347,5,11,2,full,27.2,medium
A01423,workstation,user_lan,high,confidential,1,0,6.0,0.359,0,0,0,0,8,9,17,4,partial,68.6,high
A01424,workstation,cloud,low,internal,0,0,6.9,0.372,0,0,0,0,50,7,9,2,partial,35.3,medium
A01425,workstation,dmz,low,confidential,1,0,6.6,0.861,0,0,0,0,54,7,18,3,partial,49.0,medium
A01426,workstation,dmz,high,public,1,0,1.7,0.091,0,0,0,0,322,7,13,5,partial,49.9,medium
A01427,server,dmz,high,internal,1,0,4.4,0.356,0,0,0,0,221,6,15,2,full,47.0,medium
A01428,server,server_lan,low,public,0,1,5.6,0.559,0,0,0,0,31,5,8,2,full,27.5,medium
A01429,cloud_vm,user_lan,low,public,0,0,7.6,0.232,0,0,0,0,55,6,12,1,full,15.0,low
A01430,workstation,dmz,critical,public,1,0,7.4,0.725,1,0,905,1,44,11,18,3,full,71.0,high
A01431,firewall,server_lan,low,confidential,0,0,5.7,0.236,0,0,0,0,5,5,11,0,full,18.8,low
A01432,web_app,user_lan,low,internal,0,0,5.2,0.419,0,0,0,0,35,3,12,3,partial,27.0,medium
A01433,server,dmz,high,confidential,1,1,4.2,0.213,0,0,0,0,53,10,21,1,full,55.6,high
A01434,server,ot,high,restricted,1,0,3.3,0.104,0,0,0,0,43,7,27,2,partial,70.4,high
A01435,server,user_lan,medium,public,1,0,7.0,0.341,0,0,0,0,57,16,35,2,full,26.7,medium
A01436,firewall,server_lan,medium,confidential,0,1,6.0,0.173,0,0,0,0,400,9,7,2,partial,29.4,medium
A01437,server,user_lan,medium,internal,1,1,3.7,0.485,1,0,167,1,326,5,28,8,full,70.6,high
A01438,database,server_lan,low,restricted,1,0,5.1,0.506,0,0,0,0,48,14,22,2,none,72.7,critical
A01439,firewall,cloud,high,internal,1,0,7.7,0.238,0,0,0,0,0,8,24,4,full,46.5,medium
A01440,firewall,user_lan,high,internal,1,1,5.6,0.233,0,0,0,0,56,8,27,2,partial,62.3,high
A01441,server,user_lan,medium,internal,1,1,6.7,0.487,0,0,0,0,14,17,23,3,full,57.5,high
A01442,server,ot,low,restricted,1,0,7.6,0.326,0,0,0,0,20,14,16,2,partial,47.7,medium
A01443,server,cloud,low,internal,1,0,7.1,0.433,0,0,0,0,673,17,25,4,partial,71.0,high
A01444,server,cloud,low,confidential,0,1,5.2,0.159,0,0,0,0,36,4,6,2,full,25.0,medium
A01445,server,server_lan,low,public,0,1,7.8,0.456,0,0,0,0,208,5,8,1,partial,27.6,medium
A01446,database,server_lan,low,confidential,0,1,4.1,0.176,0,0,0,0,19,3,7,2,none,59.7,high
A01447,cloud_vm,user_lan,high,internal,1,0,8.9,0.353,0,0,0,0,22,5,14,2,full,33.9,medium
A01448,database,user_lan,low,public,0,0,4.2,0.261,0,0,0,0,35,6,10,0,full,0.0,low
A01449,web_app,user_lan,high,public,0,0,6.5,0.252,0,0,0,0,56,7,9,0,full,29.4,medium
A01450,server,cloud,medium,internal,1,0,7.0,0.339,0,0,0,0,31,10,21,3,full,41.6,medium
A01451,cloud_vm,server_lan,high,confidential,1,0,7.9,0.492,0,0,0,0,38,7,22,6,full,64.2,high
A01452,web_app,server_lan,critical,confidential,1,0,7.6,0.589,0,0,0,0,17,6,24,6,partial,70.7,high
A01453,cloud_vm,user_lan,medium,public,0,1,8.6,0.216,0,0,0,0,32,4,7,0,full,22.0,low
A01454,firewall,server_lan,low,internal,1,1,5.1,0.437,0,0,0,0,655,7,33,6,partial,57.2,high
A01455,workstation,user_lan,high,public,0,0,7.2,0.314,0,0,0,0,3,3,7,0,full,5.2,low
A01456,server,cloud,low,confidential,0,1,4.8,0.674,1,0,205,0,13,5,7,3,full,46.2,medium
A01457,server,user_lan,low,confidential,0,0,5.5,0.454,0,0,0,0,14,6,13,1,full,25.1,medium
A01458,workstation,cloud,low,restricted,0,0,7.6,0.251,0,0,0,0,43,4,8,1,partial,25.3,medium
A01459,firewall,user_lan,critical,restricted,0,1,5.7,0.257,0,0,0,0,43,4,8,0,none,55.7,high
A01460,workstation,user_lan,low,internal,1,0,8.6,0.214,0,0,0,0,52,10,16,2,full,29.1,medium
A01461,cloud_vm,server_lan,medium,internal,1,0,7.9,0.163,0,0,0,0,315,12,21,3,full,53.5,high
A01462,database,cloud,medium,restricted,0,1,8.2,0.588,1,0,555,1,68,5,11,2,partial,62.1,high
A01463,server,user_lan,high,public,1,1,5.0,0.302,0,0,0,0,18,5,23,1,full,53.0,high
A01464,workstation,server_lan,low,public,0,0,6.6,0.301,0,0,0,0,328,4,3,2,full,29.2,medium
A01465,web_app,user_lan,high,internal,1,0,3.9,0.201,0,0,0,0,54,10,26,9,full,63.8,high
A01466,web_app,cloud,high,confidential,1,0,6.8,0.257,0,0,0,0,30,5,15,2,partial,57.7,high
A01467,workstation,server_lan,medium,confidential,0,0,4.2,0.424,0,0,0,0,6,5,5,2,full,24.0,medium
A01468,server,cloud,medium,restricted,0,0,5.4,0.288,0,0,0,0,267,4,3,0,full,35.5,medium
A01469,web_app,ot,high,internal,0,1,4.0,0.116,0,0,0,0,707,4,3,4,full,34.5,medium
A01470,server,cloud,high,internal,1,0,7.3,0.551,0,0,0,0,297,11,22,8,full,62.1,high
A01471,firewall,server_lan,medium,internal,1,1,3.8,0.074,0,0,0,0,23,7,27,6,partial,77.7,critical
A01472,server,user_lan,medium,confidential,0,0,6.9,0.253,0,0,0,0,630,9,6,0,full,32.5,medium
A01473,server,ot,low,public,0,1,2.9,0.475,0,0,0,0,215,7,7,0,partial,35.0,medium
A01474,database,user_lan,low,restricted,1,1,5.8,0.283,0,0,0,0,714,7,24,3,full,74.3,critical
A01475,database,dmz,low,internal,1,1,6.4,0.313,0,0,0,0,360,12,23,3,full,58.8,high
A01476,database,dmz,low,confidential,1,1,8.8,0.321,0,0,0,0,471,9,14,3,partial,81.7,critical
A01477,workstation,cloud,low,confidential,0,0,6.1,0.331,0,0,0,0,72,5,6,2,full,10.2,low
A01478,firewall,user_lan,high,internal,1,0,6.6,0.309,0,0,0,0,48,7,22,4,full,26.6,medium
A01479,database,server_lan,high,confidential,0,0,8.0,0.315,0,0,0,0,271,7,10,2,full,33.4,medium
A01480,database,server_lan,high,internal,1,0,6.0,0.366,0,0,0,0,13,12,28,4,full,79.2,critical
A01481,workstation,cloud,medium,confidential,0,0,4.5,0.226,0,0,0,0,494,5,8,1,full,21.1,low
A01482,server,user_lan,medium,confidential,0,0,3.5,0.202,0,0,0,0,3,9,11,2,partial,33.3,medium
A01483,web_app,cloud,low,confidential,1,0,6.9,0.213,0,0,0,0,307,9,25,3,full,47.7,medium
A01484,server,cloud,high,public,1,1,4.8,0.129,0,0,0,0,424,10,22,3,full,80.8,critical
A01485,web_app,ot,low,restricted,1,1,8.7,0.241,0,0,0,0,52,12,25,4,full,45.9,medium
A01486,server,cloud,medium,restricted,1,1,4.5,0.304,0,0,0,0,37,6,24,3,full,59.0,high
A01487,firewall,server_lan,critical,confidential,0,0,6.6,0.147,0,0,0,0,40,5,8,0,none,61.0,high
A01488,database,user_lan,high,restricted,0,0,4.4,0.689,0,0,0,0,534,4,11,0,partial,45.0,medium
A01489,cloud_vm,dmz,low,internal,1,1,5.1,0.203,0,0,0,0,200,8,19,3,partial,72.9,critical
A01490,database,ot,high,internal,0,1,4.3,0.349,0,0,0,0,213,5,12,2,none,62.5,high
A01491,server,server_lan,low,internal,1,1,3.4,0.279,0,0,0,0,256,5,22,3,partial,49.1,medium
A01492,cloud_vm,user_lan,low,public,0,0,6.6,0.262,0,0,0,0,28,4,11,2,full,0.0,low
A01493,web_app,cloud,low,internal,0,1,7.8,0.454,0,0,0,0,15,8,7,1,partial,22.5,low
A01494,cloud_vm,server_lan,low,confidential,0,0,5.2,0.584,0,0,0,0,4,4,8,1,partial,18.7,low
A01495,workstation,cloud,high,public,1,0,7.3,0.293,0,0,0,0,627,9,23,3,partial,52.2,high
A01496,web_app,dmz,medium,internal,1,0,4.7,0.348,0,0,0,0,619,9,28,2,partial,65.2,high
A01497,cloud_vm,user_lan,low,confidential,0,0,5.6,0.258,0,0,0,0,706,1,4,1,full,12.6,low
A01498,web_app,user_lan,critical,confidential,1,0,7.9,0.219,0,0,0,0,43,12,18,2,full,67.5,high
A01499,workstation,server_lan,medium,restricted,0,0,7.2,0.216,0,0,0,0,201,2,9,2,full,24.4,medium
A01500,web_app,user_lan,medium,internal,0,0,3.7,0.215,0,0,0,0,724,2,8,1,full,10.8,low
A01501,web_app,ot,medium,restricted,1,0,4.5,0.388,0,0,0,0,89,10,25,5,none,75.3,critical
A01502,firewall,server_lan,medium,public,1,0,4.6,0.436,0,0,0,0,535,6,29,5,none,66.9,high
A01503,workstation,user_lan,medium,public,0,0,7.4,0.368,0,0,0,0,16,9,7,1,full,26.9,medium
A01504,workstation,cloud,medium,confidential,0,1,8.2,0.261,0,0,0,0,126,5,3,1,full,45.5,medium
A01505,cloud_vm,cloud,critical,internal,1,0,8.8,0.293,0,0,0,0,37,12,28,4,full,66.5,high
A01506,database,dmz,medium,confidential,1,0,4.9,0.651,0,0,0,0,15,6,20,4,none,68.1,high
A01507,web_app,ot,medium,internal,1,0,5.3,0.218,0,0,0,0,411,8,19,4,partial,80.0,critical
A01508,workstation,dmz,low,public,1,0,7.3,0.212,0,0,0,0,45,9,21,0,full,38.3,medium
A01509,server,user_lan,high,internal,0,0,4.6,0.164,0,0,0,0,36,4,10,4,full,16.6,low
A01510,cloud_vm,user_lan,medium,public,0,0,8.7,0.174,0,0,0,0,568,5,3,1,partial,17.9,low
A01511,server,cloud,low,internal,0,0,5.6,0.392,0,0,0,0,322,5,3,3,full,23.6,medium
A01512,server,server_lan,critical,public,1,0,7.1,0.493,0,0,0,0,17,8,30,3,full,61.9,high
A01513,web_app,server_lan,medium,internal,0,1,5.3,0.256,0,0,0,0,613,6,5,1,full,40.8,medium
A01514,cloud_vm,cloud,low,confidential,1,0,5.6,0.401,0,0,0,0,15,7,21,2,full,56.1,high
A01515,cloud_vm,server_lan,low,public,0,0,9.2,0.211,0,0,0,0,57,8,7,2,full,7.5,low
A01516,workstation,user_lan,medium,confidential,0,1,5.5,0.124,0,0,0,0,52,3,7,1,full,6.2,low
A01517,server,cloud,critical,confidential,0,0,5.3,0.284,0,0,0,0,23,4,6,1,full,22.9,low
A01518,firewall,user_lan,medium,internal,0,1,6.0,0.145,0,0,0,0,701,1,12,0,partial,27.3,medium
A01519,server,server_lan,low,internal,1,0,6.4,0.236,0,0,0,0,657,9,25,2,partial,64.8,high
A01520,server,server_lan,medium,confidential,0,1,6.5,0.34,0,0,0,0,50,7,4,0,full,23.0,low
A01521,workstation,ot,medium,restricted,0,0,5.3,0.258,0,0,0,0,389,8,13,0,none,59.2,high
A01522,database,user_lan,low,public,0,0,4.4,0.195,0,0,0,0,681,5,12,1,full,15.1,low
A01523,cloud_vm,dmz,high,confidential,1,0,5.3,0.152,0,0,0,0,11,9,31,4,full,41.4,medium
A01524,cloud_vm,server_lan,low,public,0,0,7.0,0.264,0,0,0,0,27,4,3,1,full,8.2,low
A01525,web_app,server_lan,critical,internal,0,1,7.2,0.141,0,0,0,0,25,6,5,1,partial,60.5,high
A01526,server,ot,high,internal,1,1,6.0,0.411,0,0,0,0,210,10,25,5,none,100.0,critical
A01527,workstation,server_lan,low,public,1,1,6.6,0.259,0,0,0,0,724,8,26,4,full,45.9,medium
A01528,database,dmz,high,public,1,0,4.4,0.396,0,0,0,0,611,10,22,3,full,54.7,high
A01529,server,user_lan,high,public,0,0,6.7,0.253,0,0,0,0,138,3,11,4,partial,28.9,medium
A01530,workstation,dmz,medium,public,1,0,6.1,0.443,0,0,0,0,37,11,21,3,partial,59.2,high
A01531,workstation,server_lan,medium,confidential,0,0,6.0,0.492,0,0,0,0,15,5,10,1,partial,30.2,medium
A01532,server,ot,low,public,1,1,6.5,0.208,0,0,0,0,19,5,10,3,none,44.2,medium
A01533,database,user_lan,low,confidential,0,1,5.2,0.223,0,0,0,0,46,6,11,2,full,20.9,low
A01534,web_app,dmz,high,restricted,1,0,5.6,0.445,0,0,0,0,21,10,13,3,full,67.8,high
A01535,server,user_lan,low,internal,1,0,2.4,0.217,0,0,0,0,27,8,20,2,full,30.9,medium
A01536,database,server_lan,low,public,1,1,5.2,0.461,0,0,0,0,726,10,25,5,full,48.2,medium
A01537,cloud_vm,dmz,medium,internal,1,0,4.4,0.263,0,0,0,0,206,8,21,5,full,45.2,medium
A01538,cloud_vm,user_lan,low,restricted,1,0,7.9,0.249,0,0,0,0,40,7,24,4,full,54.9,high
A01539,cloud_vm,user_lan,high,internal,1,0,5.7,0.18,0,0,0,0,14,8,18,3,partial,58.1,high
A01540,workstation,cloud,high,public,1,1,6.4,0.608,1,0,27,1,59,14,24,8,full,89.3,critical
A01541,cloud_vm,cloud,high,restricted,0,0,7.7,0.146,0,0,0,0,634,4,6,3,full,43.8,medium
A01542,workstation,server_lan,low,internal,1,0,7.5,0.183,0,0,0,0,658,8,21,4,partial,56.2,high
A01543,workstation,ot,medium,internal,1,0,5.7,0.285,0,0,0,0,6,10,11,3,none,51.9,high
A01544,server,user_lan,high,restricted,1,1,7.9,0.733,0,0,0,0,602,7,22,5,full,77.0,critical
A01545,database,server_lan,medium,restricted,1,1,5.9,0.221,0,0,0,0,522,6,26,5,partial,63.9,high
A01546,workstation,cloud,high,internal,1,0,3.7,0.478,1,0,352,1,509,10,16,7,full,70.7,high
A01547,workstation,dmz,medium,internal,0,0,6.5,0.274,0,0,0,0,5,1,10,2,full,17.9,low
A01548,cloud_vm,user_lan,medium,internal,0,0,7.5,0.287,1,1,499,0,14,4,6,5,full,32.4,medium
A01549,workstation,cloud,low,public,1,0,7.4,0.6,1,0,88,1,49,14,28,6,full,66.2,high
A01550,workstation,server_lan,high,internal,0,0,7.4,0.147,0,0,0,0,57,5,9,0,full,34.9,medium
A01551,server,cloud,low,internal,1,1,5.0,0.104,0,0,0,0,4,11,25,5,full,52.6,high
A01552,workstation,server_lan,high,confidential,0,0,5.9,0.46,0,0,0,0,694,3,4,3,full,42.2,medium
A01553,workstation,cloud,medium,confidential,0,0,5.6,0.176,0,0,0,0,512,4,7,1,full,16.2,low
A01554,workstation,dmz,low,restricted,1,0,4.6,0.494,0,0,0,0,666,6,28,5,partial,76.5,critical
A01555,server,server_lan,high,restricted,1,1,7.6,0.357,0,0,0,0,46,5,27,6,partial,84.7,critical
A01556,cloud_vm,server_lan,medium,public,0,0,6.2,0.309,0,0,0,0,44,3,7,0,full,10.5,low
A01557,firewall,cloud,low,public,1,0,7.7,0.519,1,1,391,0,5,5,23,5,none,81.9,critical
A01558,database,server_lan,critical,internal,1,0,5.5,0.176,0,0,0,0,382,6,20,2,full,51.1,medium
A01559,web_app,cloud,high,internal,1,0,8.5,0.624,0,0,0,0,193,3,23,5,partial,57.1,high
A01560,cloud_vm,server_lan,medium,public,0,0,2.5,0.255,0,0,0,0,22,4,12,1,full,0.5,low
A01561,firewall,user_lan,high,confidential,1,0,3.3,0.214,0,0,0,0,464,12,24,6,partial,69.3,high
A01562,web_app,server_lan,medium,internal,0,1,5.4,0.368,0,0,0,0,59,4,7,1,none,28.1,medium
A01563,cloud_vm,dmz,medium,public,1,1,7.0,0.223,0,0,0,0,15,5,17,2,full,40.9,medium
A01564,cloud_vm,ot,low,internal,1,1,8.5,0.223,0,0,0,0,58,7,23,5,partial,57.8,high
A01565,cloud_vm,user_lan,low,restricted,0,0,5.6,0.17,0,0,0,0,601,7,9,0,full,29.1,medium
A01566,database,user_lan,medium,confidential,0,1,7.1,0.347,0,0,0,0,665,11,9,1,none,70.8,high
A01567,server,user_lan,medium,public,0,1,7.4,0.403,0,0,0,0,25,9,7,0,full,40.7,medium
A01568,server,user_lan,high,internal,0,0,6.6,0.222,0,0,0,0,45,3,4,0,full,42.3,medium
A01569,database,user_lan,medium,restricted,0,1,3.9,0.313,0,0,0,0,11,3,9,3,full,39.0,medium
A01570,database,cloud,medium,public,0,1,7.7,0.535,0,0,0,0,50,9,13,0,partial,22.1,low
A01571,workstation,user_lan,high,confidential,0,0,3.5,0.311,0,0,0,0,11,7,4,0,full,13.1,low
A01572,database,user_lan,critical,confidential,1,1,6.7,0.319,0,0,0,0,121,4,22,6,partial,73.7,critical
A01573,database,user_lan,medium,confidential,0,1,7.0,0.253,0,0,0,0,41,3,9,1,full,48.2,medium
A01574,cloud_vm,user_lan,critical,public,1,1,6.2,0.395,1,0,304,1,282,4,18,4,partial,85.4,critical
A01575,server,user_lan,high,restricted,0,1,3.9,0.204,1,1,736,1,637,7,6,1,full,61.6,high
A01576,server,user_lan,low,internal,1,0,7.6,0.238,0,0,0,0,3,11,23,8,full,61.2,high
A01577,cloud_vm,user_lan,medium,public,0,0,6.1,0.217,0,0,0,0,319,1,11,0,partial,13.4,low
A01578,cloud_vm,cloud,low,public,0,0,8.9,0.247,0,0,0,0,310,4,6,2,partial,25.0,medium
A01579,firewall,ot,high,internal,1,0,4.4,0.498,0,0,0,0,509,7,21,9,none,84.9,critical
A01580,cloud_vm,ot,medium,public,1,0,6.8,0.576,0,0,0,0,230,3,32,6,none,73.9,critical
A01581,cloud_vm,cloud,medium,confidential,1,0,6.2,0.469,0,0,0,0,3,7,15,3,partial,68.1,high
A01582,workstation,user_lan,high,restricted,0,0,8.6,0.521,1,1,66,1,685,5,10,7,full,62.1,high
A01583,workstation,cloud,medium,public,0,1,5.5,0.376,0,0,0,0,54,2,6,2,full,37.2,medium
A01584,workstation,server_lan,medium,confidential,1,1,7.6,0.502,1,0,190,1,284,9,22,10,partial,100.0,critical
A01585,web_app,user_lan,high,restricted,1,1,5.7,0.334,0,0,0,0,45,8,19,3,partial,70.6,high
A01586,firewall,server_lan,critical,public,1,0,7.9,0.24,0,0,0,0,43,18,23,2,full,45.8,medium
A01587,workstation,dmz,high,confidential,1,0,6.1,0.344,0,0,0,0,48,12,19,7,full,73.6,critical
A01588,database,ot,low,restricted,1,1,5.3,0.324,0,0,0,0,41,12,24,2,full,61.7,high
A01589,workstation,cloud,low,confidential,0,1,5.2,0.209,0,0,0,0,17,4,1,1,full,11.1,low
A01590,server,user_lan,low,internal,0,0,3.6,0.37,0,0,0,0,25,2,9,1,partial,22.4,low
A01591,server,server_lan,medium,restricted,1,0,9.2,0.369,0,0,0,0,55,6,25,5,full,61.7,high
A01592,server,user_lan,low,confidential,1,1,7.6,0.367,0,0,0,0,30,11,23,6,partial,83.1,critical
A01593,firewall,user_lan,critical,internal,1,0,6.9,0.547,0,0,0,0,6,4,17,1,full,61.8,high
A01594,workstation,cloud,high,internal,1,0,6.0,0.154,0,0,0,0,57,5,19,3,partial,54.4,high
A01595,cloud_vm,ot,medium,internal,1,0,6.2,0.415,0,0,0,0,397,10,19,6,none,82.2,critical
A01596,web_app,server_lan,low,internal,1,0,6.1,0.323,0,0,0,0,310,10,21,5,full,38.3,medium
A01597,server,server_lan,medium,internal,0,0,6.2,0.432,0,0,0,0,462,6,5,1,partial,39.2,medium
A01598,server,server_lan,medium,public,1,1,2.6,0.222,0,0,0,0,460,10,18,6,full,56.7,high
A01599,cloud_vm,dmz,high,restricted,1,0,7.5,0.447,0,0,0,0,509,13,23,6,partial,92.4,critical
A01600,workstation,server_lan,low,confidential,0,0,7.7,0.139,0,0,0,0,363,2,4,0,full,8.8,low
A01601,cloud_vm,dmz,high,internal,1,0,8.2,0.292,0,0,0,0,514,7,30,5,full,71.7,high
A01602,server,dmz,low,internal,1,0,7.6,0.294,0,0,0,0,172,14,23,1,full,60.0,high
A01603,web_app,server_lan,low,public,0,0,7.3,0.502,0,0,0,0,32,8,3,0,full,22.3,low
A01604,cloud_vm,server_lan,critical,public,1,1,4.1,0.593,0,0,0,0,24,8,18,7,full,56.9,high
A01605,server,cloud,low,confidential,1,1,4.4,0.209,0,0,0,0,692,9,14,2,partial,65.3,high
A01606,workstation,dmz,low,public,1,0,3.7,0.363,0,0,0,0,0,8,13,2,full,15.4,low
A01607,firewall,cloud,medium,restricted,1,1,8.2,0.369,0,0,0,0,178,7,24,5,partial,78.8,critical
A01608,workstation,server_lan,medium,internal,0,0,5.8,0.436,0,0,0,0,30,1,9,1,partial,20.4,low
A01609,workstation,dmz,low,public,1,0,7.0,0.452,0,0,0,0,39,14,18,1,partial,41.5,medium
A01610,workstation,dmz,low,restricted,1,0,6.2,0.569,0,0,0,0,18,9,17,3,partial,46.3,medium
A01611,workstation,user_lan,low,internal,1,1,5.7,0.582,0,0,0,0,11,5,24,3,partial,42.5,medium
A01612,cloud_vm,server_lan,medium,internal,1,0,7.7,0.645,0,0,0,0,473,10,31,7,partial,98.6,critical
A01613,cloud_vm,user_lan,low,public,0,1,8.2,0.234,0,0,0,0,71,6,7,1,partial,12.5,low
A01614,workstation,dmz,high,confidential,1,1,7.2,0.345,0,0,0,0,667,5,26,2,full,68.3,high
A01615,cloud_vm,ot,high,internal,1,0,7.0,0.696,0,0,0,0,74,4,18,4,none,80.7,critical
A01616,server,dmz,low,confidential,1,1,8.2,0.402,0,0,0,0,12,14,26,3,full,64.3,high
A01617,server,server_lan,medium,confidential,1,0,6.0,0.407,0,0,0,0,2,6,23,8,full,54.6,high
A01618,database,cloud,low,restricted,1,0,8.6,0.213,0,0,0,0,84,10,29,3,full,63.8,high
A01619,firewall,server_lan,low,confidential,0,0,5.1,0.448,0,0,0,0,524,9,6,0,full,35.8,medium
A01620,server,server_lan,low,confidential,1,0,4.8,0.293,0,0,0,0,109,7,18,2,partial,47.3,medium
A01621,server,cloud,high,confidential,0,1,7.2,0.367,0,0,0,0,44,2,8,0,partial,29.6,medium
A01622,database,server_lan,medium,internal,1,0,6.8,0.25,0,0,0,0,25,7,19,2,full,41.0,medium
A01623,cloud_vm,dmz,medium,confidential,1,0,5.5,0.234,0,0,0,0,49,10,25,4,partial,71.6,high
A01624,server,user_lan,high,confidential,0,0,7.2,0.331,0,0,0,0,281,6,11,0,partial,41.4,medium
A01625,workstation,dmz,high,public,0,1,7.4,0.401,0,0,0,0,13,5,7,0,partial,35.9,medium
A01626,cloud_vm,ot,medium,confidential,1,1,4.3,0.232,0,0,0,0,27,9,16,1,none,80.4,critical
A01627,workstation,user_lan,low,internal,0,1,7.9,0.099,0,0,0,0,11,2,9,3,full,31.6,medium
A01628,server,user_lan,critical,internal,0,1,7.9,0.308,0,0,0,0,545,6,7,2,partial,80.4,critical
A01629,server,server_lan,medium,public,1,1,8.0,0.305,0,0,0,0,8,10,19,3,full,49.7,medium
A01630,workstation,user_lan,high,public,1,0,6.3,0.092,0,0,0,0,475,7,23,5,full,54.9,high
A01631,database,user_lan,high,public,1,1,6.7,0.191,0,0,0,0,420,7,24,1,partial,80.4,critical
A01632,cloud_vm,dmz,medium,public,1,1,8.2,0.46,0,0,0,0,619,4,17,2,partial,69.1,high
A01633,web_app,cloud,low,public,0,0,5.2,0.113,0,0,0,0,601,3,7,1,partial,25.4,medium
A01634,web_app,user_lan,low,public,0,0,5.6,0.536,1,0,186,1,23,7,11,1,none,29.7,medium
A01635,firewall,cloud,medium,internal,1,1,8.5,0.26,0,0,0,0,5,10,25,2,none,81.0,critical
A01636,workstation,server_lan,medium,internal,1,0,8.1,0.206,0,0,0,0,18,6,22,4,full,36.0,medium
A01637,workstation,dmz,high,restricted,1,0,7.0,0.476,0,0,0,0,691,8,19,1,partial,69.2,high
A01638,firewall,user_lan,high,confidential,0,0,9.0,0.677,1,1,166,0,20,6,8,1,none,68.5,high
A01639,workstation,cloud,critical,public,0,0,9.4,0.186,0,0,0,0,182,9,8,2,partial,41.6,medium
A01640,web_app,server_lan,critical,internal,0,0,6.8,0.472,1,0,358,1,214,5,8,5,none,87.8,critical
A01641,cloud_vm,dmz,high,internal,1,0,7.4,0.459,0,0,0,0,35,11,26,2,partial,65.4,high
A01642,server,cloud,low,internal,1,0,7.0,0.256,0,0,0,0,333,9,27,2,partial,61.7,high
A01643,database,server_lan,medium,internal,1,1,6.1,0.155,0,0,0,0,459,7,19,2,partial,54.2,high
A01644,server,server_lan,medium,confidential,1,1,5.9,0.559,1,0,203,1,42,12,25,5,partial,92.1,critical
A01645,server,user_lan,medium,confidential,1,0,8.4,0.38,0,0,0,0,247,7,24,3,full,40.2,medium
A01646,database,dmz,low,internal,1,0,6.1,0.493,0,0,0,0,4,8,18,3,full,32.6,medium
A01647,workstation,dmz,medium,confidential,0,1,2.4,0.213,0,0,0,0,9,1,11,1,partial,29.6,medium
A01648,cloud_vm,dmz,medium,internal,1,0,8.7,0.444,0,0,0,0,659,7,15,1,full,59.2,high
A01649,cloud_vm,ot,medium,confidential,1,0,3.8,0.372,0,0,0,0,33,8,25,6,partial,67.4,high
A01650,cloud_vm,server_lan,high,restricted,0,1,4.0,0.305,0,0,0,0,367,9,11,0,partial,48.9,medium
A01651,workstation,user_lan,medium,internal,0,0,8.3,0.365,0,0,0,0,7,3,8,2,full,20.1,low
A01652,workstation,ot,medium,confidential,1,0,7.8,0.369,0,0,0,0,31,6,24,3,none,72.0,high
A01653,workstation,user_lan,medium,confidential,1,0,7.1,0.287,0,0,0,0,92,5,22,4,full,48.5,medium
A01654,server,user_lan,medium,internal,0,1,4.5,0.183,0,0,0,0,609,2,16,0,partial,49.5,medium
A01655,firewall,user_lan,low,public,1,0,2.4,0.561,0,0,0,0,418,7,25,2,partial,38.4,medium
A01656,workstation,server_lan,medium,confidential,1,0,4.9,0.139,0,0,0,0,42,8,19,8,full,52.6,high
A01657,server,user_lan,medium,internal,1,0,6.4,0.325,1,0,103,1,39,13,23,9,full,68.8,high
A01658,cloud_vm,ot,high,public,1,0,6.5,0.221,0,0,0,0,523,10,30,1,full,61.5,high
A01659,workstation,cloud,low,confidential,1,0,7.4,0.409,0,0,0,0,35,6,20,5,partial,50.8,medium
A01660,server,user_lan,critical,internal,0,0,7.8,0.249,0,0,0,0,48,3,15,0,full,32.0,medium
A01661,server,server_lan,high,public,1,1,3.8,0.313,0,0,0,0,36,5,21,3,full,54.1,high
A01662,web_app,cloud,medium,restricted,0,1,5.4,0.149,0,0,0,0,498,2,7,0,partial,54.3,high
A01663,cloud_vm,dmz,medium,internal,1,1,6.3,0.551,1,0,484,1,24,6,13,4,full,70.4,high
A01664,server,cloud,medium,internal,1,0,6.6,0.445,0,0,0,0,2,11,25,4,full,49.8,medium
A01665,cloud_vm,server_lan,high,confidential,1,1,7.5,0.31,0,0,0,0,43,7,19,7,full,69.8,high
A01666,cloud_vm,user_lan,high,public,1,0,7.2,0.253,0,0,0,0,182,12,17,5,partial,57.6,high
A01667,cloud_vm,cloud,high,confidential,1,1,6.4,0.182,0,0,0,0,14,9,23,3,full,73.7,critical
A01668,server,user_lan,critical,confidential,0,0,5.2,0.58,0,0,0,0,655,1,11,2,full,52.2,high
A01669,server,server_lan,medium,internal,1,1,7.4,0.308,0,0,0,0,132,14,34,2,full,35.3,medium
A01670,cloud_vm,cloud,high,internal,1,1,5.0,0.254,0,0,0,0,99,3,15,1,full,48.0,medium
A01671,workstation,server_lan,medium,restricted,1,0,6.5,0.717,0,0,0,0,378,11,28,3,partial,77.7,critical
A01672,web_app,server_lan,medium,restricted,1,0,7.1,0.17,0,0,0,0,47,10,31,1,partial,59.8,high
A01673,cloud_vm,user_lan,medium,public,1,0,7.2,0.395,0,0,0,0,225,15,27,1,partial,73.5,critical
A01674,server,user_lan,high,internal,1,0,3.9,0.264,0,0,0,0,6,6,18,1,full,48.4,medium
A01675,cloud_vm,user_lan,low,internal,1,0,4.3,0.17,0,0,0,0,327,6,14,4,full,25.3,medium
A01676,firewall,dmz,low,restricted,0,1,5.4,0.308,0,0,0,0,28,4,9,1,full,23.3,low
A01677,web_app,user_lan,low,confidential,0,1,3.1,0.538,0,0,0,0,0,3,7,0,full,25.1,medium
A01678,workstation,cloud,critical,internal,1,0,6.9,0.331,0,0,0,0,94,8,21,4,partial,75.2,critical
A01679,cloud_vm,dmz,medium,restricted,1,1,2.7,0.283,0,0,0,0,7,4,23,3,full,62.2,high
A01680,database,user_lan,medium,internal,1,0,7.8,0.402,0,0,0,0,646,11,16,9,none,92.9,critical
A01681,cloud_vm,user_lan,medium,internal,1,0,6.2,0.186,0,0,0,0,52,10,25,4,full,51.4,high
A01682,cloud_vm,cloud,medium,confidential,0,1,5.5,0.342,0,0,0,0,316,6,5,4,full,35.6,medium
A01683,cloud_vm,user_lan,high,internal,0,0,3.9,0.402,0,0,0,0,138,3,8,1,full,22.1,low
A01684,workstation,cloud,critical,confidential,0,0,7.1,0.181,0,0,0,0,23,4,6,2,partial,40.1,medium
A01685,server,server_lan,high,internal,1,1,3.0,0.166,0,0,0,0,11,5,24,4,partial,76.4,critical
A01686,server,server_lan,high,confidential,0,1,6.1,0.371,0,0,0,0,8,6,7,2,partial,41.3,medium
A01687,database,ot,low,restricted,0,0,8.8,0.209,0,0,0,0,59,4,13,0,full,34.4,medium
A01688,database,cloud,low,internal,1,0,8.8,0.353,0,0,0,0,461,8,19,6,none,68.8,high
A01689,web_app,user_lan,medium,internal,0,1,4.4,0.209,0,0,0,0,48,2,10,3,partial,39.7,medium
A01690,workstation,user_lan,high,confidential,0,0,6.9,0.326,0,0,0,0,58,1,6,0,partial,12.2,low
A01691,cloud_vm,user_lan,low,public,1,1,7.2,0.52,0,0,0,0,472,15,23,7,partial,66.4,high
A01692,cloud_vm,dmz,high,confidential,1,1,5.5,0.191,0,0,0,0,7,7,18,4,full,61.8,high
A01693,workstation,cloud,low,confidential,0,0,6.2,0.2,0,0,0,0,8,2,9,1,full,6.7,low
A01694,web_app,cloud,low,public,0,0,6.9,0.369,1,1,233,0,2,3,7,2,full,19.4,low
A01695,web_app,user_lan,medium,restricted,0,0,5.3,0.514,0,0,0,0,626,5,4,1,full,19.4,low
A01696,database,server_lan,high,internal,0,0,8.3,0.252,0,0,0,0,4,4,9,1,partial,12.7,low
A01697,server,server_lan,high,public,1,1,6.5,0.18,0,0,0,0,427,5,23,3,full,61.3,high
A01698,cloud_vm,dmz,medium,public,1,0,5.8,0.187,0,0,0,0,210,9,21,5,partial,64.1,high
A01699,firewall,cloud,high,confidential,1,1,8.7,0.429,1,0,290,1,82,6,20,4,partial,100.0,critical
A01700,web_app,user_lan,high,restricted,1,0,8.4,0.175,0,0,0,0,147,10,22,2,none,80.9,critical
A01701,cloud_vm,server_lan,medium,internal,1,1,3.7,0.291,0,0,0,0,150,8,19,3,partial,60.4,high
A01702,firewall,user_lan,high,public,0,1,6.8,0.341,0,0,0,0,44,7,6,0,none,53.2,high
A01703,workstation,ot,low,public,1,0,5.9,0.459,0,0,0,0,33,9,23,3,partial,44.1,medium
A01704,web_app,dmz,medium,confidential,1,1,7.3,0.559,0,0,0,0,166,10,26,3,full,93.3,critical
A01705,database,user_lan,low,internal,1,0,7.5,0.391,0,0,0,0,3,7,28,3,partial,54.4,high
A01706,firewall,user_lan,medium,internal,1,0,9.4,0.552,0,0,0,0,709,4,22,2,full,48.2,medium
A01707,server,server_lan,medium,internal,0,1,5.6,0.299,0,0,0,0,343,1,12,3,full,34.1,medium
A01708,workstation,user_lan,low,internal,0,0,3.6,0.141,0,0,0,0,38,9,4,4,partial,6.5,low
A01709,cloud_vm,user_lan,medium,confidential,1,0,6.3,0.122,0,0,0,0,113,5,25,5,full,25.6,medium
A01710,workstation,server_lan,high,internal,0,0,5.3,0.333,0,0,0,0,87,6,7,1,full,9.7,low
A01711,cloud_vm,server_lan,medium,public,0,1,8.0,0.193,1,0,233,0,5,5,9,6,full,11.1,low
A01712,workstation,cloud,low,internal,0,0,7.4,0.54,0,0,0,0,619,4,4,2,full,19.5,low
A01713,firewall,server_lan,low,internal,0,0,8.5,0.362,1,1,633,1,715,9,9,1,full,42.5,medium
A01714,cloud_vm,user_lan,medium,internal,1,0,8.4,0.25,0,0,0,0,301,6,10,0,full,35.6,medium
A01715,workstation,user_lan,high,public,0,0,8.4,0.391,0,0,0,0,341,4,8,1,full,16.9,low
A01716,cloud_vm,cloud,high,public,1,1,6.8,0.139,0,0,0,0,648,6,31,5,full,58.1,high
A01717,workstation,cloud,medium,internal,1,0,8.0,0.309,0,0,0,0,105,12,16,4,full,45.4,medium
A01718,web_app,cloud,high,internal,1,1,3.3,0.174,0,0,0,0,15,6,24,3,none,68.6,high
A01719,web_app,user_lan,medium,confidential,1,0,7.8,0.4,0,0,0,0,8,13,19,3,none,68.4,high
A01720,cloud_vm,user_lan,critical,internal,0,0,8.5,0.476,0,0,0,0,10,4,10,0,partial,38.4,medium
A01721,server,server_lan,low,internal,0,0,4.5,0.387,0,0,0,0,23,7,10,0,full,5.3,low
A01722,server,server_lan,medium,confidential,1,1,6.0,0.502,0,0,0,0,38,4,22,5,partial,85.3,critical
A01723,web_app,server_lan,medium,internal,1,0,5.1,0.151,0,0,0,0,111,7,26,3,partial,52.4,high
A01724,database,dmz,medium,public,0,1,7.5,0.316,1,1,296,1,630,3,5,3,full,69.3,high
A01725,database,user_lan,low,confidential,1,1,8.0,0.288,0,0,0,0,17,9,17,3,partial,64.4,high
A01726,server,server_lan,low,internal,1,1,5.8,0.199,0,0,0,0,43,6,24,7,partial,54.7,high
A01727,workstation,dmz,medium,restricted,0,0,7.1,0.138,0,0,0,0,408,2,11,0,partial,41.8,medium
A01728,cloud_vm,server_lan,high,public,0,0,4.3,0.143,0,0,0,0,620,1,8,1,full,16.7,low
A01729,server,cloud,high,restricted,1,0,3.1,0.389,0,0,0,0,156,12,20,2,full,52.0,high
A01730,workstation,user_lan,low,confidential,0,0,2.1,0.291,0,0,0,0,63,3,6,4,partial,3.0,low
A01731,firewall,cloud,high,public,1,1,6.9,0.332,0,0,0,0,38,6,22,3,full,63.1,high
A01732,server,user_lan,medium,internal,0,0,6.4,0.376,0,0,0,0,312,4,8,3,full,36.1,medium
A01733,cloud_vm,cloud,critical,confidential,0,1,7.4,0.238,0,0,0,0,423,4,7,2,full,47.2,medium
A01734,workstation,cloud,low,internal,1,0,5.4,0.385,0,0,0,0,22,6,21,4,full,29.9,medium
A01735,cloud_vm,dmz,high,internal,0,0,4.0,0.097,0,0,0,0,19,8,6,1,full,31.0,medium
A01736,cloud_vm,ot,critical,restricted,1,0,6.2,0.671,0,0,0,0,680,8,24,5,full,78.5,critical
A01737,cloud_vm,dmz,high,confidential,1,0,8.1,0.267,0,0,0,0,50,8,17,2,partial,66.3,high
A01738,server,user_lan,high,restricted,1,0,6.1,0.567,0,0,0,0,12,5,22,7,full,47.3,medium
A01739,database,cloud,medium,restricted,1,0,6.7,0.319,0,0,0,0,146,13,23,1,none,80.2,critical
A01740,cloud_vm,server_lan,high,confidential,0,1,1.8,0.577,0,0,0,0,3,7,9,1,full,34.0,medium
A01741,workstation,user_lan,medium,confidential,0,0,5.7,0.293,0,0,0,0,0,7,8,2,full,12.6,low
A01742,server,server_lan,medium,confidential,0,0,6.5,0.27,0,0,0,0,275,7,9,2,full,26.1,medium
A01743,server,dmz,critical,restricted,1,1,6.3,0.15,0,0,0,0,30,5,25,2,partial,80.8,critical
A01744,firewall,dmz,low,confidential,1,0,8.2,0.487,0,0,0,0,47,4,21,2,full,37.9,medium
A01745,web_app,dmz,medium,public,1,0,3.7,0.253,0,0,0,0,5,12,25,2,partial,54.5,high
A01746,web_app,dmz,critical,confidential,0,1,5.8,0.446,0,0,0,0,292,4,9,0,partial,69.7,high
A01747,cloud_vm,user_lan,low,public,0,0,7.6,0.364,0,0,0,0,402,4,5,0,full,7.8,low
A01748,database,user_lan,low,restricted,0,0,3.7,0.445,0,0,0,0,29,5,11,2,full,0.0,low
A01749,database,user_lan,medium,confidential,0,1,6.9,0.171,0,0,0,0,21,4,9,3,full,26.0,medium
A01750,workstation,user_lan,high,internal,0,1,4.7,0.174,0,0,0,0,56,3,10,3,full,28.2,medium
A01751,web_app,dmz,high,public,0,0,6.9,0.557,0,0,0,0,558,4,8,1,full,28.7,medium
A01752,server,server_lan,low,internal,1,0,7.4,0.405,1,0,4,1,38,8,18,10,full,75.6,critical
A01753,cloud_vm,cloud,medium,internal,0,0,7.3,0.62,1,0,172,1,34,3,9,4,partial,47.3,medium
A01754,cloud_vm,ot,medium,confidential,1,0,6.6,0.487,1,0,188,0,10,4,17,8,none,76.1,critical
A01755,workstation,user_lan,high,confidential,0,1,3.9,0.146,0,0,0,0,583,4,8,0,partial,40.8,medium
A01756,database,dmz,high,internal,0,0,8.0,0.254,0,0,0,0,39,9,7,1,full,49.1,medium
A01757,server,cloud,critical,internal,0,1,6.9,0.383,0,0,0,0,579,7,3,2,full,41.6,medium
A01758,firewall,cloud,medium,internal,1,0,9.1,0.349,0,0,0,0,280,8,16,3,full,54.8,high
A01759,cloud_vm,server_lan,low,internal,1,0,6.8,0.327,0,0,0,0,169,10,19,6,full,59.0,high
A01760,firewall,server_lan,medium,restricted,0,1,7.5,0.215,0,0,0,0,363,5,8,0,none,58.9,high
A01761,workstation,dmz,medium,restricted,1,0,5.1,0.284,0,0,0,0,191,8,20,1,full,49.9,medium
A01762,server,user_lan,medium,confidential,0,0,7.5,0.3,1,1,333,0,17,5,7,4,full,42.2,medium
A01763,server,ot,low,internal,1,0,6.6,0.231,0,0,0,0,28,5,24,3,none,62.7,high
A01764,server,user_lan,low,public,1,0,4.9,0.185,0,0,0,0,650,7,20,0,full,41.2,medium
A01765,server,server_lan,critical,restricted,0,1,5.6,0.186,0,0,0,0,14,8,5,0,full,61.8,high
A01766,server,user_lan,low,restricted,1,0,4.6,0.532,0,0,0,0,112,9,21,2,partial,67.1,high
A01767,firewall,cloud,medium,public,1,0,6.4,0.384,0,0,0,0,120,8,22,4,none,67.7,high
A01768,server,user_lan,high,confidential,1,0,7.3,0.211,0,0,0,0,515,9,22,7,full,60.0,high
A01769,server,cloud,low,internal,0,1,7.7,0.235,0,0,0,0,31,10,11,0,partial,35.9,medium
A01770,cloud_vm,server_lan,low,public,0,0,6.1,0.248,0,0,0,0,244,2,9,1,partial,21.3,low
A01771,web_app,server_lan,medium,restricted,0,0,2.7,0.281,0,0,0,0,52,5,5,2,full,26.6,medium
A01772,cloud_vm,user_lan,medium,restricted,1,1,7.7,0.582,0,0,0,0,15,6,22,3,partial,70.6,high
A01773,web_app,user_lan,medium,restricted,1,1,7.6,0.628,0,0,0,0,0,4,24,3,full,42.3,medium
A01774,cloud_vm,ot,high,public,1,1,6.7,0.413,0,0,0,0,54,10,22,5,full,69.1,high
A01775,web_app,user_lan,low,internal,1,0,7.0,0.607,0,0,0,0,716,7,19,2,full,52.3,high
A01776,database,server_lan,low,restricted,1,1,5.8,0.333,0,0,0,0,58,11,16,3,partial,69.5,high
A01777,web_app,server_lan,low,confidential,1,0,7.9,0.377,0,0,0,0,55,6,28,4,full,60.2,high
A01778,workstation,user_lan,medium,internal,0,1,7.8,0.355,0,0,0,0,14,4,9,0,full,17.6,low
A01779,workstation,server_lan,medium,internal,0,0,6.8,0.45,1,1,50,0,13,4,6,2,full,30.3,medium
A01780,database,cloud,critical,public,1,1,7.5,0.387,0,0,0,0,7,9,18,3,full,57.5,high
A01781,server,server_lan,low,confidential,1,1,4.4,0.655,0,0,0,0,511,10,30,3,full,54.7,high
A01782,cloud_vm,server_lan,medium,restricted,1,0,5.6,0.513,0,0,0,0,388,7,21,3,full,55.1,high
A01783,workstation,user_lan,medium,public,0,0,5.1,0.345,1,1,206,1,354,2,5,2,partial,47.4,medium
A01784,server,dmz,high,public,1,0,4.6,0.224,0,0,0,0,49,6,24,1,full,40.5,medium
A01785,workstation,user_lan,medium,internal,0,0,7.6,0.157,0,0,0,0,23,3,7,1,full,0.0,low
A01786,cloud_vm,user_lan,low,confidential,0,0,8.2,0.374,0,0,0,0,30,5,9,1,full,7.2,low
A01787,workstation,user_lan,medium,internal,1,1,6.4,0.612,1,0,225,1,716,7,24,6,full,64.4,high
A01788,web_app,user_lan,medium,public,1,0,4.7,0.231,0,0,0,0,8,6,22,1,none,56.2,high
A01789,cloud_vm,cloud,high,confidential,0,1,6.4,0.137,0,0,0,0,207,3,12,1,partial,40.7,medium
A01790,server,cloud,low,internal,0,1,7.2,0.334,0,0,0,0,229,4,4,2,partial,38.9,medium
A01791,cloud_vm,server_lan,high,confidential,0,0,3.8,0.2,0,0,0,0,36,5,10,1,full,16.0,low
A01792,workstation,server_lan,medium,internal,0,0,7.8,0.374,0,0,0,0,8,6,3,0,partial,7.8,low
A01793,server,user_lan,high,internal,0,0,5.3,0.179,1,1,172,1,33,5,11,2,partial,29.6,medium
A01794,web_app,user_lan,low,confidential,0,1,5.9,0.509,0,0,0,0,140,3,4,1,partial,38.8,medium
A01795,cloud_vm,user_lan,high,confidential,1,1,6.1,0.251,0,0,0,0,20,12,24,4,full,69.9,high
A01796,workstation,user_lan,high,confidential,1,0,5.6,0.208,0,0,0,0,289,8,10,4,partial,76.9,critical
A01797,database,cloud,medium,internal,0,1,4.7,0.465,0,0,0,0,154,8,13,4,partial,47.0,medium
A01798,workstation,server_lan,medium,internal,0,1,8.3,0.572,0,0,0,0,418,2,9,1,full,46.2,medium
A01799,database,user_lan,low,internal,1,1,5.8,0.181,0,0,0,0,54,10,21,1,partial,42.0,medium
A01800,web_app,server_lan,low,internal,1,0,6.5,0.326,0,0,0,0,80,9,28,3,full,25.6,medium
A01801,web_app,server_lan,high,internal,0,0,5.4,0.332,0,0,0,0,48,4,6,1,full,6.3,low
A01802,web_app,user_lan,medium,internal,0,1,5.8,0.695,1,0,546,1,574,6,9,3,full,70.9,high
A01803,server,user_lan,high,public,0,1,6.5,0.414,0,0,0,0,45,7,11,1,full,28.3,medium
A01804,web_app,server_lan,high,confidential,1,0,5.3,0.602,0,0,0,0,74,13,21,4,full,42.9,medium
A01805,web_app,cloud,high,public,1,1,7.2,0.245,0,0,0,0,52,8,18,2,partial,69.2,high
A01806,web_app,cloud,high,restricted,0,1,4.9,0.355,0,0,0,0,6,2,9,3,partial,46.3,medium
A01807,server,user_lan,medium,confidential,1,1,3.2,0.367,0,0,0,0,33,9,20,4,full,49.1,medium
A01808,workstation,ot,medium,public,1,0,5.6,0.422,0,0,0,0,58,10,14,4,partial,54.8,high
A01809,workstation,user_lan,low,confidential,0,0,4.8,0.334,1,0,77,0,2,6,11,5,partial,17.2,low
A01810,server,cloud,high,internal,1,0,4.7,0.427,1,0,192,1,28,3,25,6,full,74.1,critical
A01811,server,server_lan,critical,restricted,0,0,5.5,0.508,0,0,0,0,296,7,10,1,full,50.8,medium
A01812,workstation,server_lan,medium,restricted,1,0,6.3,0.341,0,0,0,0,12,4,15,3,full,53.7,high
A01813,cloud_vm,server_lan,critical,restricted,0,1,3.1,0.407,0,0,0,0,38,2,8,1,full,51.7,high
A01814,server,dmz,critical,confidential,1,1,5.5,0.512,0,0,0,0,14,12,24,4,full,66.4,high
A01815,cloud_vm,user_lan,medium,restricted,0,0,7.4,0.286,0,0,0,0,2,9,0,1,full,28.0,medium
A01816,database,server_lan,high,confidential,0,1,6.0,0.726,0,0,0,0,79,5,12,1,none,72.4,critical
A01817,cloud_vm,user_lan,high,restricted,1,0,7.5,0.224,0,0,0,0,42,8,26,3,full,49.4,medium
A01818,database,server_lan,low,public,0,1,4.9,0.51,0,0,0,0,631,6,6,1,partial,38.8,medium
A01819,database,dmz,low,restricted,1,1,4.7,0.165,0,0,0,0,39,11,25,1,full,55.8,high
A01820,web_app,ot,medium,confidential,0,0,7.0,0.249,1,0,53,1,33,5,11,4,none,41.2,medium
A01821,firewall,user_lan,high,internal,1,1,6.7,0.11,0,0,0,0,31,11,19,4,partial,93.4,critical
A01822,database,ot,medium,restricted,1,0,6.2,0.19,0,0,0,0,33,10,21,3,none,84.3,critical
A01823,database,user_lan,high,confidential,1,1,7.6,0.238,0,0,0,0,331,8,19,4,full,75.1,critical
A01824,web_app,dmz,high,restricted,1,0,7.0,0.331,0,0,0,0,682,7,20,0,full,61.5,high
A01825,web_app,user_lan,high,public,1,0,5.6,0.38,0,0,0,0,178,5,21,2,none,62.4,high
A01826,server,user_lan,low,internal,1,1,6.5,0.238,0,0,0,0,155,11,26,3,full,45.1,medium
A01827,database,dmz,medium,confidential,1,0,6.9,0.272,0,0,0,0,46,6,23,4,full,49.2,medium
A01828,database,cloud,low,public,1,0,4.7,0.4,0,0,0,0,531,4,25,5,full,42.9,medium
A01829,firewall,user_lan,low,confidential,0,1,4.2,0.209,0,0,0,0,24,4,12,1,none,27.0,medium
A01830,database,cloud,low,confidential,1,0,5.5,0.299,0,0,0,0,49,9,21,1,full,41.4,medium
A01831,database,user_lan,low,internal,1,0,6.5,0.221,0,0,0,0,56,6,33,5,none,50.0,medium
A01832,firewall,user_lan,low,confidential,0,0,8.2,0.242,1,1,355,1,59,6,10,2,partial,45.3,medium
A01833,workstation,server_lan,medium,public,0,1,5.3,0.063,0,0,0,0,193,6,5,0,partial,18.0,low
A01834,server,ot,medium,confidential,1,1,6.3,0.192,0,0,0,0,468,10,18,6,none,93.8,critical
A01835,server,server_lan,low,restricted,1,1,6.9,0.476,0,0,0,0,99,10,25,3,partial,74.7,critical
A01836,server,server_lan,high,internal,1,1,6.7,0.48,0,0,0,0,47,12,16,5,partial,84.7,critical
A01837,server,dmz,medium,internal,1,1,5.1,0.38,0,0,0,0,360,6,27,4,full,71.1,high
A01838,workstation,user_lan,critical,internal,0,0,5.4,0.138,0,0,0,0,37,3,8,0,full,0.0,low
A01839,cloud_vm,ot,medium,internal,1,1,7.4,0.184,0,0,0,0,25,6,19,5,full,56.8,high
A01840,web_app,cloud,low,restricted,0,0,5.6,0.518,1,1,144,1,718,6,9,3,partial,76.5,critical
A01841,server,user_lan,critical,internal,0,1,7.3,0.283,0,0,0,0,38,9,6,4,full,59.0,high
A01842,database,ot,high,internal,0,1,5.6,0.442,0,0,0,0,25,6,13,0,none,52.7,high
A01843,server,cloud,medium,internal,1,0,8.9,0.182,0,0,0,0,7,10,30,2,full,47.3,medium
A01844,firewall,server_lan,medium,confidential,0,0,6.0,0.434,1,0,438,1,45,5,13,2,none,61.4,high
A01845,server,user_lan,medium,confidential,0,1,1.6,0.099,0,0,0,0,289,6,11,2,full,12.7,low
A01846,web_app,dmz,medium,public,1,0,2.6,0.226,0,0,0,0,110,16,23,6,partial,48.0,medium
A01847,workstation,server_lan,high,internal,1,1,5.8,0.638,0,0,0,0,704,10,18,10,full,80.6,critical
A01848,web_app,server_lan,medium,public,1,0,5.5,0.305,0,0,0,0,372,4,27,5,partial,50.7,medium
A01849,workstation,server_lan,low,public,1,0,6.7,0.497,0,0,0,0,428,9,19,2,full,45.9,medium
A01850,cloud_vm,ot,low,internal,1,1,4.5,0.166,0,0,0,0,104,7,20,3,full,39.8,medium
A01851,server,ot,low,confidential,0,1,6.3,0.686,1,0,457,1,33,5,9,3,full,40.2,medium
A01852,cloud_vm,server_lan,low,internal,0,1,4.7,0.573,1,0,481,1,619,5,11,4,partial,67.0,high
A01853,database,user_lan,medium,public,1,1,8.1,0.256,0,0,0,0,14,15,24,2,full,47.5,medium
A01854,cloud_vm,server_lan,critical,confidential,1,0,6.1,0.292,0,0,0,0,115,12,20,3,full,61.7,high
A01855,cloud_vm,dmz,low,confidential,1,1,3.7,0.126,0,0,0,0,581,10,27,2,full,52.6,high
A01856,firewall,server_lan,medium,internal,0,1,8.0,0.28,0,0,0,0,2,5,5,0,full,35.4,medium
A01857,server,server_lan,low,internal,0,1,3.7,0.309,0,0,0,0,43,4,10,0,full,8.9,low
A01858,workstation,server_lan,medium,confidential,1,1,6.9,0.289,1,0,89,1,25,5,23,3,partial,65.6,high
A01859,workstation,server_lan,medium,public,1,0,7.5,0.44,0,0,0,0,665,6,26,1,full,44.0,medium
A01860,workstation,dmz,medium,confidential,0,0,5.5,0.396,0,0,0,0,58,6,11,0,full,9.6,low
A01861,web_app,server_lan,critical,confidential,0,0,7.7,0.44,0,0,0,0,16,5,4,1,full,31.0,medium
A01862,firewall,ot,critical,restricted,0,0,6.2,0.742,1,0,145,1,135,10,12,2,none,87.0,critical
A01863,firewall,dmz,high,public,1,0,7.7,0.27,0,0,0,0,116,6,20,5,full,55.0,high
A01864,database,server_lan,high,public,1,1,3.3,0.159,0,0,0,0,56,18,22,3,full,39.0,medium
A01865,web_app,user_lan,medium,restricted,0,0,7.5,0.443,0,0,0,0,33,4,6,3,full,26.1,medium
A01866,cloud_vm,server_lan,medium,internal,1,0,3.4,0.101,0,0,0,0,43,5,28,3,partial,32.6,medium
A01867,firewall,user_lan,medium,internal,0,0,8.8,0.383,0,0,0,0,108,3,12,1,full,12.5,low
A01868,server,dmz,high,confidential,1,0,7.0,0.191,0,0,0,0,680,8,18,4,full,59.4,high
A01869,database,user_lan,low,public,1,1,6.0,0.577,0,0,0,0,8,11,22,5,partial,47.4,medium
A01870,cloud_vm,user_lan,low,confidential,0,0,4.8,0.29,1,1,336,1,293,7,5,6,full,44.0,medium
A01871,workstation,user_lan,low,restricted,0,1,5.5,0.146,0,0,0,0,35,2,3,1,partial,5.7,low
A01872,workstation,user_lan,medium,confidential,0,0,5.8,0.394,0,0,0,0,258,2,5,0,full,9.5,low
A01873,firewall,user_lan,high,internal,1,0,3.0,0.176,0,0,0,0,54,8,19,4,full,49.0,medium
A01874,firewall,server_lan,low,restricted,0,0,7.6,0.243,0,0,0,0,36,10,6,0,full,24.0,medium
A01875,cloud_vm,server_lan,medium,confidential,1,0,5.5,0.457,0,0,0,0,461,9,20,2,full,60.2,high
A01876,cloud_vm,user_lan,medium,public,0,0,5.0,0.221,0,0,0,0,460,4,8,1,full,5.7,low
A01877,workstation,dmz,high,confidential,1,0,7.7,0.331,0,0,0,0,34,7,22,9,full,68.6,high
A01878,workstation,server_lan,low,public,1,0,5.2,0.805,0,0,0,0,173,11,17,3,partial,60.8,high
A01879,database,user_lan,low,internal,0,1,5.8,0.233,0,0,0,0,174,7,10,1,partial,39.1,medium
A01880,database,dmz,medium,confidential,1,1,6.9,0.255,0,0,0,0,8,10,19,6,full,59.3,high
A01881,database,dmz,medium,public,1,1,4.4,0.207,0,0,0,0,34,9,22,2,none,68.9,high
A01882,web_app,user_lan,high,public,1,1,6.6,0.336,0,0,0,0,9,9,22,5,full,59.5,high
A01883,workstation,server_lan,medium,confidential,0,0,5.1,0.342,0,0,0,0,53,5,10,0,full,18.5,low
A01884,cloud_vm,cloud,critical,internal,0,0,2.1,0.312,0,0,0,0,19,7,13,2,full,43.9,medium
A01885,workstation,ot,medium,internal,1,1,5.1,0.29,0,0,0,0,278,9,21,4,none,85.6,critical
A01886,workstation,ot,medium,internal,1,0,7.0,0.323,0,0,0,0,26,8,24,4,partial,42.0,medium
A01887,server,user_lan,critical,confidential,0,1,8.2,0.272,0,0,0,0,41,7,7,0,full,45.5,medium
A01888,server,server_lan,low,restricted,0,0,6.2,0.176,0,0,0,0,200,6,6,0,full,26.5,medium
A01889,cloud_vm,user_lan,high,public,1,0,5.7,0.456,1,0,290,1,81,9,19,8,full,71.3,high
A01890,workstation,user_lan,low,confidential,0,0,6.5,0.214,0,0,0,0,140,4,5,0,full,13.2,low
A01891,server,user_lan,medium,public,1,1,6.0,0.384,0,0,0,0,51,9,15,2,partial,57.5,high
A01892,cloud_vm,server_lan,low,internal,0,1,6.6,0.274,0,0,0,0,7,5,10,1,full,2.1,low
A01893,database,dmz,medium,internal,1,1,6.8,0.388,0,0,0,0,5,4,23,2,full,50.8,medium
A01894,server,server_lan,high,public,1,0,6.6,0.162,0,0,0,0,59,10,17,1,full,40.3,medium
A01895,workstation,server_lan,low,public,0,0,6.6,0.302,0,0,0,0,9,8,11,2,full,1.2,low
A01896,server,dmz,low,confidential,1,0,3.2,0.4,0,0,0,0,7,7,22,2,full,34.8,medium
A01897,web_app,ot,medium,confidential,1,0,6.2,0.366,0,0,0,0,59,9,22,3,none,79.1,critical
A01898,workstation,dmz,low,restricted,0,1,7.2,0.548,0,0,0,0,55,7,3,1,full,34.0,medium
A01899,server,user_lan,medium,restricted,0,0,3.8,0.328,0,0,0,0,1,5,6,2,full,17.0,low
A01900,server,ot,critical,internal,0,0,6.9,0.124,0,0,0,0,528,7,7,0,none,50.1,medium
A01901,web_app,server_lan,low,public,1,0,5.9,0.408,0,0,0,0,52,3,15,3,none,52.8,high
A01902,server,user_lan,medium,public,1,0,4.2,0.588,0,0,0,0,275,8,11,3,full,43.0,medium
A01903,cloud_vm,user_lan,medium,internal,0,1,3.2,0.181,0,0,0,0,49,6,13,3,full,17.4,low
A01904,server,server_lan,low,restricted,0,1,5.0,0.3,0,0,0,0,238,7,9,3,full,28.1,medium
A01905,web_app,user_lan,low,internal,1,1,6.5,0.539,0,0,0,0,369,7,24,5,full,54.0,high
A01906,workstation,cloud,high,public,1,0,8.0,0.714,0,0,0,0,58,6,25,4,full,61.4,high
A01907,workstation,cloud,medium,internal,1,0,6.3,0.18,0,0,0,0,55,8,16,1,full,32.8,medium
A01908,server,cloud,high,restricted,1,1,7.0,0.36,0,0,0,0,22,11,20,2,full,85.7,critical
A01909,cloud_vm,ot,medium,internal,0,0,9.3,0.228,0,0,0,0,31,4,10,0,partial,29.3,medium
A01910,cloud_vm,server_lan,medium,confidential,1,0,6.1,0.41,0,0,0,0,24,7,24,4,partial,76.4,critical
A01911,server,cloud,critical,internal,1,0,9.2,0.314,0,0,0,0,547,8,20,3,full,69.6,high
A01912,server,user_lan,high,internal,0,0,6.3,0.327,0,0,0,0,374,9,8,0,full,31.9,medium
A01913,cloud_vm,user_lan,critical,internal,1,0,8.4,0.521,0,0,0,0,37,8,24,3,full,61.6,high
A01914,database,cloud,low,confidential,0,1,8.9,0.392,0,0,0,0,29,6,13,1,full,24.3,medium
A01915,server,cloud,critical,confidential,1,0,7.5,0.391,0,0,0,0,8,12,14,2,full,56.7,high
A01916,server,cloud,high,internal,1,1,6.5,0.491,0,0,0,0,9,9,26,1,partial,69.7,high
A01917,web_app,server_lan,high,internal,1,1,5.8,0.265,0,0,0,0,54,7,20,1,partial,52.2,high
A01918,web_app,user_lan,high,public,0,1,7.9,0.227,0,0,0,0,477,7,12,0,none,44.2,medium
A01919,web_app,server_lan,critical,public,1,0,4.3,0.426,0,0,0,0,336,8,23,4,full,64.5,high
A01920,firewall,user_lan,medium,public,0,0,7.0,0.84,0,0,0,0,479,2,9,2,full,29.6,medium
A01921,database,cloud,high,public,1,1,4.2,0.396,0,0,0,0,42,12,26,1,full,62.2,high
A01922,workstation,cloud,high,confidential,1,0,5.8,0.414,0,0,0,0,181,9,27,5,full,67.3,high
A01923,database,user_lan,high,confidential,0,1,5.1,0.285,0,0,0,0,281,2,10,1,full,19.5,low
A01924,workstation,user_lan,high,confidential,0,0,8.1,0.341,0,0,0,0,11,7,9,1,full,16.6,low
A01925,server,server_lan,low,confidential,1,1,3.7,0.198,0,0,0,0,719,10,23,3,full,46.8,medium
A01926,server,server_lan,medium,restricted,1,0,7.2,0.426,1,0,58,1,87,9,24,8,partial,74.5,critical
A01927,workstation,server_lan,medium,restricted,1,0,5.0,0.471,0,0,0,0,21,5,20,4,partial,67.1,high
A01928,web_app,ot,high,internal,1,1,5.7,0.281,0,0,0,0,18,7,18,4,none,79.1,critical
A01929,server,server_lan,high,public,1,0,7.0,0.46,0,0,0,0,32,10,18,1,full,45.0,medium
A01930,workstation,ot,high,public,0,0,6.8,0.418,1,0,373,1,255,4,10,5,partial,60.7,high
A01931,web_app,server_lan,high,restricted,1,0,4.6,0.429,0,0,0,0,53,8,16,8,full,64.0,high
A01932,web_app,cloud,medium,public,1,0,7.4,0.123,0,0,0,0,194,8,21,2,full,38.0,medium
A01933,cloud_vm,user_lan,low,internal,0,0,7.0,0.261,0,0,0,0,521,3,16,0,full,11.7,low
A01934,cloud_vm,user_lan,medium,internal,1,1,8.1,0.197,1,1,307,1,157,11,13,7,full,92.7,critical
A01935,web_app,user_lan,critical,confidential,1,1,5.9,0.221,0,0,0,0,530,12,22,3,full,71.3,high
A01936,server,user_lan,high,confidential,0,0,6.6,0.331,0,0,0,0,30,8,10,1,full,45.6,medium
A01937,database,ot,critical,confidential,1,1,4.1,0.577,0,0,0,0,54,3,26,3,full,49.1,medium
A01938,web_app,user_lan,critical,confidential,1,0,5.8,0.223,0,0,0,0,4,9,22,2,partial,62.6,high
A01939,workstation,dmz,medium,restricted,1,0,8.5,0.379,0,0,0,0,10,9,28,3,partial,67.0,high
A01940,server,server_lan,high,public,1,0,5.0,0.389,0,0,0,0,54,8,22,6,full,38.0,medium
A01941,server,user_lan,medium,restricted,0,1,9.3,0.368,1,1,279,1,86,4,9,2,full,52.7,high
A01942,workstation,user_lan,medium,confidential,0,1,7.6,0.228,0,0,0,0,27,3,9,0,full,15.1,low
A01943,workstation,user_lan,low,internal,0,1,7.5,0.464,0,0,0,0,30,5,6,1,full,23.0,low
A01944,server,user_lan,low,restricted,0,1,3.1,0.211,0,0,0,0,627,3,5,1,partial,25.0,medium
A01945,cloud_vm,server_lan,low,restricted,1,0,8.6,0.182,0,0,0,0,91,9,19,5,full,45.5,medium
A01946,firewall,cloud,medium,restricted,0,0,6.8,0.511,0,0,0,0,706,7,10,0,partial,47.1,medium
A01947,server,cloud,low,restricted,0,1,4.8,0.293,0,0,0,0,104,4,8,1,full,35.5,medium
A01948,firewall,user_lan,medium,internal,0,0,4.6,0.331,0,0,0,0,174,6,8,0,partial,7.6,low
A01949,server,user_lan,medium,internal,1,1,4.9,0.461,0,0,0,0,345,6,18,1,full,33.2,medium
A01950,firewall,cloud,medium,public,0,0,5.1,0.499,0,0,0,0,321,3,5,0,none,23.9,medium
A01951,firewall,user_lan,high,restricted,1,0,5.4,0.51,0,0,0,0,524,8,27,5,full,72.6,critical
A01952,server,ot,medium,confidential,1,1,4.8,0.519,1,0,380,1,69,8,24,3,full,68.3,high
A01953,cloud_vm,dmz,low,restricted,0,0,7.2,0.6,1,0,216,1,711,4,8,4,full,42.2,medium
A01954,firewall,user_lan,critical,restricted,1,1,3.4,0.198,0,0,0,0,575,6,25,3,partial,86.6,critical
A01955,cloud_vm,user_lan,high,confidential,1,1,6.5,0.708,0,0,0,0,48,11,28,4,full,64.6,high
A01956,firewall,user_lan,high,public,0,0,5.7,0.153,0,0,0,0,699,6,12,1,partial,35.3,medium
A01957,database,server_lan,high,public,1,0,7.9,0.329,0,0,0,0,24,7,19,4,full,44.3,medium
A01958,server,user_lan,low,internal,0,0,3.3,0.424,0,0,0,0,39,10,9,1,full,2.6,low
A01959,cloud_vm,server_lan,high,confidential,1,0,4.1,0.081,1,1,712,1,24,10,21,6,partial,99.5,critical
A01960,web_app,ot,low,public,0,0,3.8,0.524,0,0,0,0,621,3,5,1,partial,28.7,medium
A01961,web_app,server_lan,medium,restricted,1,0,6.8,0.265,0,0,0,0,310,10,27,2,partial,70.1,high
A01962,workstation,server_lan,low,confidential,0,0,5.2,0.197,0,0,0,0,704,2,9,2,partial,31.1,medium
A01963,database,user_lan,high,internal,1,1,5.2,0.143,0,0,0,0,515,10,18,5,full,64.1,high
A01964,server,server_lan,low,restricted,1,0,2.4,0.511,0,0,0,0,29,5,19,4,partial,36.1,medium
A01965,web_app,dmz,low,confidential,1,0,5.8,0.207,0,0,0,0,573,12,26,2,full,46.6,medium
A01966,server,user_lan,low,confidential,1,1,4.7,0.377,0,0,0,0,213,8,28,5,full,59.4,high
A01967,web_app,user_lan,high,internal,0,0,7.6,0.304,0,0,0,0,393,6,6,3,full,39.1,medium
A01968,cloud_vm,server_lan,low,internal,1,1,6.2,0.291,0,0,0,0,529,7,18,2,full,61.1,high
A01969,database,user_lan,medium,public,1,1,5.0,0.166,0,0,0,0,59,7,16,5,full,38.5,medium
A01970,database,user_lan,medium,internal,1,1,6.4,0.353,0,0,0,0,55,9,15,2,none,77.6,critical
A01971,workstation,cloud,high,confidential,1,0,4.8,0.316,0,0,0,0,97,7,19,2,full,38.6,medium
A01972,firewall,server_lan,low,restricted,1,0,1.8,0.114,0,0,0,0,8,9,16,4,partial,46.6,medium
A01973,web_app,server_lan,critical,restricted,1,0,8.4,0.342,1,0,101,1,223,11,27,3,full,73.9,critical
A01974,workstation,ot,medium,public,1,0,5.7,0.286,0,0,0,0,27,13,14,2,none,61.2,high
A01975,server,user_lan,low,restricted,0,1,5.8,0.272,0,0,0,0,32,3,8,0,full,25.3,medium
A01976,server,dmz,low,public,1,0,6.6,0.364,0,0,0,0,19,8,24,3,full,25.7,medium
A01977,database,cloud,low,public,1,0,3.1,0.258,0,0,0,0,11,7,15,3,full,31.4,medium
A01978,firewall,server_lan,medium,confidential,1,0,7.1,0.29,0,0,0,0,335,11,25,3,full,35.6,medium
A01979,web_app,cloud,low,restricted,1,0,6.5,0.301,0,0,0,0,4,10,23,2,partial,50.6,medium
A01980,server,user_lan,critical,restricted,1,0,4.9,0.089,0,0,0,0,23,8,19,2,partial,67.9,high
A01981,cloud_vm,ot,medium,confidential,1,1,6.0,0.341,0,0,0,0,58,9,16,3,partial,64.8,high
A01982,workstation,ot,low,public,1,0,3.8,0.401,0,0,0,0,614,15,17,5,none,55.6,high
A01983,cloud_vm,server_lan,medium,public,0,1,9.0,0.309,1,1,415,1,30,4,13,2,partial,44.5,medium
A01984,workstation,cloud,low,public,0,0,6.7,0.478,0,0,0,0,395,2,5,0,full,0.0,low
A01985,web_app,server_lan,low,confidential,1,0,6.9,0.226,0,0,0,0,28,6,19,5,full,33.8,medium
A01986,firewall,user_lan,medium,internal,1,1,8.7,0.246,0,0,0,0,377,6,28,2,full,47.6,medium
A01987,workstation,user_lan,low,public,1,1,7.8,0.657,0,0,0,0,613,6,16,9,full,62.1,high
A01988,web_app,dmz,low,internal,1,0,7.7,0.455,0,0,0,0,686,5,22,5,full,40.2,medium
A01989,firewall,dmz,critical,confidential,1,0,6.8,0.25,0,0,0,0,40,7,22,3,full,52.3,high
A01990,server,dmz,high,confidential,1,0,4.6,0.198,0,0,0,0,66,7,23,5,full,63.0,high
A01991,server,dmz,critical,internal,1,1,5.2,0.09,0,0,0,0,2,6,25,6,full,82.6,critical
A01992,web_app,server_lan,low,internal,1,0,9.2,0.388,1,0,110,0,4,9,16,5,full,41.0,medium
A01993,workstation,ot,high,confidential,0,0,6.4,0.284,0,0,0,0,625,6,4,0,none,52.0,high
A01994,server,user_lan,medium,confidential,1,0,6.7,0.323,0,0,0,0,492,11,18,3,full,65.8,high
A01995,database,cloud,low,internal,0,1,4.5,0.353,0,0,0,0,659,6,3,1,full,20.6,low
A01996,cloud_vm,cloud,high,public,1,0,7.5,0.446,0,0,0,0,58,12,19,2,full,46.3,medium
A01997,workstation,cloud,low,restricted,1,0,5.2,0.312,1,1,686,0,4,9,25,6,full,68.2,high
A01998,workstation,server_lan,medium,confidential,0,0,8.6,0.329,0,0,0,0,48,5,14,1,full,26.3,medium
A01999,cloud_vm,cloud,high,public,1,1,8.7,0.618,1,0,431,1,22,9,28,3,partial,91.9,critical
A02000,database,cloud,medium,confidential,1,0,6.2,0.239,0,0,0,0,17,13,24,3,none,79.4,critical
A02001,cloud_vm,cloud,medium,confidential,1,0,8.0,0.238,0,0,0,0,49,9,24,2,full,67.7,high
A02002,workstation,ot,medium,public,1,0,4.8,0.207,0,0,0,0,17,10,15,6,partial,45.6,medium
A02003,firewall,user_lan,low,public,1,1,3.3,0.106,0,0,0,0,11,10,23,2,partial,50.4,medium
A02004,web_app,user_lan,critical,restricted,1,1,5.4,0.445,0,0,0,0,30,10,24,3,full,47.0,medium
A02005,server,cloud,low,internal,1,1,9.1,0.254,0,0,0,0,23,15,20,1,partial,55.6,high
A02006,cloud_vm,user_lan,low,public,0,1,6.1,0.254,0,0,0,0,445,3,7,1,full,0.0,low
A02007,database,cloud,low,confidential,1,1,8.3,0.4,0,0,0,0,1,10,18,2,partial,93.3,critical
A02008,server,dmz,critical,internal,0,0,6.2,0.24,1,0,478,1,112,7,10,5,full,68.1,high
A02009,server,dmz,high,confidential,1,0,5.5,0.144,0,0,0,0,81,7,28,1,full,41.4,medium
A02010,web_app,user_lan,medium,internal,0,0,4.1,0.108,0,0,0,0,48,4,5,0,partial,2.3,low
A02011,server,dmz,critical,public,1,0,8.0,0.311,0,0,0,0,48,13,20,5,full,50.4,medium
A02012,workstation,ot,low,public,1,1,6.7,0.253,0,0,0,0,6,11,26,0,none,57.7,high
A02013,server,dmz,critical,restricted,1,1,4.5,0.482,0,0,0,0,18,10,21,6,full,82.1,critical
A02014,workstation,user_lan,low,confidential,1,0,4.7,0.502,0,0,0,0,49,9,11,5,full,29.7,medium
A02015,workstation,server_lan,medium,confidential,1,0,5.7,0.458,0,0,0,0,28,7,16,8,partial,64.7,high
A02016,database,ot,low,public,1,1,8.4,0.674,0,0,0,0,52,8,25,4,none,69.2,high
A02017,workstation,server_lan,critical,confidential,1,0,5.2,0.169,1,0,493,1,56,16,22,7,full,70.4,high
A02018,server,dmz,critical,internal,1,0,4.8,0.239,0,0,0,0,324,4,19,6,partial,79.0,critical
A02019,web_app,dmz,medium,confidential,1,0,5.2,0.256,0,0,0,0,76,6,23,3,partial,47.8,medium
A02020,workstation,user_lan,low,internal,0,0,4.7,0.329,0,0,0,0,606,4,8,1,partial,0.0,low
A02021,web_app,ot,low,confidential,1,0,5.8,0.297,0,0,0,0,591,9,16,3,none,69.1,high
A02022,server,ot,medium,public,1,0,7.3,0.172,0,0,0,0,47,9,27,6,full,45.4,medium
A02023,server,server_lan,medium,public,0,0,8.5,0.334,0,0,0,0,17,6,17,5,full,50.7,medium
A02024,workstation,user_lan,low,confidential,0,0,6.3,0.664,0,0,0,0,53,4,9,2,full,30.7,medium
A02025,workstation,dmz,high,public,1,0,6.7,0.475,0,0,0,0,26,7,17,4,full,53.3,high
A02026,workstation,user_lan,medium,public,1,0,6.6,0.125,1,0,133,0,13,7,25,2,full,28.4,medium
A02027,cloud_vm,user_lan,critical,restricted,1,0,4.7,0.235,0,0,0,0,10,8,27,4,partial,67.0,high
A02028,workstation,server_lan,medium,internal,1,1,2.7,0.398,0,0,0,0,10,11,23,3,full,33.6,medium
A02029,database,user_lan,medium,confidential,0,1,8.0,0.319,0,0,0,0,717,8,10,2,none,67.2,high
A02030,web_app,cloud,medium,confidential,1,0,5.3,0.292,0,0,0,0,455,11,15,2,partial,51.1,medium
A02031,server,dmz,low,confidential,1,0,7.0,0.21,0,0,0,0,123,11,24,4,full,66.3,high
A02032,database,server_lan,medium,public,1,1,6.4,0.526,0,0,0,0,52,10,22,6,full,60.4,high
A02033,workstation,server_lan,high,confidential,0,0,7.4,0.319,0,0,0,0,53,1,8,3,full,28.1,medium
A02034,workstation,dmz,low,internal,1,0,6.7,0.433,0,0,0,0,109,7,21,5,full,43.1,medium
A02035,server,server_lan,medium,internal,1,1,7.9,0.512,1,1,441,1,536,6,20,5,full,72.8,critical
A02036,cloud_vm,user_lan,high,confidential,0,1,3.8,0.32,0,0,0,0,513,4,7,0,full,38.8,medium
A02037,firewall,dmz,medium,restricted,1,0,5.3,0.436,0,0,0,0,646,9,26,3,full,38.4,medium
A02038,server,cloud,medium,public,0,1,7.6,0.732,0,0,0,0,25,6,13,0,full,29.3,medium
A02039,web_app,cloud,high,public,1,1,6.4,0.384,0,0,0,0,57,8,21,2,full,66.8,high
A02040,cloud_vm,ot,medium,confidential,0,0,7.9,0.278,0,0,0,0,18,5,13,1,full,30.4,medium
A02041,workstation,user_lan,low,internal,1,0,5.3,0.185,0,0,0,0,367,9,20,6,full,52.0,high
A02042,cloud_vm,server_lan,high,confidential,1,1,3.9,0.558,0,0,0,0,237,15,22,3,full,74.3,critical
A02043,web_app,dmz,critical,public,1,1,8.8,0.394,0,0,0,0,285,9,22,4,full,74.6,critical
A02044,firewall,server_lan,low,public,1,0,4.8,0.122,0,0,0,0,127,5,19,3,full,24.7,medium
A02045,firewall,ot,low,confidential,0,0,6.9,0.306,0,0,0,0,41,9,13,0,partial,27.0,medium
A02046,server,ot,high,restricted,1,1,2.2,0.533,0,0,0,0,25,9,22,3,partial,68.2,high
A02047,workstation,server_lan,medium,public,1,0,5.1,0.248,0,0,0,0,42,8,19,5,full,18.7,low
A02048,database,server_lan,medium,restricted,1,0,6.9,0.164,0,0,0,0,34,13,25,5,partial,63.1,high
A02049,server,user_lan,medium,internal,0,0,3.1,0.289,0,0,0,0,411,9,10,1,partial,37.1,medium
A02050,workstation,server_lan,high,public,0,0,3.3,0.141,0,0,0,0,11,3,2,3,full,2.3,low
A02051,firewall,ot,medium,internal,0,0,4.9,0.307,0,0,0,0,381,8,7,0,none,27.8,medium
A02052,server,server_lan,low,internal,1,0,8.6,0.287,0,0,0,0,348,7,20,1,full,42.8,medium
A02053,workstation,server_lan,low,confidential,1,1,4.1,0.34,0,0,0,0,40,9,25,7,partial,66.0,high
A02054,cloud_vm,user_lan,medium,internal,1,0,5.9,0.346,0,0,0,0,41,2,17,6,full,42.4,medium
A02055,workstation,dmz,critical,internal,0,0,5.6,0.359,0,0,0,0,52,1,2,0,partial,20.6,low
A02056,database,server_lan,medium,public,1,1,5.3,0.586,0,0,0,0,28,9,25,4,full,80.9,critical
A02057,firewall,cloud,medium,confidential,0,1,6.2,0.584,1,0,198,1,712,5,3,3,full,55.7,high
A02058,database,server_lan,critical,restricted,0,1,5.5,0.502,0,0,0,0,434,4,6,2,partial,85.0,critical
A02059,server,user_lan,medium,internal,0,0,7.4,0.209,0,0,0,0,30,6,7,2,full,39.9,medium
A02060,server,server_lan,medium,internal,0,0,6.1,0.203,0,0,0,0,522,2,10,1,full,16.7,low
A02061,firewall,server_lan,low,restricted,1,0,8.6,0.315,0,0,0,0,2,9,32,3,full,68.2,high
A02062,workstation,dmz,high,public,1,0,8.7,0.376,0,0,0,0,634,6,21,3,partial,63.5,high
A02063,database,server_lan,high,confidential,1,1,4.3,0.251,0,0,0,0,76,10,28,4,full,51.7,high
A02064,server,dmz,high,confidential,1,0,3.9,0.405,0,0,0,0,459,10,20,1,full,57.3,high
A02065,workstation,server_lan,medium,restricted,0,0,7.4,0.353,0,0,0,0,438,3,6,1,partial,32.1,medium
A02066,firewall,cloud,medium,internal,1,1,6.2,0.326,0,0,0,0,8,7,22,4,partial,62.8,high
A02067,database,user_lan,low,internal,0,0,7.3,0.347,0,0,0,0,50,3,8,1,partial,23.9,medium
A02068,firewall,ot,critical,internal,0,0,5.7,0.185,0,0,0,0,157,9,7,0,full,28.7,medium
A02069,workstation,user_lan,low,public,1,0,6.3,0.177,0,0,0,0,36,5,16,6,full,33.0,medium
A02070,database,user_lan,high,public,1,1,7.7,0.305,0,0,0,0,701,17,20,1,full,72.2,critical
A02071,cloud_vm,user_lan,high,restricted,1,1,4.4,0.307,0,0,0,0,488,10,13,6,full,80.6,critical
A02072,workstation,server_lan,low,internal,1,0,6.7,0.384,0,0,0,0,109,8,12,3,partial,41.7,medium
A02073,workstation,server_lan,medium,public,0,0,6.5,0.256,0,0,0,0,45,4,5,3,partial,31.0,medium
A02074,cloud_vm,user_lan,low,internal,0,0,9.3,0.36,0,0,0,0,616,5,12,1,partial,31.9,medium
A02075,workstation,cloud,medium,internal,0,0,6.0,0.566,0,0,0,0,9,2,5,0,partial,26.0,medium
A02076,database,user_lan,critical,internal,1,1,7.6,0.412,0,0,0,0,4,9,19,4,full,63.5,high
A02077,firewall,server_lan,medium,public,0,0,5.4,0.228,0,0,0,0,544,3,8,1,partial,16.4,low
A02078,server,ot,critical,confidential,1,0,6.1,0.197,0,0,0,0,564,6,26,4,partial,80.5,critical
A02079,workstation,dmz,low,confidential,0,0,8.7,0.242,0,0,0,0,18,4,7,3,full,9.6,low
A02080,server,ot,medium,public,0,1,8.4,0.204,0,0,0,0,670,4,10,2,none,46.5,medium
A02081,workstation,cloud,critical,confidential,0,0,6.5,0.301,0,0,0,0,35,4,8,0,full,26.4,medium
A02082,server,cloud,high,internal,1,1,3.5,0.47,0,0,0,0,46,12,20,4,full,51.4,high
A02083,web_app,cloud,medium,internal,0,1,3.8,0.342,0,0,0,0,174,2,15,1,partial,34.5,medium
A02084,server,server_lan,high,restricted,1,1,8.4,0.634,0,0,0,0,526,14,27,1,full,75.4,critical
A02085,web_app,user_lan,critical,restricted,1,1,5.3,0.263,0,0,0,0,46,5,34,1,full,77.0,critical
A02086,workstation,cloud,high,internal,1,0,7.5,0.297,0,0,0,0,51,4,27,4,partial,64.4,high
A02087,workstation,cloud,medium,internal,1,0,5.6,0.196,1,1,173,1,137,2,13,5,full,45.6,medium
A02088,workstation,server_lan,low,internal,1,1,4.9,0.171,0,0,0,0,49,5,16,3,full,49.0,medium
A02089,web_app,server_lan,low,internal,1,1,7.2,0.459,0,0,0,0,48,15,23,5,full,63.4,high
A02090,database,server_lan,medium,confidential,0,0,5.5,0.631,0,0,0,0,34,4,10,1,none,29.9,medium
A02091,workstation,user_lan,medium,public,0,0,4.8,0.24,0,0,0,0,192,4,6,1,full,18.8,low
A02092,cloud_vm,user_lan,low,restricted,0,0,6.6,0.222,0,0,0,0,6,8,9,0,full,21.8,low
A02093,database,cloud,low,confidential,0,0,7.0,0.239,0,0,0,0,25,3,10,0,partial,35.5,medium
A02094,server,cloud,medium,public,1,1,5.3,0.239,0,0,0,0,46,10,37,3,partial,52.5,high
A02095,cloud_vm,user_lan,medium,restricted,0,0,6.8,0.374,0,0,0,0,271,1,5,0,full,37.7,medium
A02096,workstation,server_lan,medium,confidential,0,0,5.4,0.566,0,0,0,0,9,4,4,0,full,4.6,low
A02097,server,user_lan,medium,internal,1,0,6.8,0.804,0,0,0,0,148,8,24,5,full,51.2,medium
A02098,database,server_lan,low,internal,0,0,7.8,0.142,0,0,0,0,387,12,8,5,none,43.2,medium
A02099,server,server_lan,high,restricted,0,0,8.2,0.432,0,0,0,0,1,4,8,1,partial,42.4,medium
A02100,server,dmz,medium,restricted,1,1,5.8,0.206,0,0,0,0,8,11,22,3,partial,74.9,critical
A02101,cloud_vm,server_lan,low,internal,0,1,6.0,0.124,0,0,0,0,46,3,7,2,full,21.0,low
A02102,server,server_lan,medium,confidential,1,1,6.8,0.274,0,0,0,0,623,9,9,2,full,67.7,high
A02103,cloud_vm,user_lan,medium,restricted,0,0,7.6,0.292,0,0,0,0,40,3,12,0,full,20.2,low
A02104,firewall,dmz,medium,restricted,1,0,4.5,0.321,0,0,0,0,33,10,16,4,full,58.1,high
A02105,web_app,server_lan,medium,public,1,1,8.6,0.51,0,0,0,0,20,5,25,5,partial,51.5,high
A02106,web_app,dmz,high,internal,1,0,4.1,0.355,0,0,0,0,19,8,16,2,full,40.0,medium
A02107,web_app,user_lan,high,restricted,0,0,5.2,0.633,1,1,224,0,16,6,9,0,full,40.0,medium
A02108,firewall,user_lan,low,public,1,1,6.0,0.14,0,0,0,0,41,4,18,3,partial,28.8,medium
A02109,workstation,server_lan,medium,internal,0,0,7.4,0.282,0,0,0,0,53,1,6,0,partial,13.9,low
A02110,server,server_lan,low,confidential,0,1,6.6,0.201,0,0,0,0,5,4,5,2,full,38.1,medium
A02111,database,ot,medium,internal,1,0,6.6,0.275,1,0,323,0,16,18,26,7,partial,73.7,critical
A02112,database,user_lan,medium,confidential,0,0,7.6,0.335,0,0,0,0,644,3,6,1,partial,21.2,low
A02113,server,user_lan,high,public,1,1,6.2,0.392,0,0,0,0,127,6,27,4,full,44.2,medium
A02114,web_app,user_lan,low,confidential,1,0,5.2,0.334,0,0,0,0,17,20,19,5,full,52.9,high
A02115,server,cloud,medium,internal,1,0,4.8,0.308,0,0,0,0,50,9,21,4,full,56.6,high
A02116,firewall,cloud,medium,confidential,1,1,5.4,0.567,0,0,0,0,33,2,27,3,partial,74.4,critical
A02117,workstation,server_lan,medium,internal,1,1,2.0,0.162,0,0,0,0,16,12,22,2,full,45.4,medium
A02118,server,user_lan,high,public,0,0,3.9,0.134,0,0,0,0,42,6,9,0,full,5.7,low
A02119,server,server_lan,low,restricted,0,0,6.2,0.387,0,0,0,0,289,3,11,1,full,16.6,low
A02120,workstation,user_lan,medium,confidential,0,0,6.9,0.307,0,0,0,0,366,3,4,2,full,20.1,low
A02121,workstation,server_lan,medium,internal,0,0,5.6,0.313,0,0,0,0,428,4,10,1,partial,20.8,low
A02122,server,dmz,high,internal,0,0,3.7,0.28,0,0,0,0,38,3,7,4,partial,34.4,medium
A02123,workstation,ot,low,confidential,0,0,4.2,0.175,1,0,224,1,47,7,5,4,none,63.9,high
A02124,server,cloud,critical,restricted,1,1,7.6,0.342,0,0,0,0,723,8,22,4,full,68.0,high
A02125,workstation,server_lan,critical,internal,1,0,6.6,0.238,0,0,0,0,14,8,16,5,full,62.6,high
A02126,workstation,ot,high,restricted,1,0,6.7,0.227,0,0,0,0,0,5,14,6,none,88.4,critical
A02127,workstation,server_lan,low,internal,1,0,7.5,0.38,0,0,0,0,96,13,20,6,full,41.1,medium
A02128,workstation,user_lan,high,confidential,1,1,5.5,0.26,0,0,0,0,656,11,24,4,full,71.6,high
A02129,server,cloud,low,internal,1,0,5.4,0.559,0,0,0,0,32,10,25,4,full,23.2,low
A02130,server,server_lan,high,public,0,1,7.8,0.285,0,0,0,0,3,3,10,0,full,30.2,medium
A02131,server,user_lan,medium,restricted,0,0,6.0,0.3,0,0,0,0,40,4,10,0,full,23.0,low
A02132,cloud_vm,user_lan,low,public,1,1,8.4,0.177,0,0,0,0,435,5,24,2,full,56.0,high
A02133,firewall,dmz,medium,restricted,1,0,3.9,0.148,0,0,0,0,4,10,18,4,partial,48.4,medium
A02134,firewall,user_lan,high,public,1,0,4.8,0.423,0,0,0,0,5,3,25,4,full,36.5,medium
A02135,database,server_lan,high,internal,1,0,6.0,0.367,0,0,0,0,40,16,28,2,full,53.3,high
A02136,database,user_lan,medium,restricted,1,0,9.1,0.228,0,0,0,0,463,5,24,2,full,48.8,medium
A02137,workstation,dmz,medium,confidential,0,1,7.1,0.538,0,0,0,0,446,2,4,1,full,31.3,medium
A02138,cloud_vm,server_lan,high,public,1,1,8.3,0.832,1,0,498,1,80,8,18,6,full,84.4,critical
A02139,cloud_vm,user_lan,high,confidential,0,1,3.8,0.218,0,0,0,0,2,5,11,0,full,41.6,medium
A02140,cloud_vm,server_lan,high,public,1,0,6.5,0.225,0,0,0,0,36,10,20,0,partial,53.5,high
A02141,cloud_vm,user_lan,medium,restricted,0,0,6.5,0.119,0,0,0,0,523,3,5,0,partial,25.0,medium
A02142,workstation,user_lan,high,public,0,1,7.9,0.565,0,0,0,0,51,4,6,0,partial,39.5,medium
A02143,cloud_vm,cloud,high,internal,0,0,7.1,0.242,0,0,0,0,264,6,10,1,full,39.1,medium
A02144,cloud_vm,dmz,low,public,1,0,9.3,0.201,1,0,393,0,21,4,30,5,partial,79.9,critical
A02145,workstation,cloud,medium,confidential,0,0,5.2,0.088,0,0,0,0,16,2,6,0,partial,12.3,low
A02146,firewall,cloud,low,restricted,1,1,7.0,0.247,0,0,0,0,3,11,23,1,none,81.8,critical
A02147,server,server_lan,medium,confidential,0,0,5.8,0.124,0,0,0,0,344,3,12,1,full,14.3,low
A02148,firewall,cloud,high,internal,1,0,5.0,0.457,0,0,0,0,481,6,22,5,full,52.6,high
A02149,cloud_vm,cloud,low,internal,1,0,6.2,0.318,0,0,0,0,42,8,18,4,full,30.6,medium
A02150,server,user_lan,medium,public,0,0,7.5,0.812,0,0,0,0,87,3,7,1,full,15.4,low
A02151,web_app,user_lan,low,restricted,0,1,4.2,0.382,0,0,0,0,14,4,7,1,full,24.8,medium
A02152,server,cloud,critical,public,0,0,6.1,0.491,0,0,0,0,344,5,6,2,full,19.4,low
A02153,cloud_vm,ot,high,confidential,1,0,8.6,0.574,0,0,0,0,24,3,30,3,full,62.1,high
A02154,cloud_vm,user_lan,medium,internal,0,1,4.7,0.211,0,0,0,0,57,6,8,2,partial,22.0,low
A02155,web_app,cloud,high,restricted,1,0,3.6,0.499,0,0,0,0,26,10,24,1,none,91.3,critical
A02156,cloud_vm,cloud,low,internal,1,0,6.1,0.237,0,0,0,0,59,7,22,2,full,36.0,medium
A02157,server,cloud,high,internal,1,0,5.1,0.366,0,0,0,0,36,11,22,5,partial,79.5,critical
A02158,workstation,ot,high,restricted,1,1,5.3,0.445,0,0,0,0,394,13,23,2,full,71.1,high
A02159,workstation,server_lan,low,restricted,1,0,7.1,0.14,0,0,0,0,83,9,20,4,partial,64.9,high
A02160,server,server_lan,critical,confidential,0,1,4.1,0.18,0,0,0,0,601,2,4,1,full,44.4,medium
A02161,workstation,user_lan,low,confidential,1,1,5.8,0.238,0,0,0,0,52,8,16,3,full,35.7,medium
A02162,workstation,user_lan,medium,confidential,0,1,3.8,0.204,0,0,0,0,36,2,4,1,full,46.0,medium
A02163,workstation,user_lan,low,internal,1,1,4.8,0.236,0,0,0,0,3,6,21,1,full,35.0,medium
A02164,workstation,cloud,high,public,0,0,6.1,0.259,0,0,0,0,30,4,11,0,full,1.4,low
A02165,cloud_vm,ot,low,confidential,1,1,5.0,0.312,0,0,0,0,320,16,22,3,none,84.2,critical
A02166,workstation,server_lan,low,confidential,1,1,5.0,0.198,0,0,0,0,256,7,17,4,partial,50.9,medium
A02167,cloud_vm,user_lan,medium,public,0,1,6.6,0.15,0,0,0,0,56,5,4,1,full,10.0,low
A02168,workstation,server_lan,critical,internal,0,0,7.6,0.289,0,0,0,0,42,1,6,1,full,5.3,low
A02169,workstation,user_lan,low,confidential,0,0,6.0,0.236,0,0,0,0,37,3,9,0,full,0.0,low
A02170,database,dmz,medium,public,1,1,6.8,0.409,0,0,0,0,54,9,32,3,full,47.2,medium
A02171,workstation,user_lan,medium,confidential,0,0,8.5,0.277,0,0,0,0,28,3,6,0,full,18.5,low
A02172,workstation,user_lan,high,confidential,0,1,8.2,0.544,0,0,0,0,123,4,12,0,full,41.5,medium
A02173,database,cloud,low,internal,0,0,4.4,0.276,0,0,0,0,527,2,10,1,full,4.7,low
A02174,server,user_lan,medium,internal,1,1,6.8,0.599,0,0,0,0,230,6,21,4,full,40.5,medium
A02175,workstation,server_lan,critical,internal,1,1,8.5,0.23,1,0,285,1,50,14,25,2,full,79.1,critical
A02176,database,dmz,medium,internal,1,1,3.5,0.211,0,0,0,0,493,9,33,3,partial,70.6,high
A02177,workstation,dmz,medium,confidential,1,1,5.7,0.438,0,0,0,0,566,9,34,2,full,65.4,high
A02178,cloud_vm,ot,critical,confidential,1,1,5.6,0.201,0,0,0,0,54,6,20,2,none,95.5,critical
A02179,workstation,ot,medium,restricted,1,0,5.3,0.119,0,0,0,0,34,9,30,4,none,81.6,critical
A02180,firewall,server_lan,medium,public,0,1,5.0,0.414,0,0,0,0,319,1,8,0,full,29.5,medium
A02181,cloud_vm,server_lan,medium,confidential,0,1,8.4,0.486,0,0,0,0,37,8,6,3,full,48.6,medium
A02182,firewall,user_lan,high,internal,0,0,4.6,0.301,0,0,0,0,26,5,11,0,full,30.6,medium
A02183,cloud_vm,user_lan,critical,confidential,0,0,4.5,0.255,0,0,0,0,52,6,9,0,full,27.6,medium
A02184,server,server_lan,medium,public,1,0,5.1,0.444,0,0,0,0,665,5,27,5,full,60.8,high
A02185,database,dmz,medium,internal,0,1,4.8,0.19,0,0,0,0,218,7,4,0,partial,37.5,medium
A02186,server,server_lan,medium,internal,1,0,4.1,0.354,0,0,0,0,53,10,29,4,partial,47.2,medium
A02187,cloud_vm,server_lan,low,internal,1,0,6.0,0.199,0,0,0,0,411,10,21,1,full,48.8,medium
A02188,web_app,server_lan,low,restricted,1,0,5.5,0.244,0,0,0,0,722,6,20,3,none,60.8,high
A02189,workstation,server_lan,low,public,1,1,6.2,0.444,0,0,0,0,592,6,16,3,full,61.1,high
A02190,firewall,user_lan,low,public,0,0,4.6,0.146,0,0,0,0,128,4,9,1,full,21.7,low
A02191,server,user_lan,high,confidential,0,1,5.5,0.183,0,0,0,0,562,3,6,3,full,48.9,medium
A02192,database,server_lan,low,internal,1,0,5.8,0.406,0,0,0,0,18,9,11,2,none,60.1,high
A02193,web_app,user_lan,low,internal,1,0,4.9,0.176,0,0,0,0,543,9,21,0,full,40.6,medium
A02194,server,user_lan,medium,internal,1,1,7.1,0.476,0,0,0,0,2,12,26,4,full,64.3,high
A02195,web_app,cloud,low,public,1,1,5.4,0.475,0,0,0,0,202,6,28,5,full,65.4,high
A02196,cloud_vm,ot,low,restricted,0,0,8.4,0.177,0,0,0,0,641,7,7,0,partial,48.2,medium
A02197,server,dmz,low,confidential,1,1,7.2,0.327,0,0,0,0,108,4,23,4,full,45.0,medium
A02198,database,cloud,low,internal,1,1,7.9,0.565,0,0,0,0,634,8,20,1,full,43.7,medium
A02199,workstation,user_lan,medium,internal,1,0,6.1,0.301,0,0,0,0,457,3,25,1,full,22.7,low
A02200,web_app,user_lan,high,restricted,0,1,7.5,0.372,0,0,0,0,297,4,5,1,full,53.9,high
A02201,server,server_lan,high,restricted,0,0,6.8,0.523,0,0,0,0,47,7,9,0,full,31.0,medium
A02202,firewall,server_lan,high,public,0,0,3.8,0.125,0,0,0,0,9,1,9,1,full,4.9,low
A02203,cloud_vm,dmz,medium,confidential,1,1,6.8,0.249,0,0,0,0,24,5,19,1,full,65.6,high
A02204,server,ot,critical,public,1,1,3.6,0.307,0,0,0,0,302,8,19,10,none,100.0,critical
A02205,workstation,user_lan,medium,public,1,0,7.7,0.4,0,0,0,0,362,6,22,3,partial,67.9,high
A02206,web_app,server_lan,medium,restricted,0,1,8.5,0.238,0,0,0,0,6,5,9,0,partial,33.2,medium
A02207,web_app,user_lan,medium,restricted,1,1,7.7,0.257,1,0,98,0,2,8,33,5,partial,86.0,critical
A02208,workstation,dmz,medium,public,1,0,4.6,0.251,0,0,0,0,40,6,19,3,partial,51.1,medium
A02209,server,server_lan,medium,restricted,1,0,5.1,0.253,0,0,0,0,523,8,27,2,full,67.3,high
A02210,server,user_lan,low,confidential,0,1,6.1,0.178,0,0,0,0,45,3,9,0,partial,34.0,medium
A02211,firewall,user_lan,high,confidential,1,1,6.4,0.356,0,0,0,0,134,11,26,5,none,100.0,critical
A02212,workstation,cloud,low,confidential,0,0,4.5,0.318,0,0,0,0,24,6,6,1,full,13.6,low
A02213,cloud_vm,user_lan,high,internal,1,0,3.5,0.425,0,0,0,0,510,8,18,5,full,50.2,medium
A02214,database,user_lan,high,restricted,0,0,2.9,0.329,0,0,0,0,0,5,5,1,full,19.8,low
A02215,firewall,cloud,medium,public,1,0,4.6,0.361,0,0,0,0,36,6,22,2,full,37.7,medium
A02216,server,dmz,low,internal,1,1,4.8,0.207,0,0,0,0,10,7,21,3,partial,40.9,medium
A02217,server,user_lan,medium,internal,0,0,5.0,0.612,0,0,0,0,720,8,9,1,full,37.5,medium
A02218,firewall,user_lan,medium,confidential,1,0,7.8,0.251,0,0,0,0,478,7,20,2,none,85.8,critical
A02219,firewall,server_lan,critical,public,1,0,6.1,0.453,0,0,0,0,41,5,15,4,none,75.8,critical
A02220,workstation,server_lan,high,internal,1,0,6.9,0.134,0,0,0,0,23,11,26,3,partial,51.5,high
A02221,workstation,server_lan,high,confidential,1,1,6.1,0.312,0,0,0,0,44,10,27,2,full,66.9,high
A02222,workstation,server_lan,medium,internal,0,0,5.4,0.318,0,0,0,0,1,1,10,1,partial,13.5,low
A02223,workstation,user_lan,high,internal,1,0,4.8,0.318,0,0,0,0,91,6,17,5,partial,67.5,high
A02224,server,dmz,high,internal,1,0,5.9,0.412,0,0,0,0,11,9,25,8,full,56.8,high
A02225,cloud_vm,user_lan,low,confidential,1,1,3.4,0.33,0,0,0,0,613,11,23,6,full,71.5,high
A02226,workstation,dmz,low,internal,1,1,7.4,0.192,0,0,0,0,33,3,18,4,partial,50.7,medium
A02227,web_app,dmz,low,internal,1,1,5.5,0.243,0,0,0,0,54,6,24,3,full,38.2,medium
A02228,server,server_lan,medium,internal,0,1,7.6,0.308,0,0,0,0,12,5,11,0,partial,27.5,medium
A02229,server,server_lan,high,restricted,1,1,7.5,0.302,0,0,0,0,32,9,14,2,full,66.8,high
A02230,web_app,ot,medium,confidential,0,1,8.1,0.544,0,0,0,0,0,4,5,1,full,30.0,medium
A02231,workstation,server_lan,medium,public,0,1,8.9,0.209,0,0,0,0,241,3,8,0,partial,37.1,medium
A02232,web_app,server_lan,critical,restricted,1,1,6.1,0.275,0,0,0,0,23,9,19,5,full,64.6,high
A02233,server,server_lan,low,restricted,0,0,7.2,0.229,0,0,0,0,1,2,7,0,full,3.2,low
A02234,firewall,server_lan,low,confidential,0,0,7.7,0.426,0,0,0,0,651,1,5,2,partial,31.6,medium
A02235,cloud_vm,user_lan,critical,internal,0,1,4.6,0.446,0,0,0,0,727,6,7,2,full,47.3,medium
A02236,cloud_vm,cloud,critical,public,1,0,5.3,0.264,0,0,0,0,181,4,16,5,full,39.9,medium
A02237,server,server_lan,high,confidential,0,1,4.9,0.383,0,0,0,0,458,3,9,0,partial,38.1,medium
A02238,workstation,user_lan,low,internal,1,1,8.0,0.379,0,0,0,0,531,7,32,5,partial,87.4,critical
A02239,workstation,user_lan,critical,internal,0,0,3.7,0.431,0,0,0,0,12,6,7,2,full,24.9,medium
A02240,database,cloud,high,public,1,1,7.4,0.382,0,0,0,0,23,11,25,4,full,41.3,medium
A02241,workstation,user_lan,high,internal,0,0,8.0,0.192,0,0,0,0,43,4,6,0,partial,35.6,medium
A02242,server,server_lan,low,confidential,0,1,5.7,0.28,0,0,0,0,613,4,11,1,full,42.8,medium
A02243,workstation,user_lan,medium,public,1,0,7.5,0.305,0,0,0,0,55,7,26,4,full,44.5,medium
A02244,workstation,cloud,high,confidential,1,1,5.6,0.172,0,0,0,0,45,1,16,2,partial,42.7,medium
A02245,workstation,user_lan,high,confidential,0,0,7.5,0.511,0,0,0,0,217,2,8,2,full,36.2,medium
A02246,server,ot,medium,internal,1,0,4.8,0.329,0,0,0,0,240,12,24,1,none,75.4,critical
A02247,workstation,cloud,medium,public,1,1,7.8,0.156,0,0,0,0,76,6,19,1,full,39.0,medium
A02248,web_app,server_lan,high,public,1,0,5.4,0.393,1,1,163,1,35,7,19,8,partial,83.1,critical
A02249,workstation,cloud,medium,internal,0,1,7.7,0.329,0,0,0,0,222,1,12,2,full,19.3,low
A02250,workstation,user_lan,medium,confidential,0,0,6.1,0.278,0,0,0,0,556,2,6,1,full,23.8,medium
A02251,database,user_lan,low,confidential,0,1,3.7,0.166,0,0,0,0,336,1,4,1,full,16.6,low
A02252,cloud_vm,user_lan,low,restricted,0,0,7.4,0.263,0,0,0,0,39,5,6,3,full,15.5,low
A02253,workstation,cloud,high,restricted,0,0,7.1,0.267,0,0,0,0,63,2,4,1,full,37.5,medium
A02254,web_app,user_lan,low,public,0,0,7.6,0.281,0,0,0,0,395,8,12,2,partial,19.0,low
A02255,firewall,user_lan,low,confidential,0,1,7.0,0.445,0,0,0,0,11,7,7,3,full,18.0,low
A02256,database,dmz,critical,internal,1,0,6.3,0.652,0,0,0,0,19,3,23,2,partial,62.0,high
A02257,cloud_vm,user_lan,high,internal,0,0,5.4,0.493,0,0,0,0,566,5,10,0,partial,29.8,medium
A02258,cloud_vm,ot,low,internal,1,1,7.3,0.486,1,1,616,1,41,9,23,5,partial,81.3,critical
A02259,server,user_lan,medium,internal,1,0,6.3,0.654,0,0,0,0,30,6,23,1,partial,48.5,medium
A02260,workstation,dmz,high,confidential,1,0,7.8,0.282,0,0,0,0,49,7,20,3,full,50.7,medium
A02261,web_app,cloud,medium,confidential,1,0,2.7,0.226,0,0,0,0,4,6,23,5,none,71.1,high
A02262,firewall,cloud,medium,internal,0,1,5.2,0.22,0,0,0,0,27,2,14,1,partial,34.9,medium
A02263,workstation,user_lan,medium,public,0,0,9.4,0.168,0,0,0,0,24,2,9,0,full,0.0,low
A02264,server,dmz,low,confidential,1,1,2.1,0.12,0,0,0,0,645,10,25,2,full,43.8,medium
A02265,database,user_lan,high,confidential,0,0,5.3,0.432,0,0,0,0,385,1,7,3,full,31.9,medium
A02266,server,dmz,low,internal,0,1,5.0,0.18,0,0,0,0,453,5,6,1,full,28.4,medium
A02267,cloud_vm,server_lan,medium,public,0,1,4.0,0.251,0,0,0,0,31,4,8,2,full,16.6,low
A02268,database,user_lan,low,internal,1,1,5.5,0.405,0,0,0,0,29,7,33,6,none,59.9,high
A02269,web_app,ot,low,confidential,1,0,7.0,0.42,0,0,0,0,73,9,26,4,none,72.3,critical
A02270,cloud_vm,server_lan,low,confidential,1,1,8.3,0.236,0,0,0,0,48,15,17,4,full,61.7,high
A02271,web_app,cloud,high,public,1,1,7.5,0.106,0,0,0,0,39,11,16,2,full,40.5,medium
A02272,web_app,ot,low,internal,1,1,1.3,0.001,0,0,0,0,46,7,19,4,none,69.5,high
A02273,cloud_vm,dmz,low,internal,1,0,8.2,0.569,0,0,0,0,44,10,17,3,full,59.9,high
A02274,cloud_vm,server_lan,low,confidential,1,1,6.4,0.258,0,0,0,0,669,8,18,5,full,65.0,high
A02275,cloud_vm,user_lan,high,public,1,0,3.6,0.093,0,0,0,0,567,9,18,5,partial,50.2,medium
A02276,server,cloud,medium,confidential,0,1,8.1,0.347,0,0,0,0,702,5,6,2,full,38.5,medium
A02277,database,server_lan,critical,restricted,1,1,7.1,0.194,0,0,0,0,390,12,23,7,full,86.3,critical
A02278,server,user_lan,high,internal,0,1,5.2,0.269,0,0,0,0,30,1,7,1,partial,37.8,medium
A02279,cloud_vm,user_lan,medium,internal,1,1,5.0,0.28,0,0,0,0,664,11,23,4,partial,68.3,high
A02280,web_app,cloud,high,public,0,0,5.3,0.335,0,0,0,0,18,2,12,3,full,15.0,low
A02281,workstation,user_lan,low,public,0,1,4.5,0.184,0,0,0,0,509,4,3,0,full,20.7,low
A02282,server,dmz,critical,restricted,0,0,6.8,0.298,0,0,0,0,45,7,13,0,full,56.6,high
A02283,workstation,server_lan,critical,restricted,0,0,8.6,0.313,0,0,0,0,615,5,9,1,partial,34.7,medium
A02284,web_app,dmz,low,public,1,1,5.7,0.184,0,0,0,0,20,4,23,4,full,33.8,medium
A02285,server,ot,medium,restricted,1,1,5.1,0.203,0,0,0,0,12,2,25,5,none,61.5,high
A02286,server,ot,low,public,1,0,2.0,0.23,0,0,0,0,11,10,21,2,none,35.1,medium
A02287,cloud_vm,cloud,medium,confidential,0,1,4.0,0.368,0,0,0,0,235,7,4,0,full,35.7,medium
A02288,cloud_vm,dmz,high,confidential,1,0,4.4,0.241,0,0,0,0,44,8,30,4,full,58.1,high
A02289,server,user_lan,critical,internal,1,0,7.2,0.573,0,0,0,0,52,6,22,3,full,64.6,high
A02290,workstation,server_lan,medium,internal,0,1,7.0,0.225,0,0,0,0,10,3,6,1,partial,30.3,medium
A02291,firewall,server_lan,high,confidential,1,1,2.3,0.139,0,0,0,0,54,8,31,2,full,54.4,high
A02292,web_app,server_lan,high,public,0,0,4.8,0.276,0,0,0,0,478,8,9,0,full,18.7,low
A02293,web_app,cloud,low,restricted,1,1,7.2,0.216,0,0,0,0,583,13,14,2,full,71.7,high
A02294,workstation,server_lan,medium,public,1,0,5.4,0.208,0,0,0,0,9,9,20,4,partial,47.0,medium
A02295,workstation,user_lan,high,public,1,0,8.4,0.291,0,0,0,0,164,9,23,3,full,56.5,high
A02296,server,ot,high,restricted,1,0,5.8,0.34,0,0,0,0,37,12,22,4,partial,83.5,critical
A02297,web_app,user_lan,critical,internal,0,0,7.4,0.81,1,0,548,1,51,7,5,3,none,63.5,high
A02298,server,dmz,low,internal,0,1,5.7,0.154,0,0,0,0,30,4,6,1,full,24.1,medium
A02299,server,ot,low,internal,1,1,7.5,0.461,0,0,0,0,6,10,27,3,partial,60.5,high
A02300,web_app,user_lan,low,public,1,0,7.5,0.612,0,0,0,0,722,5,24,3,partial,69.2,high
A02301,firewall,user_lan,low,internal,0,0,5.3,0.467,0,0,0,0,487,4,11,1,full,21.9,low
A02302,cloud_vm,user_lan,medium,internal,1,0,7.7,0.177,0,0,0,0,15,4,28,5,full,57.9,high
A02303,database,cloud,high,internal,1,0,6.2,0.549,0,0,0,0,17,10,14,5,full,42.8,medium
A02304,database,user_lan,medium,internal,1,1,6.7,0.261,0,0,0,0,575,8,25,2,partial,70.7,high
A02305,workstation,user_lan,high,restricted,0,1,2.1,0.351,0,0,0,0,647,5,8,0,full,27.0,medium
A02306,workstation,user_lan,medium,restricted,1,0,6.4,0.382,0,0,0,0,9,8,17,1,full,49.4,medium
A02307,database,dmz,medium,internal,1,1,8.9,0.194,1,0,403,1,567,15,15,3,none,100.0,critical
A02308,workstation,cloud,high,restricted,0,1,6.6,0.576,0,0,0,0,21,9,4,0,partial,45.7,medium
A02309,web_app,dmz,high,restricted,0,1,3.7,0.093,0,0,0,0,455,4,12,1,partial,69.8,high
A02310,cloud_vm,server_lan,medium,restricted,0,1,8.2,0.333,0,0,0,0,134,4,5,1,full,24.2,medium
A02311,firewall,server_lan,critical,confidential,0,0,7.9,0.156,0,0,0,0,46,3,6,1,partial,41.0,medium
A02312,server,server_lan,medium,public,0,1,4.4,0.165,0,0,0,0,118,8,8,0,full,28.6,medium
A02313,workstation,server_lan,low,public,0,0,5.6,0.482,0,0,0,0,198,2,8,0,full,0.0,low
A02314,server,user_lan,medium,restricted,0,0,8.4,0.322,0,0,0,0,33,4,9,2,partial,42.1,medium
A02315,workstation,server_lan,high,internal,1,0,6.0,0.145,0,0,0,0,694,9,23,3,full,42.2,medium
A02316,workstation,server_lan,medium,restricted,1,1,6.5,0.623,0,0,0,0,55,7,21,2,partial,73.0,critical
A02317,server,cloud,high,confidential,0,0,9.2,0.175,0,0,0,0,678,6,10,1,full,42.4,medium
A02318,cloud_vm,ot,medium,public,0,0,7.4,0.174,0,0,0,0,186,5,7,1,none,29.3,medium
A02319,database,user_lan,medium,internal,1,0,6.7,0.243,0,0,0,0,28,16,24,2,full,40.8,medium
A02320,cloud_vm,server_lan,high,restricted,0,1,2.7,0.179,0,0,0,0,32,7,14,1,full,44.3,medium
A02321,server,dmz,medium,public,1,0,5.2,0.306,0,0,0,0,50,10,14,4,partial,48.2,medium
A02322,server,dmz,medium,confidential,1,0,6.5,0.411,0,0,0,0,450,14,29,2,partial,76.9,critical
A02323,workstation,server_lan,low,restricted,0,0,7.6,0.465,0,0,0,0,79,2,12,3,full,10.8,low
A02324,server,ot,medium,public,1,0,8.0,0.314,1,0,274,0,7,9,14,6,none,78.7,critical
A02325,workstation,cloud,medium,internal,1,0,3.3,0.304,0,0,0,0,215,9,37,2,full,53.8,high
A02326,firewall,server_lan,low,internal,0,0,9.0,0.523,0,0,0,0,146,1,9,1,full,15.8,low
A02327,server,ot,medium,restricted,0,1,6.9,0.254,0,0,0,0,1,5,10,2,partial,56.3,high
A02328,server,user_lan,low,internal,0,0,6.5,0.199,0,0,0,0,502,8,6,2,full,4.7,low
A02329,database,server_lan,low,public,0,0,3.2,0.316,0,0,0,0,23,4,11,0,none,22.0,low
A02330,database,user_lan,medium,public,1,1,7.0,0.429,1,0,390,1,115,13,21,6,none,100.0,critical
A02331,web_app,server_lan,low,internal,0,0,7.2,0.16,0,0,0,0,267,7,7,1,full,2.9,low
A02332,workstation,cloud,medium,internal,1,0,4.6,0.216,0,0,0,0,454,6,23,3,full,56.4,high
A02333,cloud_vm,server_lan,high,public,0,0,7.2,0.346,0,0,0,0,515,4,11,2,full,44.6,medium
A02334,server,user_lan,medium,restricted,0,0,4.9,0.32,0,0,0,0,404,4,8,0,full,26.9,medium
A02335,workstation,server_lan,low,public,0,0,7.7,0.335,0,0,0,0,14,3,8,0,partial,5.2,low
A02336,web_app,ot,medium,confidential,1,0,7.0,0.68,0,0,0,0,39,11,32,1,full,36.5,medium
A02337,cloud_vm,user_lan,low,restricted,1,0,7.5,0.588,0,0,0,0,42,8,26,4,full,57.5,high
A02338,workstation,user_lan,medium,confidential,1,0,6.4,0.414,0,0,0,0,270,14,22,6,full,77.0,critical
A02339,database,dmz,high,confidential,1,1,2.7,0.229,0,0,0,0,236,11,23,2,none,85.6,critical
A02340,server,ot,medium,public,1,1,7.3,0.249,0,0,0,0,29,8,32,3,partial,44.2,medium
A02341,server,user_lan,medium,confidential,1,0,8.6,0.245,0,0,0,0,58,9,28,2,full,61.9,high
A02342,server,server_lan,critical,internal,0,0,4.0,0.238,0,0,0,0,21,13,7,2,partial,33.7,medium
A02343,web_app,cloud,low,internal,1,0,3.3,0.229,0,0,0,0,575,11,26,4,none,53.5,high
A02344,workstation,dmz,critical,confidential,0,0,5.0,0.091,0,0,0,0,4,4,3,1,full,34.0,medium
A02345,web_app,server_lan,high,public,1,0,6.7,0.204,0,0,0,0,260,6,23,1,partial,55.5,high
A02346,server,user_lan,medium,internal,0,0,7.5,0.276,0,0,0,0,528,6,11,0,full,29.6,medium
A02347,cloud_vm,server_lan,low,confidential,0,0,7.4,0.709,0,0,0,0,589,5,9,0,full,30.6,medium
A02348,cloud_vm,user_lan,low,internal,0,0,6.3,0.592,0,0,0,0,45,4,12,0,partial,8.7,low
A02349,server,server_lan,critical,public,0,0,6.2,0.129,0,0,0,0,10,4,9,1,full,21.1,low
A02350,server,dmz,low,public,1,0,6.8,0.384,0,0,0,0,589,9,18,3,full,40.4,medium
A02351,server,dmz,high,internal,1,0,6.5,0.328,0,0,0,0,456,13,31,3,full,67.4,high
A02352,cloud_vm,server_lan,medium,internal,0,1,3.2,0.211,0,0,0,0,526,7,6,1,full,50.2,medium
A02353,server,ot,medium,internal,1,1,7.2,0.249,0,0,0,0,306,3,19,2,none,67.8,high
A02354,database,user_lan,medium,public,0,1,6.5,0.163,0,0,0,0,53,2,9,0,full,7.8,low
A02355,workstation,user_lan,low,confidential,0,0,6.6,0.37,0,0,0,0,586,6,7,2,full,26.5,medium
A02356,cloud_vm,server_lan,medium,restricted,1,0,6.1,0.272,0,0,0,0,53,10,22,4,full,46.4,medium
A02357,database,user_lan,critical,confidential,0,0,7.6,0.255,0,0,0,0,9,9,9,1,full,35.7,medium
A02358,database,server_lan,low,internal,1,0,4.1,0.177,0,0,0,0,34,11,24,4,none,62.8,high
A02359,firewall,server_lan,critical,confidential,0,1,5.4,0.443,0,0,0,0,12,6,9,3,none,79.2,critical
A02360,server,user_lan,critical,restricted,0,1,7.8,0.691,0,0,0,0,41,7,4,2,partial,60.2,high
A02361,cloud_vm,user_lan,low,restricted,0,0,4.1,0.158,0,0,0,0,36,8,4,1,partial,29.4,medium
A02362,server,cloud,medium,public,0,1,6.7,0.527,0,0,0,0,30,6,8,2,partial,51.8,high
A02363,database,cloud,low,public,1,0,6.0,0.287,0,0,0,0,31,7,21,4,full,36.9,medium
A02364,cloud_vm,cloud,medium,public,0,0,5.7,0.237,0,0,0,0,55,6,6,0,partial,6.6,low
A02365,web_app,server_lan,critical,confidential,0,0,6.2,0.335,0,0,0,0,25,3,6,2,full,24.9,medium
A02366,web_app,dmz,critical,public,1,0,7.1,0.292,0,0,0,0,202,5,16,2,partial,62.0,high
A02367,workstation,server_lan,critical,restricted,1,0,6.5,0.355,0,0,0,0,48,5,29,4,full,72.6,critical
A02368,workstation,cloud,low,public,1,0,3.8,0.248,0,0,0,0,55,8,14,5,partial,40.8,medium
A02369,workstation,ot,medium,confidential,0,0,5.8,0.134,0,0,0,0,569,4,7,0,partial,13.8,low
A02370,database,ot,low,internal,0,0,5.9,0.285,0,0,0,0,728,8,10,0,none,53.6,high
A02371,database,server_lan,critical,internal,1,1,6.2,0.681,1,0,231,1,128,9,24,4,full,81.6,critical
A02372,workstation,cloud,low,internal,1,1,6.2,0.24,0,0,0,0,490,6,18,2,full,48.9,medium
A02373,workstation,user_lan,low,confidential,0,0,5.4,0.18,0,0,0,0,110,3,6,1,full,12.9,low
A02374,workstation,cloud,low,internal,1,0,6.2,0.169,0,0,0,0,49,9,11,1,partial,36.3,medium
A02375,workstation,user_lan,low,internal,1,0,7.4,0.595,0,0,0,0,59,6,23,4,full,42.0,medium
A02376,server,server_lan,low,confidential,0,1,7.3,0.274,0,0,0,0,11,4,21,1,full,29.5,medium
A02377,cloud_vm,dmz,low,restricted,1,0,8.8,0.309,0,0,0,0,4,9,29,3,full,61.5,high
A02378,web_app,ot,high,confidential,0,0,6.9,0.468,0,0,0,0,55,3,8,0,none,40.4,medium
A02379,server,user_lan,high,confidential,1,0,6.9,0.116,0,0,0,0,272,10,21,3,full,56.4,high
A02380,web_app,server_lan,low,internal,0,0,6.4,0.105,0,0,0,0,384,4,4,0,full,8.4,low
A02381,cloud_vm,server_lan,high,restricted,1,1,8.9,0.218,0,0,0,0,197,5,18,2,full,70.9,high
A02382,server,server_lan,medium,internal,1,0,7.1,0.266,0,0,0,0,44,14,22,4,full,57.7,high
A02383,server,ot,high,restricted,1,0,7.8,0.429,0,0,0,0,53,11,19,1,none,87.7,critical
A02384,server,dmz,medium,confidential,1,0,8.3,0.248,0,0,0,0,114,10,18,2,partial,71.7,high
A02385,server,dmz,medium,public,0,0,3.9,0.35,0,0,0,0,78,8,5,0,full,9.0,low
A02386,cloud_vm,cloud,medium,public,1,1,3.0,0.283,1,0,60,1,286,11,25,3,full,74.5,critical
A02387,firewall,user_lan,low,confidential,0,0,4.7,0.339,0,0,0,0,101,5,2,1,full,0.0,low
A02388,server,dmz,medium,confidential,1,1,7.7,0.209,0,0,0,0,5,12,20,3,partial,77.1,critical
A02389,cloud_vm,dmz,high,confidential,1,0,5.9,0.289,0,0,0,0,355,5,24,4,partial,73.9,critical
A02390,server,server_lan,high,restricted,0,1,8.2,0.191,0,0,0,0,548,4,11,1,full,59.1,high
A02391,web_app,server_lan,medium,internal,1,0,4.5,0.477,0,0,0,0,47,7,21,2,full,40.1,medium
A02392,cloud_vm,dmz,medium,internal,0,1,8.1,0.376,0,0,0,0,80,7,6,0,full,33.1,medium
A02393,workstation,server_lan,high,confidential,0,1,8.5,0.275,0,0,0,0,19,4,10,2,partial,46.2,medium
A02394,server,cloud,low,public,1,0,7.4,0.175,0,0,0,0,450,11,20,7,full,57.0,high
A02395,web_app,cloud,low,confidential,0,1,5.6,0.255,0,0,0,0,487,4,3,1,full,30.9,medium
A02396,firewall,cloud,medium,restricted,1,1,5.6,0.577,1,0,121,1,23,5,21,4,full,61.7,high
A02397,workstation,server_lan,low,public,0,0,7.6,0.288,0,0,0,0,678,5,10,0,full,7.7,low
A02398,server,server_lan,medium,restricted,0,1,4.3,0.153,0,0,0,0,39,3,14,0,partial,43.2,medium
A02399,server,ot,low,confidential,1,0,3.9,0.124,0,0,0,0,2,10,19,2,none,57.7,high
A02400,database,cloud,medium,public,1,0,6.6,0.275,0,0,0,0,29,9,20,5,full,44.4,medium
A02401,web_app,user_lan,high,restricted,1,0,3.3,0.45,0,0,0,0,49,11,19,3,full,55.5,high
A02402,cloud_vm,server_lan,high,confidential,1,1,6.2,0.394,0,0,0,0,328,3,32,2,full,45.7,medium
A02403,cloud_vm,server_lan,high,internal,0,0,8.3,0.15,0,0,0,0,13,4,6,0,partial,29.8,medium
A02404,cloud_vm,user_lan,medium,internal,0,0,5.9,0.218,0,0,0,0,11,2,8,0,full,16.6,low
A02405,cloud_vm,user_lan,critical,internal,1,1,7.2,0.279,0,0,0,0,318,10,24,2,full,77.7,critical
A02406,workstation,dmz,high,confidential,1,0,6.7,0.213,0,0,0,0,20,12,15,3,full,69.2,high
A02407,database,ot,medium,internal,0,1,8.8,0.557,0,0,0,0,555,3,5,1,full,57.9,high
A02408,workstation,user_lan,low,internal,0,1,9.4,0.35,0,0,0,0,48,1,6,2,partial,18.3,low
A02409,workstation,user_lan,high,restricted,1,0,6.3,0.187,0,0,0,0,47,8,19,3,partial,78.4,critical
A02410,firewall,server_lan,medium,confidential,1,0,5.5,0.413,0,0,0,0,188,2,25,4,full,50.8,medium
A02411,web_app,cloud,high,confidential,1,1,3.0,0.262,0,0,0,0,24,8,16,3,partial,62.7,high
A02412,firewall,cloud,high,restricted,0,1,6.6,0.3,0,0,0,0,37,2,9,1,full,56.4,high
A02413,workstation,dmz,critical,public,1,0,5.3,0.166,0,0,0,0,42,5,22,4,full,71.1,high
A02414,database,user_lan,critical,internal,0,1,6.4,0.114,0,0,0,0,414,6,12,0,partial,64.7,high
A02415,database,user_lan,medium,confidential,1,0,3.0,0.176,0,0,0,0,609,5,25,1,full,43.8,medium
A02416,server,cloud,critical,internal,0,0,3.4,0.535,0,0,0,0,42,3,9,0,partial,29.6,medium
A02417,server,server_lan,critical,public,0,1,6.7,0.265,0,0,0,0,7,4,13,2,partial,39.7,medium
A02418,database,cloud,low,confidential,1,1,6.6,0.127,0,0,0,0,44,11,26,3,full,66.8,high
A02419,server,user_lan,medium,public,1,1,5.5,0.241,0,0,0,0,14,4,26,5,partial,52.2,high
A02420,firewall,dmz,low,internal,1,1,3.9,0.204,0,0,0,0,468,6,20,2,full,59.9,high
A02421,server,dmz,low,confidential,1,1,6.5,0.397,0,0,0,0,34,10,23,2,full,61.0,high
A02422,server,server_lan,low,confidential,1,1,5.2,0.23,0,0,0,0,49,8,16,7,partial,63.3,high
A02423,cloud_vm,server_lan,medium,internal,1,1,6.6,0.389,0,0,0,0,74,10,15,2,partial,64.5,high
A02424,server,user_lan,low,public,0,0,5.9,0.098,0,0,0,0,152,10,8,1,partial,20.1,low
A02425,cloud_vm,cloud,low,restricted,0,1,6.3,0.195,0,0,0,0,37,6,10,0,full,30.1,medium
A02426,web_app,server_lan,low,restricted,0,0,5.7,0.307,0,0,0,0,492,2,10,1,full,31.6,medium
A02427,server,ot,high,internal,0,1,9.0,0.498,0,0,0,0,421,6,7,1,none,76.6,critical
A02428,web_app,server_lan,critical,public,0,1,2.3,0.546,0,0,0,0,56,2,6,2,partial,44.6,medium
A02429,web_app,user_lan,critical,confidential,0,0,5.6,0.219,0,0,0,0,9,1,9,0,none,37.2,medium
A02430,cloud_vm,ot,medium,internal,0,0,4.5,0.298,0,0,0,0,7,13,5,0,partial,15.8,low
A02431,cloud_vm,cloud,low,public,1,0,6.7,0.17,0,0,0,0,295,6,22,4,full,59.1,high
A02432,web_app,user_lan,high,public,0,0,6.8,0.286,0,0,0,0,56,5,12,0,partial,12.8,low
A02433,web_app,user_lan,low,public,0,0,4.5,0.28,0,0,0,0,52,4,9,0,full,6.9,low
A02434,workstation,dmz,critical,internal,1,0,8.1,0.844,1,1,327,0,1,9,24,10,full,93.7,critical
A02435,web_app,dmz,high,internal,1,0,6.7,0.292,0,0,0,0,17,4,21,4,none,71.8,high
A02436,firewall,user_lan,medium,confidential,1,0,7.2,0.321,0,0,0,0,29,10,30,5,none,89.8,critical
A02437,web_app,dmz,low,internal,1,1,7.1,0.148,0,0,0,0,57,7,27,3,full,54.1,high
A02438,web_app,server_lan,low,internal,1,0,8.3,0.357,0,0,0,0,44,4,23,4,partial,43.9,medium
A02439,workstation,server_lan,medium,public,1,0,5.5,0.249,0,0,0,0,559,8,27,2,full,31.5,medium
A02440,cloud_vm,ot,medium,restricted,1,1,3.5,0.406,0,0,0,0,11,5,20,5,none,89.3,critical
A02441,firewall,cloud,high,public,1,0,7.1,0.315,0,0,0,0,439,6,29,6,full,55.2,high
A02442,server,cloud,high,internal,0,0,7.0,0.469,0,0,0,0,469,4,2,2,full,40.4,medium
A02443,server,user_lan,medium,confidential,0,1,6.7,0.225,0,0,0,0,43,3,13,3,full,29.2,medium
A02444,database,server_lan,low,confidential,0,0,5.9,0.098,0,0,0,0,45,4,10,3,full,12.3,low
A02445,database,dmz,medium,confidential,1,1,3.5,0.349,0,0,0,0,455,11,25,5,full,78.5,critical
A02446,database,user_lan,low,internal,1,0,3.8,0.192,0,0,0,0,147,5,22,6,partial,42.4,medium
A02447,server,user_lan,high,internal,1,0,4.8,0.16,0,0,0,0,9,6,18,4,full,47.5,medium
A02448,workstation,server_lan,medium,internal,0,1,7.2,0.302,0,0,0,0,412,6,8,3,full,39.6,medium
A02449,web_app,user_lan,high,confidential,1,1,8.9,0.469,1,1,199,1,431,9,16,6,full,100.0,critical
A02450,web_app,user_lan,medium,internal,0,0,7.2,0.502,0,0,0,0,558,7,9,1,none,33.6,medium
A02451,web_app,server_lan,low,internal,1,0,7.0,0.38,0,0,0,0,21,6,22,4,partial,40.2,medium
A02452,web_app,server_lan,high,public,1,0,4.7,0.237,0,0,0,0,19,9,16,2,full,43.2,medium
A02453,web_app,server_lan,high,restricted,1,0,5.2,0.285,0,0,0,0,13,8,25,3,partial,58.6,high
A02454,cloud_vm,user_lan,high,public,0,1,6.2,0.472,0,0,0,0,17,2,11,2,partial,38.5,medium
A02455,web_app,ot,medium,internal,1,0,4.6,0.033,0,0,0,0,67,7,25,2,none,57.5,high
A02456,database,user_lan,high,restricted,0,0,6.8,0.683,0,0,0,0,0,5,7,0,none,53.8,high
A02457,web_app,cloud,low,confidential,1,0,5.9,0.363,1,1,136,1,37,15,21,4,partial,78.2,critical
A02458,server,cloud,medium,confidential,1,0,7.6,0.348,0,0,0,0,32,19,27,2,full,52.1,high
A02459,workstation,dmz,high,confidential,1,0,8.2,0.398,1,0,315,1,306,9,22,10,full,99.7,critical
A02460,database,user_lan,low,public,0,1,6.1,0.263,0,0,0,0,505,6,6,0,none,20.6,low
A02461,cloud_vm,user_lan,high,confidential,0,0,6.0,0.394,0,0,0,0,122,2,6,1,full,14.6,low
A02462,web_app,user_lan,medium,internal,0,1,5.1,0.547,0,0,0,0,14,5,6,2,full,35.2,medium
A02463,server,dmz,low,restricted,1,1,4.4,0.586,0,0,0,0,403,4,18,3,full,60.4,high
A02464,web_app,ot,low,internal,0,0,7.3,0.245,0,0,0,0,30,5,11,2,partial,23.3,low
A02465,server,ot,high,confidential,1,0,6.0,0.145,0,0,0,0,23,11,22,6,none,76.5,critical
A02466,web_app,dmz,high,internal,1,0,8.1,0.319,0,0,0,0,42,12,15,4,partial,46.1,medium
A02467,cloud_vm,server_lan,low,public,0,1,7.2,0.167,0,0,0,0,712,5,10,0,full,12.3,low
A02468,web_app,server_lan,low,internal,1,1,7.3,0.155,0,0,0,0,38,10,20,8,full,62.1,high
A02469,web_app,cloud,low,confidential,1,0,5.9,0.426,0,0,0,0,152,7,26,6,full,43.8,medium
A02470,workstation,user_lan,low,public,0,0,5.6,0.187,0,0,0,0,49,8,6,0,full,6.3,low
A02471,workstation,server_lan,high,restricted,1,1,3.4,0.451,0,0,0,0,31,4,19,3,full,55.5,high
A02472,cloud_vm,cloud,low,internal,1,1,4.7,0.163,0,0,0,0,14,8,20,3,full,37.7,medium
A02473,web_app,server_lan,low,confidential,1,0,3.8,0.127,0,0,0,0,17,10,37,3,full,46.9,medium
A02474,database,user_lan,low,confidential,1,1,6.0,0.163,0,0,0,0,338,9,24,3,partial,57.3,high
A02475,workstation,server_lan,medium,internal,0,0,5.4,0.324,1,0,102,1,35,4,10,7,full,32.7,medium
A02476,server,user_lan,high,confidential,1,0,5.7,0.24,1,0,603,1,173,9,24,6,partial,98.5,critical
A02477,server,user_lan,high,confidential,0,1,8.1,0.676,1,0,63,1,670,5,9,3,partial,76.7,critical
A02478,server,server_lan,medium,confidential,1,1,3.9,0.306,0,0,0,0,42,12,16,3,partial,70.5,high
A02479,workstation,user_lan,critical,internal,0,1,5.8,0.501,0,0,0,0,669,5,5,1,full,42.0,medium
A02480,firewall,ot,medium,confidential,1,1,5.8,0.212,0,0,0,0,676,11,18,1,none,83.9,critical
A02481,database,user_lan,high,internal,0,0,7.8,0.252,0,0,0,0,0,9,13,2,partial,45.7,medium
A02482,server,ot,high,public,1,0,3.5,0.2,0,0,0,0,59,9,16,3,full,14.7,low
A02483,server,user_lan,low,public,0,1,9.4,0.228,0,0,0,0,409,6,12,0,full,21.1,low
A02484,workstation,cloud,high,confidential,0,1,5.6,0.34,0,0,0,0,373,3,7,2,full,43.1,medium
A02485,cloud_vm,server_lan,medium,restricted,0,1,5.1,0.502,1,1,250,1,553,2,8,0,full,62.4,high
A02486,workstation,cloud,high,public,1,0,8.5,0.303,0,0,0,0,46,13,25,6,full,47.2,medium
A02487,cloud_vm,server_lan,low,internal,1,0,5.9,0.133,0,0,0,0,450,10,18,3,full,51.6,high
A02488,cloud_vm,dmz,medium,internal,1,0,8.4,0.552,0,0,0,0,188,13,18,5,full,60.6,high
A02489,server,server_lan,critical,confidential,0,1,6.3,0.582,0,0,0,0,623,7,6,1,full,52.7,high
A02490,web_app,dmz,low,confidential,1,0,3.2,0.121,0,0,0,0,7,8,17,6,full,59.9,high
A02491,firewall,ot,low,confidential,0,0,5.7,0.3,0,0,0,0,61,5,7,0,partial,25.2,medium
A02492,workstation,ot,low,confidential,1,1,6.5,0.194,0,0,0,0,395,7,32,3,none,83.0,critical
A02493,server,cloud,medium,confidential,0,1,5.7,0.363,0,0,0,0,29,7,11,1,full,39.3,medium
A02494,firewall,dmz,high,public,1,1,5.6,0.411,0,0,0,0,638,9,21,5,full,63.7,high
A02495,cloud_vm,cloud,high,internal,0,0,4.3,0.412,0,0,0,0,210,4,3,3,partial,35.1,medium
A02496,database,cloud,critical,internal,1,1,3.7,0.312,0,0,0,0,30,18,28,1,partial,91.9,critical
A02497,database,server_lan,medium,restricted,1,1,6.1,0.355,0,0,0,0,24,12,22,2,partial,93.0,critical
A02498,server,user_lan,medium,confidential,0,0,7.0,0.35,0,0,0,0,47,5,9,1,partial,12.2,low
A02499,cloud_vm,user_lan,low,public,0,0,7.8,0.289,0,0,0,0,486,6,4,3,full,22.0,low
A02500,database,dmz,low,internal,1,1,5.1,0.435,0,0,0,0,20,5,18,2,full,34.5,medium
A02501,server,user_lan,high,internal,0,0,7.8,0.257,0,0,0,0,14,5,0,1,partial,15.9,low
A02502,web_app,cloud,low,restricted,1,1,7.7,0.389,0,0,0,0,28,7,24,1,full,65.5,high
A02503,firewall,server_lan,low,public,1,0,5.6,0.237,0,0,0,0,414,7,22,1,none,57.0,high
A02504,cloud_vm,user_lan,critical,confidential,0,0,6.5,0.417,0,0,0,0,410,3,7,4,full,32.0,medium
A02505,workstation,user_lan,medium,internal,1,0,7.2,0.217,0,0,0,0,63,10,25,3,full,49.9,medium
A02506,server,cloud,low,confidential,0,0,7.6,0.311,0,0,0,0,2,8,8,0,full,25.7,medium
A02507,firewall,ot,high,confidential,1,0,8.2,0.266,0,0,0,0,417,8,24,4,partial,71.7,high
A02508,firewall,cloud,medium,internal,0,0,7.1,0.229,0,0,0,0,32,5,4,1,full,33.9,medium
A02509,database,user_lan,high,confidential,0,1,4.9,0.238,0,0,0,0,23,6,3,0,partial,38.2,medium
A02510,web_app,user_lan,high,public,0,1,6.4,0.299,0,0,0,0,52,3,7,2,full,23.6,medium
A02511,database,user_lan,low,confidential,1,0,7.4,0.352,1,1,183,1,38,12,36,5,full,100.0,critical
A02512,workstation,user_lan,low,public,0,0,5.6,0.224,0,0,0,0,322,3,12,3,full,18.2,low
A02513,server,dmz,low,confidential,1,0,8.1,0.574,0,0,0,0,40,9,19,6,full,54.5,high
A02514,server,user_lan,high,internal,0,0,6.6,0.279,0,0,0,0,0,8,6,1,full,22.2,low
A02515,server,user_lan,medium,confidential,1,1,5.6,0.28,0,0,0,0,621,6,14,6,full,57.8,high
A02516,cloud_vm,user_lan,high,internal,1,1,4.6,0.224,0,0,0,0,30,7,23,8,full,52.8,high
A02517,server,cloud,medium,confidential,1,1,5.7,0.13,0,0,0,0,26,10,24,4,partial,75.8,critical
A02518,server,user_lan,medium,public,1,0,5.1,0.221,0,0,0,0,4,12,22,5,full,46.5,medium
A02519,database,server_lan,low,internal,1,0,7.3,0.252,0,0,0,0,3,9,20,1,full,51.8,high
A02520,server,dmz,low,confidential,1,0,8.5,0.431,0,0,0,0,632,5,21,6,partial,67.2,high
A02521,server,dmz,medium,internal,1,0,4.6,0.174,0,0,0,0,54,7,25,6,partial,69.9,high
A02522,database,server_lan,medium,internal,0,1,7.8,0.358,0,0,0,0,599,7,12,1,full,29.9,medium
A02523,workstation,user_lan,critical,confidential,0,1,7.2,0.42,0,0,0,0,5,2,3,1,partial,44.8,medium
A02524,web_app,server_lan,low,internal,1,1,7.6,0.581,0,0,0,0,15,5,19,2,full,50.2,medium
A02525,cloud_vm,server_lan,high,restricted,0,0,7.0,0.328,0,0,0,0,46,3,5,0,full,29.5,medium
A02526,server,server_lan,low,internal,0,0,3.2,0.171,0,0,0,0,30,4,11,0,full,3.0,low
A02527,cloud_vm,cloud,high,restricted,0,0,7.2,0.407,1,1,311,1,39,1,7,4,partial,59.3,high
A02528,cloud_vm,cloud,low,restricted,1,0,8.7,0.178,0,0,0,0,13,8,28,5,partial,55.5,high
A02529,cloud_vm,server_lan,high,internal,1,1,4.5,0.106,1,0,448,1,39,6,19,5,full,56.2,high
A02530,web_app,server_lan,low,internal,1,0,6.8,0.248,0,0,0,0,0,7,25,3,full,33.2,medium
A02531,web_app,dmz,low,confidential,1,0,5.3,0.412,0,0,0,0,676,13,15,3,full,56.3,high
A02532,web_app,dmz,medium,confidential,1,1,5.6,0.24,0,0,0,0,40,8,17,4,partial,64.1,high
A02533,web_app,server_lan,medium,public,0,0,7.3,0.778,1,0,337,1,27,7,7,4,partial,45.4,medium
A02534,server,dmz,medium,internal,1,1,7.6,0.552,0,0,0,0,47,5,27,2,full,51.1,medium
A02535,firewall,server_lan,medium,public,0,0,7.5,0.36,0,0,0,0,49,6,5,3,full,25.3,medium
A02536,web_app,ot,critical,confidential,1,1,5.1,0.271,0,0,0,0,56,8,30,3,partial,84.6,critical
A02537,cloud_vm,user_lan,low,confidential,0,1,6.8,0.211,0,0,0,0,41,3,4,0,partial,29.2,medium
A02538,workstation,cloud,medium,public,1,0,5.3,0.289,0,0,0,0,14,10,23,3,partial,48.2,medium
A02539,server,dmz,high,internal,1,1,5.7,0.133,0,0,0,0,616,4,26,2,full,77.0,critical
A02540,database,server_lan,high,confidential,0,1,5.4,0.276,0,0,0,0,10,2,9,0,full,22.6,low
A02541,database,ot,medium,restricted,1,0,6.6,0.393,0,0,0,0,367,4,25,9,partial,84.6,critical
A02542,workstation,server_lan,medium,public,0,0,6.5,0.236,0,0,0,0,139,3,3,0,partial,10.2,low
A02543,workstation,user_lan,low,internal,0,0,8.2,0.399,0,0,0,0,682,4,5,1,partial,21.7,low
A02544,workstation,ot,medium,internal,1,0,7.7,0.555,0,0,0,0,7,9,26,4,partial,73.6,critical
A02545,database,user_lan,medium,confidential,1,1,4.3,0.082,0,0,0,0,53,11,33,5,full,63.4,high
A02546,workstation,server_lan,high,public,0,0,4.1,0.552,0,0,0,0,359,3,5,0,full,8.9,low
A02547,firewall,user_lan,high,public,1,0,8.2,0.681,1,1,46,1,604,10,23,7,none,100.0,critical
A02548,server,dmz,low,confidential,1,1,5.1,0.319,0,0,0,0,26,13,20,3,full,54.3,high
A02549,workstation,dmz,low,internal,0,0,7.1,0.282,0,0,0,0,20,6,6,3,full,14.7,low
A02550,workstation,dmz,medium,public,1,0,6.6,0.237,0,0,0,0,36,12,19,4,full,41.8,medium
A02551,database,cloud,medium,internal,1,1,4.6,0.219,0,0,0,0,672,11,23,3,full,57.8,high
A02552,database,user_lan,medium,public,0,1,6.9,0.233,0,0,0,0,29,3,4,1,full,9.1,low
A02553,web_app,server_lan,medium,internal,1,0,3.3,0.33,0,0,0,0,343,5,17,2,full,39.1,medium
A02554,firewall,server_lan,medium,internal,0,0,7.8,0.182,0,0,0,0,314,3,8,0,partial,41.1,medium
A02555,workstation,user_lan,critical,public,1,0,2.5,0.161,0,0,0,0,5,5,23,4,full,37.9,medium
A02556,web_app,ot,medium,public,1,0,4.0,0.112,0,0,0,0,50,5,11,0,partial,23.6,medium
A02557,server,server_lan,low,restricted,0,1,8.2,0.495,1,1,33,1,509,6,17,3,partial,77.6,critical
A02558,workstation,server_lan,medium,restricted,0,0,5.8,0.204,0,0,0,0,416,6,6,2,full,32.7,medium
A02559,database,cloud,medium,public,1,0,6.0,0.418,0,0,0,0,636,9,18,6,partial,78.9,critical
A02560,server,cloud,low,confidential,0,1,7.9,0.354,0,0,0,0,8,8,5,0,full,19.0,low
A02561,web_app,ot,low,public,0,1,7.4,0.415,0,0,0,0,400,3,8,1,partial,20.9,low
A02562,web_app,server_lan,medium,confidential,1,1,8.7,0.265,0,0,0,0,248,9,21,3,full,74.8,critical
A02563,cloud_vm,dmz,high,restricted,1,0,4.8,0.301,0,0,0,0,15,13,17,3,full,68.5,high
A02564,database,user_lan,critical,confidential,1,1,5.8,0.207,0,0,0,0,58,12,26,6,full,69.4,high
A02565,web_app,server_lan,medium,confidential,0,0,5.4,0.23,0,0,0,0,286,8,3,1,partial,37.7,medium
A02566,workstation,cloud,low,internal,1,0,6.9,0.238,0,0,0,0,88,6,15,2,full,36.3,medium
A02567,server,dmz,medium,internal,1,0,5.0,0.285,0,0,0,0,36,5,22,4,full,42.8,medium
A02568,server,user_lan,medium,internal,1,1,8.9,0.704,1,0,369,1,57,8,20,9,full,81.2,critical
A02569,web_app,ot,critical,public,0,1,7.8,0.608,1,0,378,1,23,4,4,3,none,79.1,critical
A02570,firewall,ot,medium,confidential,1,1,8.2,0.163,0,0,0,0,50,7,32,3,full,83.6,critical
A02571,server,user_lan,high,internal,1,0,3.4,0.072,0,0,0,0,177,11,24,3,full,55.5,high
A02572,database,ot,critical,public,1,1,5.0,0.208,0,0,0,0,204,9,25,3,partial,80.9,critical
A02573,cloud_vm,dmz,medium,confidential,1,1,6.8,0.188,0,0,0,0,638,5,18,1,full,66.4,high
A02574,cloud_vm,server_lan,low,confidential,1,0,5.2,0.228,0,0,0,0,0,11,20,4,full,29.8,medium
A02575,database,dmz,medium,confidential,1,1,7.5,0.676,0,0,0,0,29,6,20,1,partial,77.6,critical
A02576,web_app,ot,medium,internal,1,0,6.0,0.491,0,0,0,0,38,8,23,3,full,38.7,medium
A02577,web_app,ot,medium,restricted,1,0,6.7,0.299,0,0,0,0,46,9,20,6,none,63.8,high
A02578,cloud_vm,dmz,critical,public,1,1,7.4,0.239,1,0,40,0,21,13,25,4,partial,100.0,critical
A02579,server,dmz,low,confidential,1,0,7.9,0.178,0,0,0,0,45,9,24,4,partial,52.9,high
A02580,firewall,server_lan,medium,internal,0,0,6.9,0.21,0,0,0,0,6,8,8,2,none,16.8,low
A02581,server,server_lan,low,public,1,0,7.2,0.184,0,0,0,0,356,11,29,3,partial,49.9,medium
A02582,cloud_vm,cloud,low,restricted,0,0,4.6,0.295,0,0,0,0,457,1,10,1,full,7.7,low
A02583,server,server_lan,medium,internal,0,0,7.1,0.635,0,0,0,0,19,5,9,0,partial,44.9,medium
A02584,server,cloud,high,internal,0,1,7.3,0.052,0,0,0,0,37,2,9,0,full,43.4,medium
A02585,server,user_lan,medium,public,1,0,8.4,0.151,0,0,0,0,39,13,26,6,full,47.1,medium
A02586,workstation,server_lan,medium,restricted,0,0,3.5,0.588,0,0,0,0,615,3,11,0,full,27.6,medium
A02587,workstation,server_lan,low,restricted,0,1,6.1,0.194,0,0,0,0,13,2,13,1,full,21.6,low
A02588,server,ot,medium,public,1,1,6.2,0.161,0,0,0,0,386,11,20,3,none,81.5,critical
A02589,workstation,user_lan,medium,confidential,1,0,7.5,0.313,0,0,0,0,619,7,23,0,full,42.4,medium
A02590,workstation,user_lan,high,public,0,1,6.9,0.169,0,0,0,0,43,4,12,0,full,21.0,low
A02591,cloud_vm,server_lan,high,confidential,1,0,6.3,0.48,0,0,0,0,91,8,18,1,partial,46.2,medium
A02592,cloud_vm,ot,high,internal,1,0,9.0,0.19,0,0,0,0,606,10,22,5,partial,69.0,high
A02593,web_app,cloud,high,public,1,1,4.7,0.098,0,0,0,0,425,10,20,1,none,91.8,critical
A02594,server,cloud,medium,internal,1,0,7.1,0.681,1,0,423,1,42,11,22,8,full,91.4,critical
A02595,workstation,user_lan,medium,restricted,1,0,2.4,0.325,0,0,0,0,15,1,24,5,full,39.4,medium
A02596,cloud_vm,cloud,high,internal,1,1,4.4,0.23,0,0,0,0,36,5,15,4,full,55.5,high
A02597,server,server_lan,critical,public,1,1,5.4,0.214,0,0,0,0,603,7,21,2,partial,72.8,critical
A02598,workstation,user_lan,medium,restricted,0,0,7.9,0.276,0,0,0,0,561,2,4,1,partial,19.0,low
A02599,firewall,server_lan,high,public,0,1,4.7,0.267,0,0,0,0,4,7,9,2,none,38.4,medium
A02600,firewall,user_lan,medium,internal,0,0,3.4,0.354,0,0,0,0,6,7,6,2,none,17.0,low
A02601,workstation,ot,high,internal,0,1,7.9,0.255,0,0,0,0,662,1,6,1,none,53.8,high
A02602,web_app,ot,critical,internal,0,0,7.7,0.351,0,0,0,0,10,5,8,1,none,43.5,medium
A02603,workstation,user_lan,critical,public,0,0,8.0,0.225,0,0,0,0,520,5,7,0,full,11.7,low
A02604,cloud_vm,user_lan,low,public,0,1,5.7,0.298,0,0,0,0,361,1,7,2,full,15.2,low
A02605,server,cloud,low,public,1,0,4.9,0.409,0,0,0,0,25,3,20,2,partial,15.3,low
A02606,server,ot,high,internal,1,1,8.4,0.575,0,0,0,0,39,13,32,4,none,100.0,critical
A02607,web_app,cloud,medium,restricted,1,1,5.8,0.236,0,0,0,0,21,5,21,6,partial,69.5,high
A02608,server,dmz,critical,public,0,1,5.7,0.556,0,0,0,0,38,1,10,0,full,25.9,medium
A02609,web_app,server_lan,medium,confidential,1,1,6.9,0.124,0,0,0,0,33,7,15,3,full,51.8,high
A02610,workstation,cloud,high,internal,1,1,5.8,0.411,0,0,0,0,635,7,22,1,partial,63.8,high
A02611,cloud_vm,cloud,high,public,1,1,6.0,0.532,0,0,0,0,476,6,26,1,full,54.9,high
A02612,cloud_vm,cloud,low,internal,1,1,6.2,0.287,0,0,0,0,163,6,23,2,full,27.6,medium
A02613,database,user_lan,low,internal,1,1,8.4,0.472,0,0,0,0,20,8,33,0,full,61.9,high
A02614,cloud_vm,server_lan,high,confidential,0,1,7.3,0.558,1,1,227,1,54,2,4,3,full,64.2,high
A02615,workstation,server_lan,low,internal,0,0,7.8,0.262,1,0,644,1,30,2,2,0,partial,20.4,low
A02616,database,cloud,high,confidential,1,1,6.1,0.254,0,0,0,0,27,6,22,3,none,91.1,critical
A02617,server,server_lan,medium,restricted,1,0,7.2,0.29,1,0,162,1,23,10,28,4,full,84.9,critical
A02618,cloud_vm,user_lan,medium,internal,1,1,8.9,0.468,0,0,0,0,42,10,25,3,partial,71.1,high
A02619,cloud_vm,cloud,low,restricted,1,1,9.0,0.335,0,0,0,0,40,10,22,7,full,51.9,high
A02620,cloud_vm,cloud,critical,public,1,0,9.2,0.442,0,0,0,0,31,11,25,5,full,82.1,critical
A02621,cloud_vm,server_lan,high,public,0,1,5.6,0.372,0,0,0,0,355,7,6,0,full,25.6,medium
A02622,firewall,cloud,high,public,1,0,8.8,0.466,0,0,0,0,45,13,19,5,partial,64.6,high
A02623,server,dmz,high,confidential,1,0,4.1,0.226,0,0,0,0,16,12,21,1,full,55.2,high
A02624,firewall,dmz,medium,confidential,1,1,5.2,0.299,0,0,0,0,217,5,27,7,full,57.4,high
A02625,database,server_lan,critical,restricted,1,1,7.2,0.521,0,0,0,0,68,16,22,5,full,93.6,critical
A02626,workstation,dmz,medium,confidential,1,0,3.4,0.154,0,0,0,0,21,5,21,1,full,35.8,medium
A02627,database,ot,medium,internal,1,1,6.8,0.273,0,0,0,0,523,10,27,3,none,91.5,critical
A02628,workstation,ot,low,restricted,1,0,6.7,0.187,0,0,0,0,582,11,18,4,none,77.2,critical
A02629,workstation,dmz,low,restricted,1,0,6.9,0.229,0,0,0,0,493,8,25,5,partial,74.8,critical
A02630,workstation,cloud,high,confidential,1,0,6.7,0.349,0,0,0,0,651,9,14,0,full,67.0,high
A02631,server,user_lan,medium,internal,0,1,8.6,0.351,1,0,102,0,2,4,4,4,full,28.8,medium
A02632,database,user_lan,high,confidential,0,1,7.2,0.436,0,0,0,0,451,3,9,0,none,61.8,high
A02633,cloud_vm,cloud,critical,public,1,0,6.3,0.304,0,0,0,0,38,9,25,5,full,47.4,medium
A02634,web_app,user_lan,medium,restricted,1,0,6.0,0.365,1,1,302,1,710,7,26,3,partial,87.6,critical
A02635,database,dmz,low,restricted,1,1,2.5,0.171,0,0,0,0,109,9,24,4,full,58.4,high
A02636,workstation,dmz,high,confidential,1,0,6.1,0.538,0,0,0,0,22,5,26,4,full,53.6,high
A02637,database,user_lan,low,public,1,1,7.9,0.691,1,0,463,1,583,10,28,5,full,87.6,critical
A02638,server,ot,high,public,1,1,4.0,0.329,0,0,0,0,203,8,28,4,full,68.6,high
A02639,cloud_vm,user_lan,medium,restricted,1,0,5.7,0.194,1,1,348,1,364,5,22,5,full,61.2,high
A02640,server,server_lan,medium,restricted,0,0,8.7,0.293,1,1,370,0,8,10,7,3,partial,61.4,high
A02641,web_app,dmz,medium,confidential,0,0,9.4,0.336,0,0,0,0,7,6,7,1,none,40.8,medium
A02642,cloud_vm,ot,medium,restricted,1,0,5.4,0.241,0,0,0,0,20,13,15,5,partial,59.3,high
A02643,database,server_lan,medium,internal,1,1,7.8,0.213,0,0,0,0,3,9,22,3,partial,72.1,high
A02644,cloud_vm,user_lan,low,restricted,0,0,6.9,0.162,0,0,0,0,50,2,10,0,full,4.4,low
A02645,workstation,user_lan,medium,public,0,0,6.8,0.501,0,0,0,0,424,4,10,1,full,23.0,low
A02646,cloud_vm,server_lan,critical,public,0,0,5.1,0.27,0,0,0,0,13,7,10,2,full,23.1,low
A02647,web_app,dmz,low,internal,1,0,5.6,0.335,0,0,0,0,33,6,21,2,partial,49.7,medium
A02648,cloud_vm,server_lan,medium,internal,1,0,3.6,0.516,0,0,0,0,496,10,25,3,partial,72.6,critical
A02649,web_app,server_lan,low,internal,1,0,6.7,0.365,0,0,0,0,608,7,25,1,none,75.7,critical
A02650,cloud_vm,user_lan,medium,confidential,1,0,6.4,0.597,0,0,0,0,15,4,20,3,partial,59.6,high
A02651,firewall,cloud,low,public,0,1,6.4,0.138,0,0,0,0,19,9,8,0,full,28.7,medium
A02652,workstation,server_lan,high,confidential,1,0,3.2,0.414,0,0,0,0,650,5,21,4,full,40.5,medium
A02653,cloud_vm,user_lan,low,public,0,0,8.4,0.392,0,0,0,0,624,3,8,2,partial,16.9,low
A02654,cloud_vm,dmz,high,restricted,1,0,7.1,0.487,0,0,0,0,230,9,21,3,full,69.8,high
A02655,workstation,server_lan,low,public,0,0,6.0,0.218,0,0,0,0,44,5,7,4,full,0.0,low
A02656,firewall,cloud,medium,confidential,0,1,8.3,0.584,0,0,0,0,58,6,7,1,none,50.9,medium
A02657,workstation,cloud,low,confidential,1,0,4.0,0.718,0,0,0,0,40,6,28,1,full,42.5,medium
A02658,database,cloud,high,internal,1,1,7.0,0.228,0,0,0,0,163,9,23,5,full,79.9,critical
A02659,server,server_lan,critical,internal,1,0,7.0,0.275,0,0,0,0,8,7,22,4,partial,70.5,high
A02660,server,user_lan,low,public,0,0,8.5,0.486,1,0,168,0,13,5,6,1,partial,20.0,low
A02661,cloud_vm,user_lan,critical,internal,0,0,9.1,0.173,1,0,260,1,273,3,9,1,full,49.5,medium
A02662,workstation,ot,medium,public,1,0,5.4,0.528,1,0,561,1,485,8,24,8,none,85.5,critical
A02663,workstation,user_lan,medium,public,0,0,7.5,0.365,0,0,0,0,11,6,10,2,full,19.1,low
A02664,workstation,ot,high,confidential,1,0,5.3,0.177,0,0,0,0,209,8,24,2,full,53.2,high
A02665,database,server_lan,low,public,1,1,7.7,0.33,0,0,0,0,414,8,27,5,full,36.4,medium
A02666,cloud_vm,user_lan,medium,internal,0,0,5.0,0.218,0,0,0,0,47,4,8,3,partial,0.0,low
A02667,cloud_vm,cloud,low,internal,1,0,4.8,0.402,0,0,0,0,16,10,27,4,full,37.7,medium
A02668,server,server_lan,high,internal,0,0,7.9,0.452,0,0,0,0,271,3,10,0,full,28.2,medium
A02669,database,user_lan,medium,internal,1,0,4.4,0.271,0,0,0,0,3,13,18,2,partial,34.6,medium
A02670,database,user_lan,critical,confidential,0,1,4.8,0.413,0,0,0,0,45,3,9,0,full,38.9,medium
A02671,web_app,ot,low,confidential,1,0,1.7,0.124,0,0,0,0,585,8,35,1,full,47.8,medium
A02672,workstation,server_lan,critical,internal,1,0,5.1,0.258,0,0,0,0,12,7,19,4,partial,56.2,high
A02673,workstation,ot,low,internal,1,0,6.4,0.143,0,0,0,0,726,12,20,6,none,75.4,critical
A02674,database,server_lan,medium,internal,0,0,5.1,0.303,0,0,0,0,37,8,11,0,full,15.7,low
A02675,web_app,user_lan,medium,confidential,1,1,6.6,0.223,0,0,0,0,268,11,17,4,none,76.6,critical
A02676,database,user_lan,low,internal,1,1,4.2,0.321,0,0,0,0,126,12,15,6,full,57.6,high
A02677,database,server_lan,low,restricted,1,0,7.1,0.231,0,0,0,0,342,7,18,1,full,44.0,medium
A02678,cloud_vm,ot,high,confidential,1,0,8.9,0.279,0,0,0,0,429,13,19,3,partial,87.1,critical
A02679,cloud_vm,ot,low,confidential,1,1,7.3,0.704,0,0,0,0,33,7,16,0,full,53.2,high
A02680,workstation,ot,medium,internal,0,1,7.9,0.343,0,0,0,0,54,5,8,0,none,31.1,medium
A02681,cloud_vm,ot,critical,restricted,0,1,8.0,0.264,0,0,0,0,467,2,8,2,none,63.8,high
A02682,cloud_vm,user_lan,medium,internal,1,1,6.5,0.255,0,0,0,0,6,12,13,3,full,54.4,high
A02683,server,user_lan,low,internal,1,0,6.9,0.321,0,0,0,0,10,8,23,4,full,34.9,medium
A02684,web_app,cloud,low,restricted,1,0,7.3,0.296,0,0,0,0,58,12,20,1,none,65.8,high
A02685,workstation,dmz,low,confidential,1,0,6.0,0.556,0,0,0,0,162,10,28,6,partial,70.5,high
A02686,web_app,cloud,medium,internal,0,0,7.7,0.64,0,0,0,0,102,6,7,1,none,33.3,medium
A02687,server,user_lan,high,internal,1,0,6.1,0.425,0,0,0,0,330,13,16,4,full,43.8,medium
A02688,web_app,user_lan,low,internal,0,1,6.2,0.254,0,0,0,0,699,8,12,0,partial,49.0,medium
A02689,workstation,server_lan,low,confidential,1,0,7.2,0.252,0,0,0,0,30,4,13,6,full,42.1,medium
A02690,database,server_lan,high,internal,0,1,5.5,0.487,0,0,0,0,445,10,10,2,full,43.2,medium
A02691,firewall,dmz,medium,public,1,1,5.8,0.369,1,0,304,0,12,11,29,5,partial,59.1,high
A02692,workstation,user_lan,medium,public,0,0,6.3,0.318,0,0,0,0,30,1,11,1,full,0.0,low
A02693,cloud_vm,server_lan,critical,restricted,0,1,6.1,0.3,0,0,0,0,3,4,7,1,full,33.0,medium
A02694,firewall,server_lan,low,internal,1,0,7.8,0.52,1,0,302,1,462,12,24,6,full,70.2,high
A02695,cloud_vm,server_lan,medium,internal,0,0,8.0,0.35,0,0,0,0,18,4,8,2,full,25.5,medium
A02696,server,user_lan,high,restricted,1,0,5.8,0.181,0,0,0,0,30,8,21,5,full,58.1,high
A02697,cloud_vm,server_lan,high,internal,1,1,5.5,0.225,0,0,0,0,48,9,29,2,full,59.3,high
A02698,server,cloud,high,confidential,1,1,6.4,0.118,0,0,0,0,51,12,22,5,full,58.4,high
A02699,workstation,dmz,high,confidential,1,0,6.9,0.363,0,0,0,0,438,6,10,4,full,57.0,high
A02700,cloud_vm,user_lan,medium,internal,0,0,5.2,0.165,0,0,0,0,20,4,12,0,partial,2.5,low
A02701,web_app,server_lan,medium,confidential,1,0,4.4,0.431,0,0,0,0,18,6,23,3,partial,48.8,medium
A02702,database,user_lan,high,restricted,1,1,9.1,0.266,0,0,0,0,36,10,15,4,full,72.2,critical
A02703,workstation,user_lan,high,public,1,0,9.0,0.318,0,0,0,0,56,12,32,3,partial,74.4,critical
A02704,cloud_vm,user_lan,high,public,0,0,5.3,0.309,0,0,0,0,160,4,6,1,full,8.1,low
A02705,web_app,user_lan,medium,confidential,0,1,5.5,0.265,0,0,0,0,172,2,6,0,none,40.0,medium
A02706,database,user_lan,high,internal,0,1,3.9,0.217,0,0,0,0,121,9,8,1,partial,38.0,medium
A02707,cloud_vm,server_lan,low,internal,0,0,3.9,0.277,0,0,0,0,9,2,7,1,full,0.0,low
A02708,server,user_lan,low,internal,1,0,2.9,0.192,0,0,0,0,11,12,16,7,partial,61.5,high
A02709,server,server_lan,medium,restricted,1,1,4.6,0.403,0,0,0,0,89,10,22,8,full,67.2,high
A02710,web_app,user_lan,low,confidential,1,0,6.8,0.172,0,0,0,0,30,12,18,2,full,42.7,medium
A02711,firewall,user_lan,high,restricted,0,0,7.7,0.518,0,0,0,0,449,5,4,0,none,54.2,high
A02712,workstation,cloud,low,internal,0,0,7.8,0.15,0,0,0,0,699,2,9,2,full,13.8,low
A02713,workstation,user_lan,high,restricted,1,0,4.5,0.223,0,0,0,0,584,3,21,3,full,63.9,high
A02714,server,server_lan,medium,internal,1,0,4.6,0.483,0,0,0,0,537,5,22,3,partial,65.7,high
A02715,cloud_vm,server_lan,low,confidential,0,1,5.4,0.151,0,0,0,0,508,3,10,1,partial,28.6,medium
A02716,server,dmz,low,confidential,1,0,4.6,0.37,0,0,0,0,42,8,25,2,full,30.9,medium
A02717,database,user_lan,medium,internal,0,0,4.5,0.255,0,0,0,0,78,7,10,1,none,45.5,medium
A02718,firewall,cloud,high,confidential,1,0,6.7,0.221,1,0,88,1,580,7,25,6,partial,86.1,critical
A02719,server,cloud,medium,internal,1,1,8.7,0.205,0,0,0,0,41,10,20,3,full,51.0,medium
A02720,database,user_lan,low,internal,1,0,8.6,0.224,0,0,0,0,451,9,23,2,full,49.4,medium
A02721,database,server_lan,low,confidential,1,0,7.5,0.131,0,0,0,0,28,7,25,5,partial,42.8,medium
A02722,cloud_vm,cloud,low,public,1,0,7.0,0.327,0,0,0,0,2,9,19,4,full,42.0,medium
A02723,workstation,dmz,low,confidential,1,1,7.4,0.515,0,0,0,0,56,9,12,0,full,49.6,medium
A02724,workstation,server_lan,critical,internal,0,1,8.2,0.205,0,0,0,0,712,3,9,2,full,45.7,medium
A02725,server,cloud,low,internal,0,0,6.5,0.339,0,0,0,0,76,3,11,1,full,0.0,low
A02726,cloud_vm,server_lan,low,confidential,0,0,4.3,0.511,0,0,0,0,32,2,9,1,full,6.6,low
A02727,cloud_vm,dmz,high,public,1,0,9.6,0.593,0,0,0,0,26,5,19,3,full,44.1,medium
A02728,server,server_lan,high,restricted,0,1,6.8,0.297,0,0,0,0,27,4,10,2,full,30.3,medium
A02729,workstation,user_lan,medium,restricted,1,0,7.0,0.341,0,0,0,0,48,8,17,3,full,35.1,medium
A02730,cloud_vm,server_lan,high,internal,0,1,7.6,0.393,0,0,0,0,39,1,3,1,full,27.1,medium
A02731,server,user_lan,critical,internal,1,0,6.3,0.332,0,0,0,0,15,12,24,3,full,57.8,high
A02732,workstation,user_lan,low,public,0,0,8.2,0.674,1,1,92,1,116,4,9,2,partial,48.7,medium
A02733,database,server_lan,low,confidential,1,1,7.3,0.327,0,0,0,0,342,6,23,6,full,58.1,high
A02734,workstation,server_lan,high,public,1,0,6.5,0.258,0,0,0,0,46,10,17,1,full,48.6,medium
A02735,workstation,cloud,high,restricted,0,0,7.6,0.377,1,0,289,0,19,4,6,3,full,41.7,medium
A02736,database,server_lan,critical,restricted,1,0,8.0,0.327,1,0,193,1,175,11,24,0,partial,100.0,critical
A02737,server,cloud,medium,public,1,0,5.7,0.279,0,0,0,0,49,11,30,3,full,42.5,medium
A02738,database,user_lan,critical,confidential,1,1,5.2,0.142,0,0,0,0,33,6,20,6,full,62.7,high
A02739,web_app,dmz,medium,internal,1,0,3.7,0.598,0,0,0,0,9,10,20,3,full,58.9,high
A02740,database,user_lan,high,internal,1,0,3.1,0.093,0,0,0,0,270,10,22,3,full,36.1,medium
A02741,server,user_lan,critical,public,0,1,8.6,0.449,1,1,196,1,346,4,7,2,full,68.9,high
A02742,cloud_vm,user_lan,low,confidential,0,0,7.5,0.312,0,0,0,0,341,1,7,1,full,21.2,low
A02743,server,cloud,low,public,0,1,3.8,0.184,0,0,0,0,36,4,8,1,partial,17.6,low
A02744,cloud_vm,ot,medium,restricted,0,0,5.1,0.526,0,0,0,0,263,1,11,0,partial,26.3,medium
A02745,workstation,cloud,high,internal,0,0,6.2,0.154,0,0,0,0,31,5,12,1,full,15.4,low
A02746,cloud_vm,user_lan,low,confidential,0,1,6.2,0.606,0,0,0,0,19,2,10,0,full,20.6,low
A02747,server,user_lan,high,restricted,1,1,3.5,0.318,0,0,0,0,33,10,24,5,full,72.9,critical
A02748,server,user_lan,medium,confidential,0,1,5.9,0.296,0,0,0,0,53,4,18,2,partial,43.7,medium
A02749,database,server_lan,medium,internal,1,1,7.5,0.164,0,0,0,0,19,11,12,7,full,33.5,medium
A02750,server,cloud,medium,internal,1,0,8.5,0.311,0,0,0,0,4,7,24,3,full,53.2,high
A02751,server,cloud,critical,internal,0,0,6.5,0.43,0,0,0,0,23,4,7,0,full,29.5,medium
A02752,web_app,server_lan,low,internal,0,0,6.4,0.213,0,0,0,0,573,2,11,0,partial,31.0,medium
A02753,cloud_vm,ot,medium,restricted,1,1,4.8,0.505,0,0,0,0,14,8,25,4,partial,66.8,high
A02754,server,cloud,low,internal,1,1,7.7,0.533,0,0,0,0,2,13,13,3,full,52.4,high
A02755,cloud_vm,user_lan,critical,internal,1,0,4.2,0.488,0,0,0,0,8,18,23,2,full,45.0,medium
A02756,cloud_vm,ot,high,confidential,1,1,5.2,0.102,0,0,0,0,56,14,24,3,none,97.4,critical
A02757,cloud_vm,dmz,low,internal,1,1,6.1,0.445,0,0,0,0,703,9,18,1,full,59.7,high
A02758,web_app,dmz,low,restricted,0,0,5.7,0.22,0,0,0,0,266,6,4,1,full,16.9,low
A02759,web_app,server_lan,medium,internal,1,0,5.0,0.322,0,0,0,0,575,10,20,1,partial,69.4,high
A02760,database,user_lan,medium,public,1,0,6.5,0.307,0,0,0,0,540,9,32,1,partial,46.8,medium
A02761,web_app,server_lan,high,confidential,0,1,8.6,0.823,1,0,587,0,4,3,6,1,full,47.9,medium
A02762,cloud_vm,ot,medium,internal,0,1,7.1,0.357,0,0,0,0,273,10,9,0,none,72.1,high
A02763,server,server_lan,medium,restricted,0,0,8.6,0.329,0,0,0,0,226,8,7,0,partial,39.1,medium
A02764,workstation,server_lan,high,internal,0,0,8.0,0.382,0,0,0,0,644,3,7,0,full,24.3,medium
A02765,server,user_lan,medium,public,1,0,7.4,0.249,0,0,0,0,30,7,19,2,partial,41.9,medium
A02766,firewall,dmz,low,internal,1,0,4.1,0.354,0,0,0,0,45,5,22,7,none,55.5,high
A02767,workstation,cloud,low,internal,0,0,7.1,0.132,0,0,0,0,16,6,4,1,full,15.4,low
A02768,web_app,server_lan,medium,confidential,0,0,5.9,0.152,0,0,0,0,47,1,9,0,none,18.2,low
A02769,cloud_vm,ot,medium,internal,1,1,5.9,0.212,0,0,0,0,181,14,16,3,none,71.2,high
A02770,firewall,user_lan,low,internal,0,1,6.3,0.302,0,0,0,0,429,7,7,1,full,31.5,medium
A02771,server,dmz,medium,restricted,1,0,8.1,0.233,0,0,0,0,586,11,14,5,full,65.1,high
A02772,cloud_vm,dmz,low,internal,1,1,8.5,0.153,0,0,0,0,628,7,21,2,full,50.8,medium
A02773,cloud_vm,dmz,high,confidential,1,1,5.8,0.359,0,0,0,0,57,9,24,2,partial,69.0,high
A02774,server,ot,low,internal,1,1,5.6,0.48,0,0,0,0,1,9,29,1,partial,59.4,high
A02775,cloud_vm,user_lan,medium,confidential,0,1,5.8,0.19,0,0,0,0,28,9,10,0,full,30.1,medium
A02776,workstation,user_lan,low,internal,1,0,5.6,0.886,0,0,0,0,572,13,17,5,full,39.7,medium
A02777,web_app,server_lan,medium,confidential,0,0,7.3,0.459,0,0,0,0,20,7,10,2,full,13.7,low
A02778,database,cloud,low,internal,1,1,7.2,0.718,0,0,0,0,33,15,22,1,full,58.7,high
A02779,workstation,server_lan,medium,public,1,1,5.9,0.504,0,0,0,0,146,11,13,2,full,46.9,medium
A02780,server,user_lan,high,internal,0,0,4.3,0.407,1,0,480,1,39,5,8,1,partial,30.4,medium
A02781,server,cloud,low,public,1,1,4.4,0.481,0,0,0,0,52,7,30,2,full,59.1,high
A02782,server,server_lan,high,restricted,1,0,7.6,0.563,0,0,0,0,3,9,29,4,full,61.1,high
A02783,web_app,user_lan,medium,internal,0,1,7.2,0.447,0,0,0,0,38,3,5,2,partial,55.1,high
A02784,workstation,server_lan,medium,restricted,1,0,3.2,0.179,0,0,0,0,37,10,17,3,full,44.2,medium
A02785,server,server_lan,medium,internal,1,1,6.9,0.521,0,0,0,0,53,15,19,4,full,67.5,high
A02786,web_app,ot,medium,internal,0,0,8.1,0.173,0,0,0,0,15,5,10,0,none,34.5,medium
A02787,web_app,user_lan,high,internal,1,0,7.3,0.156,0,0,0,0,140,12,16,2,partial,65.9,high
A02788,database,cloud,high,public,1,1,8.8,0.382,0,0,0,0,21,8,21,4,full,55.4,high
A02789,firewall,user_lan,high,confidential,0,1,5.9,0.362,0,0,0,0,560,2,7,1,partial,50.4,medium
A02790,workstation,server_lan,low,public,0,0,6.1,0.561,1,0,87,1,52,4,3,3,full,35.2,medium
A02791,cloud_vm,user_lan,high,restricted,0,0,6.5,0.45,1,1,106,1,625,1,6,4,full,56.7,high
A02792,server,user_lan,low,public,0,0,5.9,0.675,0,0,0,0,39,5,13,0,partial,21.1,low
A02793,web_app,server_lan,medium,internal,1,1,5.8,0.228,0,0,0,0,28,1,17,1,partial,52.5,high
A02794,firewall,server_lan,low,public,1,0,6.8,0.16,0,0,0,0,683,8,18,2,partial,57.0,high
A02795,cloud_vm,user_lan,low,confidential,1,1,2.9,0.137,1,0,128,1,88,2,19,2,full,35.6,medium
A02796,database,cloud,medium,internal,1,0,4.5,0.176,0,0,0,0,51,14,19,2,partial,45.6,medium
A02797,web_app,server_lan,high,restricted,0,0,8.3,0.152,0,0,0,0,4,8,8,1,full,31.2,medium
A02798,workstation,cloud,low,internal,0,1,3.4,0.533,1,0,431,1,48,3,6,3,full,27.4,medium
A02799,web_app,server_lan,medium,public,1,0,6.5,0.29,0,0,0,0,53,6,32,2,partial,49.7,medium
A02800,cloud_vm,server_lan,medium,confidential,1,0,6.2,0.286,0,0,0,0,556,6,16,1,full,32.3,medium
A02801,firewall,server_lan,critical,confidential,1,1,6.8,0.145,0,0,0,0,31,11,25,4,partial,92.0,critical
A02802,database,cloud,high,confidential,1,0,7.5,0.369,0,0,0,0,559,14,18,3,none,93.3,critical
A02803,server,server_lan,low,internal,1,1,6.2,0.17,0,0,0,0,14,10,18,5,partial,63.7,high
A02804,web_app,user_lan,low,confidential,0,0,8.5,0.276,0,0,0,0,653,4,9,0,full,22.3,low
A02805,server,server_lan,medium,public,1,0,4.9,0.332,0,0,0,0,366,8,19,3,full,44.1,medium
A02806,workstation,user_lan,low,restricted,1,0,7.5,0.307,0,0,0,0,84,10,16,3,full,47.0,medium
A02807,workstation,cloud,critical,public,0,0,2.2,0.373,0,0,0,0,59,7,7,2,full,21.3,low
A02808,web_app,server_lan,critical,confidential,0,0,7.1,0.366,0,0,0,0,15,2,6,1,none,37.9,medium
A02809,server,ot,critical,public,1,0,5.0,0.255,0,0,0,0,22,8,24,8,none,84.4,critical
A02810,server,dmz,low,confidential,1,0,6.4,0.446,0,0,0,0,642,4,24,2,full,33.1,medium
A02811,server,dmz,high,restricted,0,0,4.0,0.254,0,0,0,0,631,6,7,1,full,43.3,medium
A02812,cloud_vm,user_lan,high,restricted,0,1,4.1,0.199,0,0,0,0,274,7,6,1,full,39.4,medium
A02813,web_app,user_lan,low,internal,0,0,8.7,0.429,0,0,0,0,459,1,4,3,full,20.0,low
A02814,server,server_lan,low,internal,0,1,4.8,0.251,1,1,35,1,581,5,11,3,full,38.8,medium
A02815,server,user_lan,low,confidential,0,1,5.6,0.324,0,0,0,0,24,2,3,0,full,4.9,low
A02816,database,server_lan,medium,confidential,1,1,7.3,0.341,0,0,0,0,40,5,25,4,full,74.7,critical
A02817,workstation,user_lan,critical,confidential,1,0,8.8,0.482,0,0,0,0,537,4,15,4,full,47.2,medium
A02818,web_app,user_lan,high,internal,0,1,5.2,0.49,0,0,0,0,253,2,5,6,partial,27.7,medium
A02819,workstation,ot,low,internal,0,0,7.2,0.404,0,0,0,0,34,2,5,0,none,21.8,low
A02820,firewall,user_lan,medium,internal,0,1,6.0,0.631,0,0,0,0,49,3,10,1,full,21.9,low
A02821,workstation,user_lan,low,confidential,1,0,4.2,0.206,0,0,0,0,130,7,22,2,full,26.8,medium
A02822,web_app,user_lan,low,public,0,0,5.8,0.26,0,0,0,0,694,6,6,2,full,0.0,low
A02823,server,server_lan,low,internal,1,0,3.9,0.288,0,0,0,0,7,18,28,0,full,43.3,medium
A02824,firewall,server_lan,high,restricted,0,0,6.3,0.383,0,0,0,0,41,7,6,0,partial,48.2,medium
A02825,firewall,ot,high,internal,1,0,6.6,0.215,0,0,0,0,55,11,28,1,full,44.6,medium
A02826,web_app,server_lan,high,restricted,0,1,4.2,0.117,0,0,0,0,175,3,11,0,partial,27.0,medium
A02827,database,cloud,high,internal,1,1,6.5,0.291,0,0,0,0,353,12,19,0,partial,84.1,critical
A02828,server,server_lan,low,internal,1,1,5.6,0.401,0,0,0,0,0,10,21,3,partial,53.0,high
A02829,cloud_vm,cloud,high,internal,1,1,3.0,0.467,0,0,0,0,463,11,12,7,full,85.8,critical
A02830,web_app,server_lan,low,internal,1,0,5.2,0.268,0,0,0,0,19,6,22,3,partial,44.9,medium
A02831,server,ot,medium,confidential,0,0,4.5,0.31,0,0,0,0,497,2,13,2,full,33.7,medium
A02832,workstation,user_lan,medium,public,0,0,7.4,0.421,1,0,110,1,583,1,6,4,full,29.3,medium
A02833,database,dmz,low,internal,1,0,6.5,0.535,0,0,0,0,30,11,19,4,partial,58.0,high
A02834,cloud_vm,user_lan,low,public,0,0,6.2,0.344,0,0,0,0,1,5,5,0,partial,0.0,low
A02835,web_app,user_lan,low,confidential,0,0,8.8,0.217,0,0,0,0,58,4,5,0,full,10.0,low
A02836,web_app,server_lan,low,confidential,1,1,5.7,0.397,0,0,0,0,539,14,24,4,partial,67.5,high
A02837,web_app,server_lan,critical,public,0,0,5.6,0.621,1,1,326,1,308,7,9,1,full,57.0,high
A02838,workstation,user_lan,low,internal,1,0,8.4,0.4,0,0,0,0,723,7,27,2,partial,55.9,high
A02839,workstation,cloud,medium,internal,1,0,5.5,0.402,0,0,0,0,40,8,22,1,full,29.1,medium
A02840,server,server_lan,critical,confidential,1,1,7.9,0.789,1,0,275,1,541,7,27,2,full,88.5,critical
A02841,cloud_vm,cloud,medium,public,1,0,5.2,0.245,0,0,0,0,16,11,23,2,full,29.6,medium
A02842,workstation,server_lan,medium,internal,0,0,7.6,0.259,0,0,0,0,35,5,12,4,partial,25.3,medium
A02843,workstation,dmz,critical,confidential,1,0,9.2,0.404,0,0,0,0,18,9,28,3,full,62.5,high
A02844,workstation,user_lan,low,internal,0,0,6.7,0.554,0,0,0,0,74,3,3,1,full,0.0,low
A02845,server,dmz,low,confidential,1,1,8.4,0.265,0,0,0,0,32,7,26,2,full,64.5,high
A02846,web_app,server_lan,medium,internal,0,0,6.4,0.145,0,0,0,0,709,7,2,0,partial,9.2,low
A02847,server,user_lan,medium,restricted,0,0,5.2,0.323,0,0,0,0,84,4,7,1,full,27.5,medium
A02848,server,server_lan,high,public,0,0,5.1,0.433,0,0,0,0,350,3,6,3,full,37.8,medium
A02849,cloud_vm,server_lan,low,public,0,0,5.3,0.098,0,0,0,0,31,5,12,1,full,8.6,low
A02850,workstation,user_lan,medium,internal,0,0,6.5,0.365,0,0,0,0,29,4,2,1,full,21.9,low
A02851,workstation,user_lan,high,internal,1,0,4.6,0.316,0,0,0,0,331,11,21,2,partial,53.6,high
A02852,workstation,cloud,critical,confidential,1,0,6.9,0.314,0,0,0,0,29,10,19,2,full,41.0,medium
A02853,cloud_vm,user_lan,low,internal,1,0,4.9,0.101,0,0,0,0,41,8,27,3,partial,55.2,high
A02854,workstation,user_lan,low,internal,1,1,4.6,0.245,0,0,0,0,32,7,27,3,full,38.7,medium
A02855,cloud_vm,server_lan,critical,confidential,1,0,9.0,0.389,0,0,0,0,489,6,29,3,full,64.9,high
A02856,firewall,cloud,medium,internal,1,0,4.4,0.204,0,0,0,0,10,8,26,2,full,39.2,medium
A02857,web_app,server_lan,low,confidential,1,0,4.8,0.336,0,0,0,0,52,11,27,6,partial,51.3,medium
A02858,workstation,server_lan,low,confidential,0,0,6.6,0.47,1,0,305,0,14,3,9,3,partial,31.1,medium
A02859,cloud_vm,cloud,high,public,0,1,6.1,0.376,0,0,0,0,695,6,9,4,full,46.5,medium
A02860,workstation,cloud,medium,confidential,1,1,9.5,0.326,0,0,0,0,112,10,21,0,partial,65.1,high
A02861,workstation,user_lan,medium,restricted,0,0,8.3,0.57,1,0,216,1,106,5,6,3,full,52.0,high
A02862,database,dmz,high,confidential,0,1,8.1,0.168,0,0,0,0,163,10,8,0,full,34.1,medium
A02863,workstation,dmz,low,public,0,0,7.8,0.41,0,0,0,0,365,3,3,1,full,28.7,medium
A02864,server,user_lan,low,internal,1,0,6.4,0.242,1,0,127,0,6,12,19,4,full,32.4,medium
A02865,workstation,cloud,medium,restricted,1,1,6.0,0.176,0,0,0,0,432,6,25,4,full,55.9,high
A02866,server,user_lan,critical,confidential,1,1,2.6,0.049,0,0,0,0,391,11,25,6,full,74.0,critical
A02867,workstation,dmz,low,internal,1,0,7.5,0.505,0,0,0,0,461,6,26,2,full,37.2,medium
A02868,database,server_lan,high,public,0,0,8.1,0.301,0,0,0,0,21,7,11,1,full,25.3,medium
A02869,firewall,user_lan,low,confidential,0,0,1.6,0.477,0,0,0,0,475,2,13,1,full,0.0,low
A02870,server,user_lan,low,confidential,0,1,6.9,0.132,0,0,0,0,22,6,9,1,full,26.4,medium
A02871,web_app,dmz,critical,restricted,0,1,7.7,0.471,0,0,0,0,28,6,14,1,partial,59.8,high
A02872,workstation,dmz,low,restricted,1,0,8.0,0.136,0,0,0,0,347,5,17,4,full,56.5,high
A02873,server,server_lan,low,internal,0,1,7.8,0.109,0,0,0,0,42,5,8,2,partial,54.6,high
A02874,workstation,dmz,high,confidential,0,0,6.9,0.308,0,0,0,0,105,5,6,0,full,26.4,medium
A02875,server,user_lan,medium,public,1,1,3.3,0.222,0,0,0,0,382,10,25,2,full,53.0,high
A02876,server,dmz,medium,public,1,0,8.3,0.494,1,0,688,1,38,11,31,6,partial,100.0,critical
A02877,workstation,user_lan,high,public,1,0,5.7,0.403,0,0,0,0,134,14,23,1,partial,46.7,medium
A02878,workstation,cloud,low,restricted,1,0,7.5,0.189,0,0,0,0,137,5,21,9,full,61.9,high
A02879,database,ot,high,public,0,1,6.1,0.37,1,1,385,1,351,9,10,4,partial,86.8,critical
A02880,server,ot,medium,internal,1,1,5.2,0.245,0,0,0,0,487,11,33,3,partial,79.8,critical
A02881,server,server_lan,low,internal,1,0,7.1,0.248,0,0,0,0,28,13,22,3,partial,35.2,medium
A02882,server,dmz,high,internal,0,1,6.1,0.305,0,0,0,0,7,7,6,0,full,46.1,medium
A02883,database,server_lan,medium,internal,1,1,6.1,0.445,0,0,0,0,431,10,27,1,full,65.8,high
A02884,workstation,user_lan,high,public,1,1,6.3,0.416,0,0,0,0,47,2,30,4,full,49.0,medium
A02885,database,dmz,critical,internal,1,0,6.5,0.408,1,0,576,1,54,6,20,3,partial,84.0,critical
A02886,server,server_lan,high,internal,1,0,3.9,0.654,0,0,0,0,25,8,17,5,full,52.2,high
A02887,server,server_lan,medium,confidential,1,0,6.3,0.383,0,0,0,0,3,6,21,3,full,27.1,medium
A02888,firewall,server_lan,low,confidential,1,1,4.9,0.115,0,0,0,0,47,9,21,4,partial,59.3,high
A02889,server,user_lan,critical,restricted,0,1,6.4,0.385,0,0,0,0,386,5,12,1,partial,71.8,high
A02890,server,user_lan,medium,internal,1,1,6.2,0.286,0,0,0,0,3,10,21,3,partial,59.8,high
A02891,server,user_lan,high,public,0,1,5.6,0.315,0,0,0,0,36,4,6,2,full,17.8,low
A02892,firewall,ot,high,internal,1,1,3.9,0.117,0,0,0,0,8,7,19,1,none,54.0,high
A02893,web_app,dmz,low,restricted,1,0,5.7,0.343,0,0,0,0,43,10,19,7,partial,78.3,critical
A02894,web_app,server_lan,low,public,0,0,7.9,0.242,0,0,0,0,585,4,9,1,full,20.4,low
A02895,firewall,server_lan,medium,public,1,0,4.1,0.127,0,0,0,0,166,10,18,2,partial,49.9,medium
A02896,server,user_lan,medium,restricted,1,0,4.9,0.344,0,0,0,0,197,8,22,2,full,42.6,medium
A02897,firewall,user_lan,low,restricted,1,0,7.5,0.494,0,0,0,0,4,6,22,2,partial,56.0,high
A02898,server,dmz,medium,public,1,1,8.2,0.412,0,0,0,0,328,4,24,3,full,62.3,high
A02899,web_app,ot,high,confidential,1,0,8.6,0.392,0,0,0,0,17,5,23,3,none,75.5,critical
A02900,workstation,server_lan,medium,internal,0,1,5.9,0.146,0,0,0,0,13,1,4,2,full,27.6,medium
A02901,workstation,server_lan,low,internal,1,0,6.8,0.2,0,0,0,0,31,9,23,3,full,40.6,medium
A02902,firewall,user_lan,high,internal,1,0,6.5,0.534,1,0,182,1,610,5,19,4,none,78.4,critical
A02903,server,ot,high,restricted,1,0,4.5,0.517,0,0,0,0,57,11,21,4,none,79.1,critical
A02904,firewall,user_lan,critical,public,0,0,7.4,0.35,0,0,0,0,41,8,11,0,full,19.2,low
A02905,workstation,ot,low,confidential,1,0,4.4,0.197,0,0,0,0,25,6,18,3,full,27.3,medium
A02906,web_app,server_lan,critical,public,0,1,7.7,0.341,0,0,0,0,708,4,3,1,none,65.7,high
A02907,firewall,user_lan,high,confidential,0,0,6.0,0.222,0,0,0,0,9,7,6,1,partial,40.5,medium
A02908,server,cloud,high,confidential,1,1,4.1,0.168,0,0,0,0,58,12,22,3,partial,76.9,critical
A02909,firewall,user_lan,medium,confidential,1,1,4.9,0.181,0,0,0,0,1,5,18,6,partial,72.4,critical
A02910,database,server_lan,low,restricted,1,1,5.1,0.291,0,0,0,0,15,7,23,6,partial,55.1,high
A02911,web_app,ot,medium,confidential,1,0,6.4,0.319,0,0,0,0,675,9,26,5,none,80.9,critical
A02912,server,server_lan,low,confidential,1,0,6.2,0.275,0,0,0,0,273,8,22,5,full,32.7,medium
A02913,database,server_lan,low,internal,1,0,7.0,0.203,0,0,0,0,28,7,24,2,partial,50.2,medium
A02914,web_app,cloud,critical,restricted,0,0,5.8,0.327,1,0,480,1,334,7,5,3,full,59.4,high
A02915,workstation,ot,low,internal,0,0,4.2,0.294,0,0,0,0,40,3,3,0,none,9.8,low
A02916,server,ot,critical,internal,1,0,7.8,0.222,0,0,0,0,607,10,29,4,partial,77.1,critical
A02917,workstation,cloud,medium,internal,0,0,3.5,0.315,0,0,0,0,16,4,3,0,full,9.8,low
A02918,cloud_vm,dmz,high,internal,1,1,7.2,0.456,0,0,0,0,608,11,27,2,full,76.8,critical
A02919,server,ot,low,confidential,1,0,5.4,0.195,0,0,0,0,44,13,21,3,partial,54.0,high
A02920,web_app,user_lan,medium,internal,1,1,7.5,0.343,0,0,0,0,136,12,19,5,partial,74.2,critical
A02921,firewall,user_lan,medium,internal,0,1,3.1,0.207,0,0,0,0,1,4,8,1,partial,37.8,medium
A02922,server,server_lan,critical,restricted,1,0,7.5,0.297,0,0,0,0,40,14,21,4,partial,90.6,critical
A02923,server,cloud,low,restricted,0,0,5.3,0.143,0,0,0,0,491,6,9,0,full,27.2,medium
A02924,web_app,user_lan,low,internal,0,0,6.1,0.105,0,0,0,0,585,3,9,1,partial,23.5,medium
A02925,server,cloud,critical,restricted,1,0,5.6,0.186,0,0,0,0,340,9,35,2,partial,88.0,critical
A02926,web_app,server_lan,low,internal,1,1,6.9,0.571,0,0,0,0,705,7,17,2,full,62.6,high
A02927,web_app,server_lan,medium,internal,1,1,8.3,0.542,0,0,0,0,172,8,25,2,full,65.3,high
A02928,web_app,user_lan,low,restricted,0,1,6.4,0.305,0,0,0,0,6,4,11,1,full,26.7,medium
A02929,workstation,dmz,low,confidential,1,0,6.8,0.225,0,0,0,0,19,5,24,1,partial,45.3,medium
A02930,web_app,user_lan,medium,confidential,0,0,6.6,0.538,0,0,0,0,28,3,6,0,full,19.3,low
A02931,web_app,server_lan,medium,internal,1,0,8.3,0.351,0,0,0,0,48,9,15,4,partial,46.5,medium
A02932,server,user_lan,medium,internal,0,1,7.4,0.269,0,0,0,0,3,6,8,0,full,25.1,medium
A02933,database,dmz,medium,public,1,1,7.4,0.182,0,0,0,0,7,12,15,4,partial,55.2,high
A02934,cloud_vm,server_lan,high,restricted,1,1,4.1,0.153,0,0,0,0,11,7,29,7,partial,68.4,high
A02935,web_app,user_lan,critical,internal,0,0,8.1,0.364,0,0,0,0,11,4,8,1,full,28.2,medium
A02936,database,server_lan,low,internal,1,1,3.3,0.195,0,0,0,0,212,11,20,3,full,37.8,medium
A02937,workstation,server_lan,medium,public,1,1,9.4,0.321,0,0,0,0,7,5,22,4,full,68.4,high
A02938,server,server_lan,medium,confidential,1,1,7.5,0.269,0,0,0,0,559,6,22,4,full,69.1,high
A02939,workstation,server_lan,high,internal,0,1,5.8,0.366,1,0,100,1,270,2,5,7,full,67.1,high
A02940,server,user_lan,medium,confidential,1,1,6.7,0.231,0,0,0,0,81,8,17,1,full,63.0,high
A02941,firewall,server_lan,high,internal,1,0,6.3,0.494,0,0,0,0,19,6,29,1,full,16.9,low
A02942,server,server_lan,medium,public,1,1,8.4,0.355,0,0,0,0,209,3,27,6,partial,69.1,high
A02943,cloud_vm,user_lan,medium,public,1,1,3.9,0.226,0,0,0,0,515,11,21,2,full,63.4,high
A02944,server,user_lan,high,public,0,1,6.9,0.471,0,0,0,0,84,4,13,2,partial,42.5,medium
A02945,workstation,user_lan,medium,confidential,0,1,5.8,0.296,0,0,0,0,39,1,19,0,full,18.1,low
A02946,workstation,server_lan,medium,confidential,1,0,4.2,0.61,0,0,0,0,23,12,20,3,full,34.2,medium
A02947,workstation,ot,low,internal,1,0,5.9,0.272,0,0,0,0,118,7,21,4,none,49.1,medium
A02948,cloud_vm,server_lan,medium,internal,0,0,6.7,0.17,0,0,0,0,27,2,14,1,partial,8.1,low
A02949,firewall,server_lan,low,internal,0,0,5.1,0.302,0,0,0,0,48,7,6,0,none,0.0,low
A02950,cloud_vm,ot,high,restricted,0,1,6.8,0.413,0,0,0,0,54,4,9,2,partial,49.1,medium
A02951,server,user_lan,medium,restricted,0,1,4.4,0.188,0,0,0,0,454,5,7,0,full,35.8,medium
A02952,cloud_vm,user_lan,low,confidential,0,1,5.2,0.367,0,0,0,0,9,5,10,2,full,30.5,medium
A02953,server,cloud,low,public,0,0,4.5,0.338,0,0,0,0,43,1,8,0,full,5.8,low
A02954,cloud_vm,dmz,medium,internal,0,0,8.4,0.283,1,1,486,1,645,1,5,2,full,54.5,high
A02955,database,cloud,critical,restricted,1,1,3.4,0.183,0,0,0,0,586,6,26,2,partial,72.0,high
A02956,workstation,user_lan,medium,internal,0,0,4.3,0.146,0,0,0,0,19,1,0,0,partial,0.0,low
A02957,server,server_lan,low,confidential,0,1,0.8,0.189,0,0,0,0,17,3,11,1,full,0.0,low
A02958,server,server_lan,medium,restricted,1,1,3.1,0.275,0,0,0,0,572,4,18,2,partial,83.1,critical
A02959,workstation,dmz,critical,confidential,1,1,6.6,0.193,0,0,0,0,68,5,22,4,partial,82.7,critical
A02960,cloud_vm,ot,high,confidential,0,1,8.2,0.261,0,0,0,0,7,3,5,0,partial,42.5,medium
A02961,cloud_vm,server_lan,low,internal,1,1,7.2,0.41,0,0,0,0,49,17,18,5,full,63.3,high
A02962,firewall,server_lan,medium,restricted,1,0,4.5,0.09,0,0,0,0,36,5,17,0,none,53.1,high
A02963,server,user_lan,high,internal,1,1,5.7,0.41,0,0,0,0,571,8,25,2,partial,88.1,critical
A02964,web_app,user_lan,high,restricted,1,1,5.0,0.253,0,0,0,0,35,10,17,6,full,62.8,high
A02965,workstation,server_lan,medium,internal,1,1,5.6,0.503,0,0,0,0,467,6,27,2,partial,65.1,high
A02966,database,cloud,high,confidential,1,1,7.7,0.19,0,0,0,0,39,3,21,5,partial,80.6,critical
A02967,workstation,user_lan,medium,restricted,0,1,5.9,0.148,0,0,0,0,362,3,11,0,partial,43.0,medium
A02968,workstation,cloud,low,internal,1,1,5.3,0.266,0,0,0,0,371,4,24,4,full,52.1,high
A02969,database,dmz,low,internal,1,1,6.4,0.385,0,0,0,0,4,9,17,3,none,66.6,high
A02970,server,dmz,medium,public,1,1,3.8,0.303,0,0,0,0,5,13,24,5,partial,61.4,high
A02971,database,user_lan,low,confidential,1,1,3.8,0.514,0,0,0,0,663,9,14,1,full,60.7,high
A02972,web_app,server_lan,medium,confidential,1,0,4.8,0.627,1,0,96,1,579,6,21,6,full,64.9,high
A02973,server,user_lan,high,internal,0,0,7.4,0.47,0,0,0,0,17,7,6,1,partial,38.7,medium
A02974,firewall,dmz,high,restricted,1,1,7.4,0.461,1,0,41,1,23,11,17,6,partial,97.0,critical
A02975,database,cloud,low,restricted,0,0,6.8,0.326,1,1,564,0,13,4,9,3,full,47.5,medium
A02976,cloud_vm,cloud,low,restricted,1,0,4.9,0.15,0,0,0,0,48,9,20,1,full,46.7,medium
A02977,web_app,cloud,high,confidential,1,0,4.7,0.648,0,0,0,0,56,11,26,3,partial,75.4,critical
A02978,web_app,ot,medium,restricted,1,0,6.8,0.168,0,0,0,0,257,11,19,1,none,75.6,critical
A02979,web_app,ot,low,restricted,1,0,3.4,0.06,0,0,0,0,16,12,26,4,none,62.3,high
A02980,cloud_vm,user_lan,high,public,1,0,5.9,0.248,0,0,0,0,7,9,16,3,full,58.2,high
A02981,web_app,server_lan,low,restricted,0,1,8.8,0.177,0,0,0,0,54,8,6,1,full,43.0,medium
A02982,workstation,cloud,low,internal,0,0,6.7,0.369,0,0,0,0,26,5,7,0,partial,15.3,low
A02983,server,ot,high,restricted,0,0,7.5,0.254,0,0,0,0,268,3,11,0,none,44.2,medium
A02984,web_app,ot,medium,confidential,1,0,7.9,0.573,1,0,293,0,11,8,27,6,full,77.1,critical
A02985,server,cloud,medium,confidential,0,0,6.6,0.208,0,0,0,0,15,10,7,2,partial,27.2,medium
A02986,workstation,server_lan,high,internal,0,0,5.6,0.292,0,0,0,0,48,5,8,1,partial,22.9,low
A02987,server,ot,critical,public,1,0,5.7,0.194,0,0,0,0,543,13,22,2,none,73.4,critical
A02988,database,ot,low,internal,1,0,7.3,0.259,0,0,0,0,58,7,27,4,partial,44.4,medium
A02989,server,user_lan,medium,confidential,1,0,5.1,0.349,0,0,0,0,27,5,16,6,full,44.8,medium
A02990,web_app,cloud,low,restricted,1,0,8.0,0.166,0,0,0,0,57,11,23,1,partial,63.7,high
A02991,cloud_vm,user_lan,medium,public,0,0,8.0,0.583,0,0,0,0,289,6,10,1,partial,30.3,medium
A02992,cloud_vm,ot,medium,public,1,0,7.1,0.557,0,0,0,0,7,7,17,3,full,61.3,high
A02993,workstation,dmz,medium,confidential,1,1,6.3,0.194,0,0,0,0,282,7,19,3,full,58.9,high
A02994,database,cloud,low,internal,1,0,6.7,0.169,0,0,0,0,641,4,21,2,full,48.3,medium
A02995,database,dmz,high,public,1,0,7.1,0.155,0,0,0,0,4,9,22,6,full,39.2,medium
A02996,database,server_lan,medium,public,1,0,9.3,0.475,0,0,0,0,568,9,14,4,full,50.5,medium
A02997,web_app,dmz,critical,confidential,1,1,8.1,0.187,0,0,0,0,29,12,20,7,full,70.4,high
A02998,server,user_lan,medium,confidential,0,1,5.7,0.266,0,0,0,0,82,2,11,2,partial,39.7,medium
A02999,firewall,server_lan,high,restricted,1,1,7.0,0.787,1,0,237,1,59,8,24,9,full,96.5,critical
A03000,server,ot,medium,internal,0,1,9.2,0.445,1,0,219,1,244,6,10,3,partial,75.5,critical
A03001,cloud_vm,user_lan,medium,public,0,0,3.9,0.215,0,0,0,0,556,4,6,1,full,23.1,low
A03002,web_app,cloud,high,confidential,1,0,7.3,0.517,1,0,429,1,33,1,19,4,partial,82.5,critical
A03003,workstation,server_lan,high,restricted,1,0,8.4,0.596,0,0,0,0,16,9,16,4,partial,70.5,high
A03004,cloud_vm,dmz,medium,internal,1,0,8.9,0.444,0,0,0,0,485,5,27,2,full,65.6,high
A03005,server,cloud,medium,restricted,1,0,5.4,0.667,1,1,237,1,53,8,30,2,full,80.2,critical
A03006,cloud_vm,user_lan,medium,confidential,0,0,8.6,0.664,1,1,379,1,366,3,4,0,full,35.6,medium
A03007,web_app,user_lan,medium,restricted,0,0,7.8,0.29,0,0,0,0,592,1,4,0,full,31.9,medium
A03008,server,cloud,medium,internal,1,1,5.0,0.123,0,0,0,0,394,3,21,3,full,55.8,high
A03009,server,cloud,high,public,1,0,5.2,0.084,0,0,0,0,34,9,30,3,full,45.4,medium
A03010,cloud_vm,user_lan,medium,public,0,0,4.8,0.375,0,0,0,0,537,9,4,2,full,27.6,medium
A03011,workstation,ot,medium,confidential,1,1,8.4,0.204,0,0,0,0,35,8,21,4,partial,60.1,high
A03012,cloud_vm,user_lan,medium,restricted,1,0,6.1,0.354,0,0,0,0,520,10,23,1,full,58.6,high
A03013,cloud_vm,user_lan,critical,internal,0,0,7.0,0.443,0,0,0,0,35,7,9,0,full,32.5,medium
A03014,web_app,server_lan,low,public,0,1,8.9,0.312,0,0,0,0,585,5,6,1,none,57.7,high
A03015,workstation,dmz,low,public,1,0,2.8,0.377,0,0,0,0,86,3,32,5,full,28.4,medium
A03016,web_app,server_lan,low,confidential,1,0,7.5,0.22,0,0,0,0,671,10,26,3,full,30.6,medium
A03017,firewall,cloud,high,restricted,1,0,3.4,0.175,0,0,0,0,23,8,32,3,partial,64.0,high
A03018,server,user_lan,medium,internal,0,1,7.0,0.35,0,0,0,0,684,4,10,0,full,14.3,low
A03019,workstation,server_lan,medium,confidential,0,1,5.3,0.762,1,0,438,1,28,9,5,1,partial,40.0,medium
A03020,server,user_lan,low,internal,1,0,8.5,0.553,0,0,0,0,86,11,16,1,partial,50.7,medium
A03021,workstation,server_lan,critical,restricted,0,0,3.7,0.696,1,0,52,1,363,3,5,4,full,62.1,high
A03022,cloud_vm,server_lan,medium,confidential,1,0,6.5,0.154,0,0,0,0,520,8,26,8,full,75.2,critical
A03023,database,ot,medium,public,0,1,6.6,0.512,0,0,0,0,77,2,10,2,none,49.5,medium
A03024,database,server_lan,low,confidential,0,1,5.9,0.449,0,0,0,0,3,4,7,0,full,13.1,low
A03025,workstation,server_lan,low,restricted,1,1,5.4,0.304,0,0,0,0,620,8,21,5,full,62.0,high
A03026,server,user_lan,low,restricted,1,0,5.4,0.356,0,0,0,0,15,5,32,3,full,34.2,medium
A03027,workstation,server_lan,medium,confidential,1,0,7.1,0.798,1,0,520,1,36,9,21,7,full,68.7,high
A03028,cloud_vm,cloud,medium,public,0,1,6.5,0.639,0,0,0,0,8,4,7,1,full,22.6,low
A03029,web_app,ot,low,internal,0,0,7.5,0.359,0,0,0,0,5,5,7,3,none,34.1,medium
A03030,workstation,user_lan,medium,confidential,1,0,7.6,0.583,0,0,0,0,598,7,17,5,full,51.9,high
A03031,cloud_vm,user_lan,low,internal,0,0,2.0,0.126,0,0,0,0,13,3,10,1,partial,15.2,low
A03032,server,server_lan,medium,restricted,0,1,5.4,0.301,0,0,0,0,30,3,12,1,full,32.5,medium
A03033,workstation,user_lan,low,internal,1,0,6.7,0.496,0,0,0,0,44,12,18,2,partial,40.4,medium
A03034,server,server_lan,low,restricted,1,0,4.4,0.254,0,0,0,0,369,5,29,3,full,42.4,medium
A03035,firewall,dmz,low,internal,1,1,3.7,0.224,0,0,0,0,581,9,13,3,partial,49.3,medium
A03036,web_app,cloud,high,public,1,1,6.1,0.418,0,0,0,0,30,9,26,3,partial,63.3,high
A03037,web_app,user_lan,critical,internal,0,0,6.2,0.305,0,0,0,0,4,5,7,1,none,54.2,high
A03038,server,user_lan,medium,confidential,0,1,4.7,0.317,0,0,0,0,29,4,4,2,full,23.9,medium
A03039,server,dmz,low,restricted,1,0,7.0,0.203,0,0,0,0,45,10,19,3,partial,56.9,high
A03040,web_app,cloud,critical,internal,1,0,4.7,0.173,0,0,0,0,39,12,20,5,full,71.2,high
A03041,workstation,server_lan,critical,public,1,1,7.4,0.27,0,0,0,0,36,3,21,2,full,38.6,medium
A03042,firewall,server_lan,medium,restricted,1,0,5.2,0.208,0,0,0,0,530,5,17,4,full,64.6,high
A03043,cloud_vm,cloud,low,confidential,1,0,6.1,0.44,0,0,0,0,450,5,25,5,partial,68.3,high
A03044,workstation,user_lan,high,internal,0,0,3.9,0.361,0,0,0,0,25,2,4,2,partial,18.7,low
A03045,cloud_vm,ot,critical,restricted,0,1,2.6,0.396,0,0,0,0,26,4,11,2,none,79.4,critical
A03046,firewall,server_lan,high,public,0,0,1.7,0.383,0,0,0,0,292,6,6,0,full,23.0,low
A03047,database,user_lan,medium,public,1,0,8.1,0.356,0,0,0,0,4,9,13,1,full,35.7,medium
A03048,web_app,ot,medium,internal,1,1,8.4,0.22,0,0,0,0,460,10,29,1,none,79.2,critical
A03049,cloud_vm,user_lan,critical,confidential,0,1,8.2,0.259,0,0,0,0,58,1,9,1,full,32.0,medium
A03050,workstation,user_lan,low,internal,1,0,4.6,0.212,0,0,0,0,34,6,26,4,full,37.0,medium
A03051,cloud_vm,server_lan,low,restricted,1,1,6.5,0.549,0,0,0,0,28,4,25,7,full,56.9,high
A03052,server,cloud,high,internal,0,1,4.5,0.162,0,0,0,0,308,2,6,0,full,24.7,medium
A03053,web_app,ot,low,restricted,0,1,8.4,0.439,0,0,0,0,436,3,7,1,none,48.3,medium
A03054,cloud_vm,user_lan,medium,public,0,0,6.6,0.119,0,0,0,0,674,4,12,0,partial,27.4,medium
A03055,web_app,ot,low,public,1,0,6.9,0.125,1,0,141,1,57,6,26,5,full,53.8,high
A03056,database,user_lan,low,public,0,1,5.4,0.163,0,0,0,0,456,6,10,1,full,22.2,low
A03057,web_app,user_lan,low,public,1,1,8.3,0.287,0,0,0,0,28,6,14,5,partial,47.1,medium
A03058,server,server_lan,medium,internal,1,0,8.1,0.66,1,1,289,1,51,9,26,7,partial,93.3,critical
A03059,server,user_lan,medium,restricted,1,0,8.7,0.515,0,0,0,0,162,9,27,4,full,62.0,high
A03060,workstation,cloud,medium,confidential,0,1,7.2,0.446,1,0,593,0,5,3,3,3,partial,45.6,medium
A03061,web_app,user_lan,medium,confidential,1,0,6.6,0.215,0,0,0,0,207,4,22,6,partial,51.0,medium
A03062,workstation,server_lan,critical,public,0,0,3.5,0.387,0,0,0,0,55,3,7,0,full,11.8,low
A03063,workstation,user_lan,medium,restricted,0,1,5.1,0.268,0,0,0,0,53,2,8,1,full,29.9,medium
A03064,cloud_vm,cloud,critical,internal,0,1,4.3,0.139,0,0,0,0,35,3,9,2,full,7.7,low
A03065,workstation,ot,medium,confidential,1,0,3.1,0.231,0,0,0,0,228,9,15,2,full,62.3,high
A03066,workstation,server_lan,low,confidential,0,0,7.0,0.293,0,0,0,0,25,4,1,2,full,17.7,low
A03067,workstation,dmz,high,public,1,0,4.5,0.312,0,0,0,0,34,6,18,5,partial,48.5,medium
A03068,server,server_lan,high,internal,1,0,8.3,0.475,0,0,0,0,102,9,22,2,full,34.3,medium
A03069,web_app,dmz,low,restricted,1,0,6.2,0.256,0,0,0,0,40,6,18,1,full,31.5,medium
A03070,workstation,ot,medium,internal,0,0,6.6,0.228,0,0,0,0,727,2,6,0,none,21.7,low
A03071,server,user_lan,high,confidential,0,0,5.3,0.372,0,0,0,0,25,5,6,0,full,28.6,medium
A03072,firewall,user_lan,low,restricted,0,0,5.4,0.245,0,0,0,0,34,3,9,0,full,8.6,low
A03073,cloud_vm,server_lan,medium,internal,1,0,7.6,0.35,0,0,0,0,30,7,20,2,full,47.1,medium
A03074,web_app,user_lan,low,internal,1,1,5.4,0.48,0,0,0,0,51,10,22,1,partial,47.8,medium
A03075,cloud_vm,ot,low,internal,1,0,5.9,0.407,0,0,0,0,3,10,23,5,none,55.9,high
A03076,cloud_vm,user_lan,high,confidential,0,0,7.9,0.648,0,0,0,0,96,4,10,0,full,42.7,medium
A03077,workstation,dmz,medium,internal,0,0,6.1,0.425,0,0,0,0,30,5,12,3,full,24.0,medium
A03078,web_app,server_lan,high,internal,0,1,5.5,0.218,0,0,0,0,324,5,6,1,none,36.5,medium
A03079,web_app,ot,high,internal,1,0,6.2,0.632,0,0,0,0,60,11,15,2,none,89.1,critical
A03080,workstation,ot,critical,restricted,1,0,4.7,0.183,0,0,0,0,724,5,23,8,none,100.0,critical
A03081,server,server_lan,medium,restricted,0,1,7.9,0.33,0,0,0,0,28,7,4,1,full,36.9,medium
A03082,server,user_lan,medium,confidential,1,0,5.6,0.381,0,0,0,0,7,12,21,2,partial,54.7,high
A03083,web_app,dmz,low,restricted,1,0,6.6,0.255,1,1,216,1,233,9,24,7,none,100.0,critical
A03084,cloud_vm,user_lan,medium,confidential,1,0,6.6,0.164,0,0,0,0,30,7,15,7,full,37.4,medium
A03085,cloud_vm,dmz,medium,restricted,1,0,4.3,0.109,0,0,0,0,3,2,23,5,partial,53.6,high
A03086,workstation,cloud,high,public,1,0,4.7,0.547,0,0,0,0,684,8,21,2,full,55.1,high
A03087,server,ot,medium,internal,0,1,7.5,0.25,0,0,0,0,23,7,9,0,partial,11.2,low
A03088,workstation,server_lan,low,restricted,0,0,7.3,0.298,1,0,342,0,2,2,8,4,partial,21.2,low
A03089,database,user_lan,high,internal,0,1,4.2,0.309,0,0,0,0,26,4,14,0,partial,19.8,low
A03090,cloud_vm,dmz,high,internal,1,1,9.2,0.282,0,0,0,0,21,8,17,4,full,61.4,high
A03091,cloud_vm,server_lan,medium,confidential,0,0,8.6,0.512,0,0,0,0,508,7,9,0,full,27.2,medium
A03092,cloud_vm,dmz,high,confidential,1,0,2.7,0.292,0,0,0,0,47,10,19,1,full,51.6,high
A03093,cloud_vm,server_lan,medium,internal,1,1,4.4,0.152,0,0,0,0,32,7,15,3,full,31.7,medium
A03094,firewall,ot,high,internal,1,1,5.9,0.418,0,0,0,0,16,11,15,8,full,67.0,high
A03095,database,dmz,medium,internal,1,1,6.1,0.471,0,0,0,0,32,7,21,4,full,54.3,high
A03096,server,cloud,medium,public,0,1,8.2,0.282,0,0,0,0,640,3,11,1,partial,36.7,medium
A03097,server,dmz,low,internal,1,0,5.0,0.399,0,0,0,0,422,5,18,4,partial,65.1,high
A03098,workstation,user_lan,low,internal,1,0,6.6,0.327,0,0,0,0,592,10,23,1,full,48.7,medium
A03099,workstation,user_lan,high,confidential,0,0,8.0,0.322,0,0,0,0,37,9,7,1,full,39.2,medium
A03100,server,ot,medium,internal,1,0,4.8,0.318,0,0,0,0,5,5,33,3,none,56.8,high
A03101,firewall,server_lan,low,internal,1,0,3.4,0.16,0,0,0,0,514,5,23,6,full,57.0,high
A03102,server,server_lan,low,confidential,0,0,3.6,0.073,0,0,0,0,10,2,10,1,full,20.3,low
A03103,firewall,cloud,medium,public,0,0,6.8,0.61,1,0,206,1,49,6,2,6,partial,34.7,medium
A03104,cloud_vm,cloud,high,internal,0,1,7.7,0.183,0,0,0,0,638,3,7,1,full,24.4,medium
A03105,web_app,user_lan,medium,public,1,1,5.9,0.174,0,0,0,0,7,16,22,4,partial,71.9,high
A03106,web_app,dmz,high,confidential,1,1,7.7,0.391,0,0,0,0,307,9,24,4,full,72.6,critical
A03107,workstation,server_lan,high,public,1,0,3.4,0.23,0,0,0,0,517,12,12,4,full,42.7,medium
A03108,web_app,cloud,medium,internal,1,1,6.9,0.416,0,0,0,0,43,13,27,5,full,61.0,high
A03109,server,user_lan,high,confidential,1,0,6.1,0.449,0,0,0,0,7,8,27,3,partial,66.1,high
A03110,firewall,user_lan,low,confidential,1,0,7.0,0.299,0,0,0,0,49,11,31,2,full,59.8,high
A03111,workstation,server_lan,medium,confidential,1,1,9.1,0.515,0,0,0,0,68,6,21,3,full,54.0,high
A03112,workstation,server_lan,low,restricted,1,0,6.5,0.528,0,0,0,0,0,13,25,5,full,49.4,medium
A03113,web_app,ot,low,confidential,0,1,8.2,0.668,0,0,0,0,448,6,10,0,none,56.3,high
A03114,web_app,cloud,low,internal,1,0,4.8,0.221,0,0,0,0,24,9,16,4,none,60.4,high
A03115,workstation,dmz,low,internal,1,0,3.1,0.2,0,0,0,0,694,8,27,3,full,42.3,medium
A03116,web_app,ot,high,public,0,1,6.6,0.371,0,0,0,0,702,6,7,0,full,35.5,medium
A03117,server,user_lan,medium,internal,0,1,6.5,0.238,0,0,0,0,57,8,9,2,full,23.9,medium
A03118,web_app,server_lan,critical,public,1,0,6.7,0.456,0,0,0,0,488,8,21,2,full,57.2,high
A03119,workstation,server_lan,medium,internal,1,1,6.4,0.398,0,0,0,0,64,7,19,6,full,48.0,medium
A03120,workstation,cloud,medium,confidential,1,0,8.0,0.538,0,0,0,0,26,11,15,4,partial,72.6,critical
A03121,server,server_lan,low,confidential,0,0,6.1,0.571,0,0,0,0,27,5,14,0,full,4.0,low
A03122,workstation,user_lan,medium,internal,1,0,6.0,0.663,0,0,0,0,32,10,18,2,full,56.2,high
A03123,workstation,user_lan,medium,internal,1,1,7.8,0.597,0,0,0,0,87,6,24,3,full,55.5,high
A03124,workstation,server_lan,critical,public,0,0,6.6,0.344,0,0,0,0,26,3,6,2,partial,23.8,medium
A03125,server,ot,critical,internal,0,1,6.6,0.781,0,0,0,0,58,7,13,2,none,87.1,critical
A03126,server,server_lan,low,internal,1,0,4.5,0.442,0,0,0,0,380,14,22,5,partial,54.2,high
A03127,database,server_lan,medium,internal,1,0,5.7,0.298,0,0,0,0,182,13,21,2,full,53.1,high
A03128,server,user_lan,medium,internal,1,1,7.8,0.253,0,0,0,0,11,7,29,4,partial,49.0,medium
A03129,web_app,user_lan,medium,restricted,1,1,3.0,0.138,0,0,0,0,11,4,28,3,partial,54.2,high
A03130,firewall,user_lan,low,internal,1,0,6.2,0.493,0,0,0,0,51,5,19,3,full,25.6,medium
A03131,workstation,user_lan,high,confidential,0,0,8.8,0.228,0,0,0,0,498,2,4,1,partial,32.7,medium
A03132,cloud_vm,ot,high,public,0,1,3.8,0.256,0,0,0,0,37,5,7,0,none,45.4,medium
A03133,server,cloud,medium,public,1,0,6.8,0.218,0,0,0,0,10,6,22,3,full,36.9,medium
A03134,server,cloud,medium,internal,1,1,9.3,0.311,0,0,0,0,282,5,14,1,full,65.2,high
A03135,web_app,server_lan,low,restricted,1,0,6.6,0.305,0,0,0,0,19,6,18,1,partial,57.9,high
A03136,cloud_vm,server_lan,critical,public,1,0,7.2,0.268,0,0,0,0,24,14,18,1,full,47.9,medium
A03137,cloud_vm,user_lan,low,internal,0,1,6.2,0.22,0,0,0,0,89,3,7,0,full,43.7,medium
A03138,server,dmz,low,restricted,1,1,8.0,0.348,0,0,0,0,49,10,35,1,full,61.3,high
A03139,cloud_vm,cloud,low,internal,1,0,7.7,0.505,0,0,0,0,555,11,26,3,partial,75.3,critical
A03140,workstation,server_lan,high,internal,1,0,4.8,0.257,0,0,0,0,435,5,26,2,full,55.5,high
A03141,workstation,server_lan,high,confidential,0,1,8.2,0.401,0,0,0,0,58,3,5,1,full,39.0,medium
A03142,server,server_lan,low,internal,0,1,3.6,0.353,0,0,0,0,236,2,10,4,full,27.1,medium
A03143,firewall,server_lan,low,restricted,1,0,6.9,0.263,0,0,0,0,496,14,19,2,full,41.2,medium
A03144,server,server_lan,high,public,1,1,3.4,0.267,0,0,0,0,42,9,36,7,full,45.2,medium
A03145,cloud_vm,user_lan,medium,confidential,0,1,5.6,0.208,0,0,0,0,647,1,9,3,full,15.0,low
A03146,web_app,user_lan,low,internal,1,0,7.7,0.219,0,0,0,0,330,7,14,7,partial,49.7,medium
A03147,web_app,server_lan,critical,confidential,1,0,7.1,0.232,0,0,0,0,466,9,25,6,partial,78.8,critical
A03148,web_app,server_lan,low,restricted,0,0,6.2,0.379,0,0,0,0,18,6,11,0,partial,37.8,medium
A03149,cloud_vm,cloud,medium,restricted,1,1,6.0,0.156,0,0,0,0,544,9,26,3,full,80.1,critical
A03150,server,dmz,low,restricted,1,0,4.9,0.426,0,0,0,0,26,10,15,1,full,42.7,medium
A03151,server,user_lan,high,confidential,1,0,7.8,0.141,0,0,0,0,34,8,19,1,partial,51.9,high
A03152,web_app,user_lan,high,public,0,0,7.2,0.898,1,0,388,1,36,4,5,3,full,69.4,high
A03153,workstation,user_lan,medium,public,0,0,7.5,0.33,0,0,0,0,326,4,14,0,full,23.4,medium
A03154,server,cloud,high,internal,0,1,4.0,0.323,0,0,0,0,621,7,9,1,partial,43.9,medium
A03155,server,user_lan,critical,internal,0,1,5.2,0.243,0,0,0,0,377,4,3,2,full,34.7,medium
A03156,workstation,ot,high,internal,0,0,3.3,0.367,1,0,344,1,599,1,6,7,full,31.2,medium
A03157,server,cloud,medium,confidential,1,1,3.4,0.318,0,0,0,0,15,12,25,2,full,45.4,medium
A03158,server,server_lan,medium,confidential,1,0,3.7,0.235,1,1,146,1,43,8,18,7,partial,70.8,high
A03159,cloud_vm,server_lan,critical,restricted,1,0,5.1,0.288,0,0,0,0,234,14,18,2,full,73.7,critical
A03160,workstation,server_lan,low,internal,1,1,6.6,0.186,0,0,0,0,34,6,24,2,full,53.2,high
A03161,firewall,server_lan,low,confidential,1,1,7.7,0.549,0,0,0,0,54,6,25,4,full,64.6,high
A03162,firewall,user_lan,low,confidential,1,1,6.4,0.186,0,0,0,0,166,6,20,1,partial,42.5,medium
A03163,server,server_lan,high,restricted,1,0,7.9,0.246,0,0,0,0,532,12,19,9,partial,92.7,critical
A03164,web_app,server_lan,low,confidential,0,0,6.8,0.39,1,0,809,1,172,2,7,2,full,32.1,medium
A03165,web_app,server_lan,low,internal,1,0,4.2,0.434,0,0,0,0,484,4,19,5,full,40.5,medium
A03166,web_app,user_lan,medium,public,1,1,8.6,0.443,0,0,0,0,11,7,27,4,full,47.3,medium
A03167,server,user_lan,low,restricted,1,1,6.8,0.437,0,0,0,0,719,12,20,4,partial,62.9,high
A03168,server,ot,medium,confidential,0,1,8.4,0.381,0,0,0,0,29,7,12,1,none,55.6,high
A03169,server,server_lan,medium,confidential,1,1,7.0,0.556,0,0,0,0,28,7,23,4,full,63.1,high
A03170,web_app,server_lan,low,confidential,0,1,6.5,0.221,0,0,0,0,559,5,10,1,partial,27.4,medium
A03171,firewall,ot,critical,confidential,1,1,8.6,0.405,1,0,38,1,663,4,22,3,full,74.3,critical
A03172,web_app,user_lan,low,confidential,0,1,8.3,0.228,0,0,0,0,519,8,9,1,none,43.3,medium
A03173,web_app,user_lan,high,restricted,0,0,4.2,0.624,0,0,0,0,175,3,8,0,full,50.8,medium
A03174,firewall,user_lan,medium,restricted,0,1,6.4,0.524,0,0,0,0,3,5,10,1,partial,51.3,medium
A03175,web_app,dmz,low,internal,1,1,5.1,0.359,0,0,0,0,316,4,27,1,partial,63.7,high
A03176,server,cloud,low,public,0,1,4.9,0.428,0,0,0,0,360,4,4,0,full,31.2,medium
A03177,cloud_vm,user_lan,medium,public,1,0,8.0,0.23,0,0,0,0,721,11,27,4,full,70.2,high
A03178,workstation,user_lan,medium,internal,1,0,7.3,0.632,1,0,94,1,639,4,28,3,partial,70.6,high
A03179,server,user_lan,low,confidential,0,1,7.1,0.468,0,0,0,0,310,3,8,0,full,37.0,medium
A03180,database,server_lan,critical,restricted,0,0,7.3,0.202,0,0,0,0,7,5,9,0,full,37.6,medium
A03181,firewall,server_lan,medium,internal,0,0,6.7,0.168,1,1,266,1,137,6,7,2,partial,44.2,medium
A03182,workstation,cloud,critical,internal,1,1,5.5,0.161,0,0,0,0,45,8,29,0,full,63.4,high
A03183,database,user_lan,low,internal,1,1,6.9,0.193,0,0,0,0,42,2,20,4,full,35.3,medium
A03184,server,dmz,low,confidential,1,0,8.5,0.477,0,0,0,0,0,8,20,3,full,53.9,high
A03185,server,server_lan,medium,confidential,0,1,2.8,0.191,0,0,0,0,43,5,5,0,full,18.8,low
A03186,server,ot,low,public,1,1,7.7,0.315,0,0,0,0,59,6,26,1,partial,35.6,medium
A03187,web_app,server_lan,low,internal,1,0,7.9,0.497,0,0,0,0,522,7,20,2,full,48.0,medium
A03188,cloud_vm,server_lan,low,internal,0,1,8.1,0.321,0,0,0,0,221,5,11,0,full,24.0,medium
A03189,server,user_lan,low,internal,0,0,6.4,0.37,0,0,0,0,116,5,5,0,partial,7.5,low
A03190,workstation,cloud,high,confidential,0,0,9.2,0.262,0,0,0,0,641,6,6,0,full,33.0,medium
A03191,server,user_lan,low,restricted,1,0,6.8,0.181,0,0,0,0,46,6,25,3,full,49.5,medium
A03192,server,cloud,critical,public,1,0,5.6,0.569,0,0,0,0,31,3,24,3,full,47.1,medium
A03193,database,dmz,low,internal,1,0,6.2,0.536,0,0,0,0,36,9,26,2,full,50.2,medium
A03194,web_app,ot,medium,internal,1,1,7.5,0.323,0,0,0,0,42,9,23,5,full,49.9,medium
A03195,web_app,ot,medium,internal,1,0,8.7,0.41,1,1,362,1,81,8,17,5,none,99.5,critical
A03196,workstation,user_lan,medium,internal,1,1,6.2,0.266,0,0,0,0,22,3,17,5,partial,67.0,high
A03197,database,user_lan,high,public,1,1,8.4,0.301,0,0,0,0,11,7,20,5,partial,60.4,high
A03198,server,server_lan,high,public,1,0,1.7,0.133,0,0,0,0,10,9,27,3,partial,52.1,high
A03199,server,user_lan,low,confidential,0,0,6.6,0.376,0,0,0,0,524,6,6,1,full,21.1,low
A03200,firewall,server_lan,medium,public,1,0,2.2,0.375,0,0,0,0,16,13,20,2,full,38.4,medium
A03201,cloud_vm,dmz,high,confidential,1,0,3.9,0.206,0,0,0,0,47,8,15,4,full,58.9,high
A03202,firewall,ot,low,internal,0,1,6.4,0.44,0,0,0,0,657,5,5,0,partial,32.3,medium
A03203,cloud_vm,server_lan,medium,internal,1,0,7.0,0.432,0,0,0,0,528,8,26,3,full,61.1,high
A03204,web_app,user_lan,low,public,0,1,6.9,0.38,0,0,0,0,49,3,9,0,full,0.0,low
A03205,firewall,server_lan,medium,public,0,1,6.1,0.306,0,0,0,0,37,3,16,1,full,25.0,medium
A03206,workstation,server_lan,medium,internal,0,0,7.9,0.345,0,0,0,0,147,5,4,2,partial,19.0,low
A03207,server,server_lan,medium,confidential,1,0,5.8,0.23,0,0,0,0,47,15,19,3,full,50.8,medium
A03208,server,server_lan,critical,restricted,0,0,6.1,0.331,0,0,0,0,3,6,8,2,partial,49.5,medium
A03209,server,user_lan,medium,public,0,0,5.5,0.213,0,0,0,0,13,8,11,1,partial,7.4,low
A03210,server,ot,critical,public,0,0,5.2,0.293,0,0,0,0,34,3,11,0,none,50.6,medium
A03211,workstation,user_lan,high,public,0,0,6.0,0.169,1,0,209,1,26,4,7,2,full,4.0,low
A03212,web_app,ot,medium,confidential,1,1,6.6,0.202,0,0,0,0,29,4,21,2,partial,46.5,medium
A03213,cloud_vm,user_lan,medium,public,0,0,6.2,0.263,1,0,162,0,18,6,3,2,full,26.7,medium
A03214,web_app,user_lan,medium,internal,1,1,5.1,0.082,0,0,0,0,264,7,25,7,partial,76.9,critical
A03215,server,server_lan,high,restricted,1,0,6.5,0.568,0,0,0,0,150,10,27,3,full,62.7,high
A03216,cloud_vm,dmz,low,restricted,1,1,4.3,0.22,0,0,0,0,25,7,28,2,full,61.5,high
A03217,workstation,cloud,critical,confidential,1,0,6.1,0.273,0,0,0,0,26,6,14,5,full,59.3,high
A03218,server,user_lan,medium,public,0,1,9.2,0.474,1,0,162,1,484,4,7,1,full,31.0,medium
A03219,workstation,server_lan,medium,internal,0,0,4.9,0.627,0,0,0,0,353,6,15,2,full,40.7,medium
A03220,workstation,cloud,medium,internal,1,0,6.3,0.142,0,0,0,0,20,8,21,2,full,36.9,medium
A03221,workstation,server_lan,medium,confidential,1,0,7.6,0.188,0,0,0,0,3,9,24,0,full,42.4,medium
A03222,cloud_vm,cloud,high,confidential,0,1,4.3,0.13,0,0,0,0,659,6,11,2,full,33.0,medium
A03223,cloud_vm,server_lan,high,public,1,0,5.7,0.34,0,0,0,0,703,8,24,4,full,64.3,high
A03224,web_app,ot,low,restricted,0,0,7.2,0.788,0,0,0,0,32,5,4,0,full,26.0,medium
A03225,server,server_lan,medium,internal,1,1,6.1,0.218,0,0,0,0,29,12,24,6,full,69.5,high
A03226,cloud_vm,dmz,medium,confidential,1,0,7.5,0.203,0,0,0,0,223,11,22,8,partial,84.2,critical
A03227,web_app,user_lan,medium,public,1,0,8.5,0.321,0,0,0,0,478,7,22,2,partial,51.5,high
A03228,server,server_lan,medium,internal,1,1,8.4,0.305,0,0,0,0,124,8,23,3,full,60.3,high
A03229,web_app,ot,low,public,0,0,5.8,0.244,0,0,0,0,380,1,9,0,none,8.2,low
A03230,database,user_lan,high,confidential,1,1,5.1,0.071,0,0,0,0,49,15,30,4,none,78.4,critical
A03231,workstation,server_lan,medium,public,1,0,6.6,0.425,0,0,0,0,696,7,27,2,full,39.4,medium
A03232,server,server_lan,medium,internal,0,0,7.7,0.178,0,0,0,0,594,6,12,0,full,33.4,medium
A03233,database,ot,high,confidential,0,1,6.9,0.207,0,0,0,0,642,7,11,0,partial,58.8,high
A03234,server,user_lan,high,confidential,1,0,4.1,0.231,0,0,0,0,34,11,25,5,full,42.5,medium
A03235,server,cloud,high,confidential,0,0,6.6,0.563,0,0,0,0,3,8,4,0,full,29.0,medium
A03236,server,dmz,low,confidential,1,1,5.4,0.246,0,0,0,0,23,18,20,5,full,58.6,high
A03237,firewall,ot,low,confidential,0,0,6.8,0.452,0,0,0,0,34,6,3,3,full,9.3,low
A03238,workstation,user_lan,high,confidential,0,0,6.1,0.213,0,0,0,0,46,5,11,1,full,9.2,low
A03239,workstation,user_lan,low,internal,0,0,8.8,0.262,0,0,0,0,10,7,8,1,partial,32.1,medium
A03240,workstation,server_lan,low,public,0,0,3.9,0.471,0,0,0,0,35,3,6,0,full,1.4,low
A03241,cloud_vm,dmz,low,internal,0,1,8.0,0.329,0,0,0,0,12,3,8,1,full,24.7,medium
A03242,database,ot,medium,public,1,1,7.6,0.283,0,0,0,0,339,14,24,3,none,80.0,critical
A03243,cloud_vm,ot,critical,internal,0,1,8.1,0.543,0,0,0,0,124,4,10,1,none,51.5,high
A03244,workstation,server_lan,low,internal,0,0,6.8,0.202,0,0,0,0,49,2,13,0,partial,0.0,low
A03245,server,ot,low,public,1,1,5.4,0.447,0,0,0,0,59,8,14,2,full,57.4,high
A03246,database,server_lan,critical,confidential,0,0,8.5,0.32,0,0,0,0,29,6,6,1,full,25.5,medium
A03247,workstation,server_lan,critical,confidential,0,0,2.9,0.43,0,0,0,0,654,2,7,0,full,19.4,low
A03248,cloud_vm,dmz,low,internal,0,1,3.1,0.383,0,0,0,0,486,4,12,1,full,6.4,low
A03249,cloud_vm,server_lan,critical,restricted,1,0,4.8,0.401,0,0,0,0,715,12,15,0,partial,79.6,critical
A03250,database,dmz,low,internal,1,1,5.6,0.211,0,0,0,0,687,7,25,5,full,70.0,high
A03251,firewall,server_lan,high,internal,1,1,6.5,0.152,0,0,0,0,337,8,20,3,none,93.0,critical
A03252,database,dmz,low,public,0,0,7.7,0.289,0,0,0,0,555,7,9,1,partial,48.5,medium
A03253,workstation,cloud,medium,internal,1,1,4.3,0.687,1,0,468,1,528,8,20,4,full,91.6,critical
A03254,database,cloud,low,public,1,1,6.9,0.234,1,0,43,0,10,11,31,3,partial,46.5,medium
A03255,server,user_lan,high,restricted,1,0,5.8,0.628,0,0,0,0,620,8,14,8,full,73.8,critical
A03256,cloud_vm,server_lan,low,internal,0,0,5.2,0.233,0,0,0,0,495,6,8,1,partial,18.0,low
A03257,server,cloud,medium,internal,1,0,6.0,0.382,0,0,0,0,44,9,31,4,full,39.6,medium
A03258,workstation,server_lan,high,internal,0,1,6.2,0.227,0,0,0,0,222,4,9,0,full,26.7,medium
A03259,database,cloud,low,internal,0,1,6.9,0.311,0,0,0,0,19,7,6,1,full,26.6,medium
A03260,server,user_lan,critical,confidential,1,1,7.5,0.198,0,0,0,0,416,5,22,8,full,93.2,critical
A03261,server,server_lan,medium,confidential,0,1,4.6,0.355,0,0,0,0,602,6,5,0,full,24.9,medium
A03262,web_app,dmz,low,confidential,1,0,7.0,0.221,1,0,336,0,3,11,24,4,partial,64.2,high
A03263,server,cloud,low,confidential,1,1,6.7,0.355,1,0,256,1,58,4,20,3,full,46.7,medium
A03264,database,ot,medium,internal,1,0,6.6,0.424,0,0,0,0,47,11,29,3,none,64.3,high
A03265,workstation,user_lan,low,internal,1,1,8.3,0.253,0,0,0,0,14,6,20,3,full,51.0,medium
A03266,server,ot,medium,confidential,1,0,7.4,0.276,0,0,0,0,664,4,18,2,partial,58.0,high
A03267,server,ot,medium,internal,1,1,4.7,0.383,0,0,0,0,47,4,19,7,partial,69.3,high
A03268,cloud_vm,server_lan,medium,internal,0,1,7.8,0.226,0,0,0,0,42,4,9,0,full,18.0,low
A03269,firewall,cloud,medium,public,1,1,7.3,0.278,0,0,0,0,71,8,21,1,none,66.5,high
A03270,server,server_lan,high,confidential,0,0,5.5,0.273,0,0,0,0,370,6,8,1,full,11.9,low
A03271,firewall,user_lan,medium,public,1,0,4.2,0.311,0,0,0,0,55,7,24,6,partial,59.0,high
A03272,web_app,server_lan,medium,restricted,0,0,5.1,0.492,1,0,196,0,13,4,5,5,full,37.1,medium
A03273,web_app,ot,critical,public,0,1,3.7,0.504,0,0,0,0,56,5,6,2,partial,33.8,medium
A03274,web_app,cloud,low,internal,0,0,7.4,0.166,0,0,0,0,456,5,10,0,full,15.6,low
A03275,web_app,server_lan,medium,internal,1,0,7.1,0.24,0,0,0,0,44,8,18,4,full,46.9,medium
A03276,cloud_vm,server_lan,critical,internal,1,0,8.3,0.425,0,0,0,0,14,13,27,3,full,74.0,critical
A03277,database,user_lan,medium,internal,0,0,7.2,0.254,0,0,0,0,410,8,11,1,full,24.8,medium
A03278,database,cloud,critical,confidential,1,0,4.3,0.472,0,0,0,0,13,11,14,2,full,46.4,medium
A03279,workstation,ot,medium,public,0,0,5.8,0.411,0,0,0,0,36,7,9,0,partial,12.1,low
A03280,server,server_lan,medium,internal,1,0,7.4,0.196,0,0,0,0,5,9,23,2,full,35.7,medium
A03281,web_app,user_lan,medium,public,0,0,5.7,0.656,0,0,0,0,43,6,10,2,full,13.4,low
A03282,server,user_lan,low,internal,1,1,6.0,0.266,1,0,61,0,4,6,22,9,full,68.2,high
A03283,workstation,server_lan,critical,restricted,0,1,8.4,0.341,0,0,0,0,709,2,5,0,partial,51.0,medium
A03284,server,user_lan,low,internal,0,1,8.2,0.344,0,0,0,0,459,2,6,1,partial,28.0,medium
A03285,server,dmz,critical,confidential,1,1,6.1,0.134,0,0,0,0,52,12,24,4,full,68.9,high
A03286,web_app,server_lan,high,internal,1,1,4.4,0.467,0,0,0,0,42,8,19,1,partial,69.6,high
A03287,web_app,server_lan,critical,internal,1,0,7.6,0.482,0,0,0,0,27,11,25,2,full,43.5,medium
A03288,workstation,ot,critical,confidential,1,0,8.4,0.536,0,0,0,0,151,6,21,3,none,84.6,critical
A03289,server,server_lan,medium,public,1,0,6.5,0.118,0,0,0,0,43,8,27,3,partial,47.3,medium
A03290,workstation,server_lan,critical,restricted,1,0,5.3,0.22,0,0,0,0,48,6,17,3,full,65.6,high
A03291,workstation,cloud,high,internal,1,1,6.6,0.644,1,0,571,1,37,8,11,7,full,70.4,high
A03292,web_app,ot,medium,internal,0,1,3.0,0.279,0,0,0,0,498,4,6,3,none,64.0,high
A03293,database,user_lan,high,restricted,0,0,7.3,0.256,0,0,0,0,306,6,12,2,full,40.0,medium
A03294,database,dmz,low,internal,1,1,6.2,0.294,0,0,0,0,44,6,27,5,partial,49.9,medium
A03295,database,user_lan,low,restricted,1,1,5.6,0.403,0,0,0,0,11,8,35,0,full,53.8,high
A03296,firewall,server_lan,low,restricted,0,0,7.5,0.519,0,0,0,0,35,5,16,1,none,40.1,medium
A03297,cloud_vm,user_lan,medium,internal,1,1,8.7,0.143,0,0,0,0,56,6,21,2,full,40.7,medium
A03298,database,server_lan,low,internal,1,1,4.8,0.395,0,0,0,0,57,12,26,3,partial,65.9,high
A03299,database,dmz,medium,confidential,1,0,8.4,0.251,0,0,0,0,38,9,19,2,full,56.8,high
A03300,server,server_lan,high,public,0,1,3.4,0.134,0,0,0,0,39,1,6,0,full,14.3,low
A03301,firewall,user_lan,high,confidential,1,0,5.9,0.429,0,0,0,0,2,9,23,7,partial,64.9,high
A03302,workstation,server_lan,critical,public,0,1,4.3,0.184,0,0,0,0,213,1,7,0,full,11.1,low
A03303,workstation,server_lan,critical,public,1,0,6.9,0.753,1,0,153,1,451,11,18,4,full,86.0,critical
A03304,firewall,user_lan,critical,internal,1,1,4.6,0.218,0,0,0,0,54,10,23,1,full,62.5,high
A03305,web_app,cloud,medium,confidential,1,0,3.7,0.14,0,0,0,0,17,6,16,4,partial,31.5,medium
A03306,server,dmz,low,confidential,1,0,6.8,0.188,0,0,0,0,5,8,31,3,partial,51.2,medium
A03307,server,user_lan,critical,confidential,0,0,5.1,0.258,1,1,226,1,50,10,5,4,full,42.5,medium
A03308,server,user_lan,low,internal,0,0,8.8,0.793,0,0,0,0,399,5,4,0,full,29.9,medium
A03309,web_app,server_lan,low,internal,0,1,6.7,0.332,0,0,0,0,321,4,4,0,partial,32.7,medium
A03310,server,ot,medium,internal,1,0,4.8,0.382,0,0,0,0,90,3,18,1,full,16.4,low
A03311,firewall,cloud,medium,internal,1,1,5.1,0.457,1,1,598,0,18,7,24,11,full,82.9,critical
A03312,firewall,server_lan,high,internal,0,0,6.5,0.272,0,0,0,0,644,3,9,1,full,18.1,low
A03313,database,dmz,low,confidential,1,1,8.2,0.451,0,0,0,0,489,10,24,5,partial,86.7,critical
A03314,web_app,server_lan,high,public,0,0,9.2,0.277,0,0,0,0,183,4,7,0,full,16.6,low
A03315,workstation,server_lan,low,public,0,0,6.9,0.435,1,1,94,1,57,3,8,2,full,47.1,medium
A03316,server,user_lan,low,confidential,1,1,3.9,0.146,0,0,0,0,458,11,24,3,full,49.7,medium
A03317,web_app,ot,medium,public,1,0,4.0,0.429,0,0,0,0,95,7,29,5,full,45.3,medium
A03318,server,cloud,medium,restricted,1,0,5.5,0.671,0,0,0,0,10,9,18,2,full,60.5,high
A03319,server,server_lan,high,internal,1,1,5.6,0.448,0,0,0,0,223,12,20,4,full,65.5,high
A03320,workstation,user_lan,low,public,1,0,4.7,0.26,0,0,0,0,3,6,23,2,full,33.3,medium
A03321,server,dmz,low,restricted,1,0,8.0,0.398,1,1,348,1,567,16,23,4,full,79.1,critical
A03322,workstation,user_lan,low,confidential,1,0,6.6,0.361,0,0,0,0,54,8,26,9,full,55.0,high
A03323,web_app,dmz,high,confidential,1,1,6.9,0.331,0,0,0,0,27,5,21,4,partial,90.5,critical
A03324,cloud_vm,ot,critical,internal,1,0,7.2,0.256,0,0,0,0,51,11,31,6,full,59.2,high
A03325,web_app,cloud,high,internal,1,0,6.2,0.58,1,1,153,1,109,7,27,2,partial,79.9,critical
A03326,cloud_vm,server_lan,medium,confidential,1,1,6.7,0.184,0,0,0,0,551,9,22,9,full,69.9,high
A03327,workstation,user_lan,critical,internal,0,0,4.1,0.321,0,0,0,0,54,4,9,1,partial,13.2,low
A03328,cloud_vm,user_lan,low,internal,1,0,6.6,0.233,0,0,0,0,495,10,21,3,full,53.2,high
A03329,database,cloud,low,internal,1,0,5.5,0.375,0,0,0,0,6,8,11,5,partial,49.3,medium
A03330,server,user_lan,medium,internal,0,0,4.7,0.084,1,0,293,1,655,7,7,5,full,39.3,medium
A03331,firewall,server_lan,low,public,1,1,5.8,0.313,0,0,0,0,38,8,18,5,full,50.6,medium
A03332,workstation,user_lan,medium,confidential,0,1,8.7,0.394,0,0,0,0,503,1,13,2,partial,54.5,high
A03333,server,dmz,medium,internal,1,0,6.1,0.209,0,0,0,0,388,8,20,3,partial,69.1,high
A03334,workstation,user_lan,medium,restricted,0,0,7.4,0.172,0,0,0,0,8,2,6,1,partial,23.1,low
A03335,workstation,server_lan,medium,internal,1,0,5.0,0.16,0,0,0,0,643,8,18,2,full,40.1,medium
A03336,workstation,user_lan,medium,internal,1,0,7.9,0.301,0,0,0,0,10,5,27,6,full,46.6,medium
A03337,database,cloud,low,internal,0,1,4.6,0.721,0,0,0,0,32,6,6,2,full,30.2,medium
A03338,cloud_vm,dmz,high,confidential,1,0,3.4,0.196,0,0,0,0,278,12,15,4,full,50.3,medium
A03339,workstation,server_lan,high,confidential,0,1,6.3,0.379,0,0,0,0,19,7,4,2,full,30.0,medium
A03340,database,cloud,low,internal,0,1,5.1,0.366,1,1,375,0,2,4,14,4,full,35.9,medium
A03341,workstation,server_lan,low,internal,0,0,7.7,0.49,0,0,0,0,205,5,8,2,full,12.6,low
A03342,cloud_vm,user_lan,low,confidential,1,0,7.7,0.468,0,0,0,0,719,3,23,5,full,45.8,medium
A03343,server,user_lan,low,public,0,1,5.7,0.363,0,0,0,0,77,3,10,1,partial,12.2,low
A03344,server,server_lan,low,confidential,0,0,4.3,0.165,0,0,0,0,664,2,12,2,full,32.1,medium
A03345,database,cloud,low,confidential,1,1,7.9,0.588,1,0,644,0,13,8,29,12,partial,79.7,critical
A03346,web_app,user_lan,high,internal,0,1,5.3,0.233,0,0,0,0,18,5,5,1,none,54.4,high
A03347,cloud_vm,user_lan,high,confidential,1,1,5.6,0.463,0,0,0,0,659,4,29,1,full,73.2,critical
A03348,web_app,server_lan,high,confidential,0,1,4.6,0.493,0,0,0,0,304,4,13,0,partial,52.4,high
A03349,cloud_vm,dmz,medium,public,1,1,6.9,0.289,0,0,0,0,9,4,25,6,full,64.4,high
A03350,workstation,dmz,high,internal,1,0,4.3,0.14,0,0,0,0,47,7,18,6,full,35.4,medium
A03351,server,ot,high,internal,0,1,5.2,0.11,0,0,0,0,4,3,8,1,partial,46.7,medium
A03352,server,cloud,critical,confidential,1,1,8.5,0.35,0,0,0,0,228,7,19,4,full,81.0,critical
A03353,server,cloud,high,confidential,1,0,5.9,0.534,0,0,0,0,42,11,25,3,full,53.9,high
A03354,workstation,server_lan,high,internal,1,0,8.8,0.256,0,0,0,0,496,7,20,3,partial,69.6,high
A03355,database,user_lan,high,internal,0,1,7.2,0.548,0,0,0,0,51,8,6,1,full,22.8,low
A03356,workstation,cloud,medium,public,1,0,7.4,0.477,0,0,0,0,38,5,18,6,partial,52.5,high
A03357,database,user_lan,low,public,0,1,4.6,0.17,0,0,0,0,559,4,9,0,full,20.7,low
A03358,database,dmz,low,internal,1,1,4.0,0.16,0,0,0,0,34,5,12,0,partial,48.4,medium
A03359,web_app,cloud,medium,public,1,0,7.7,0.324,0,0,0,0,24,10,18,5,partial,58.1,high
A03360,web_app,server_lan,low,public,1,0,9.1,0.303,0,0,0,0,59,7,21,7,full,56.2,high
A03361,workstation,server_lan,low,confidential,1,0,9.7,0.161,0,0,0,0,7,7,20,3,full,35.6,medium
A03362,workstation,ot,low,confidential,0,0,7.2,0.345,0,0,0,0,384,1,5,0,partial,30.3,medium
A03363,web_app,user_lan,medium,public,0,1,7.1,0.316,0,0,0,0,648,5,4,1,full,29.9,medium
A03364,web_app,server_lan,critical,confidential,0,1,8.0,0.266,1,1,265,0,6,5,4,5,full,66.7,high
A03365,workstation,user_lan,medium,public,0,0,7.8,0.394,0,0,0,0,18,4,5,1,partial,3.0,low
A03366,workstation,ot,low,internal,0,0,9.1,0.275,0,0,0,0,11,3,6,1,none,53.2,high
A03367,web_app,dmz,medium,restricted,0,0,5.6,0.505,0,0,0,0,16,4,6,1,full,18.5,low
A03368,web_app,cloud,medium,internal,1,0,5.9,0.663,1,1,195,0,9,6,22,2,full,69.4,high
A03369,server,server_lan,high,public,0,0,6.1,0.285,0,0,0,0,21,4,6,2,full,18.7,low
A03370,workstation,dmz,medium,internal,1,1,5.1,0.186,0,0,0,0,137,2,23,5,full,46.7,medium
A03371,cloud_vm,user_lan,low,confidential,1,0,5.5,0.269,0,0,0,0,253,10,22,6,full,46.6,medium
A03372,server,user_lan,medium,internal,1,0,4.5,0.206,0,0,0,0,5,15,20,3,full,25.5,medium
A03373,cloud_vm,server_lan,low,restricted,1,0,8.5,0.198,0,0,0,0,10,10,23,5,full,32.7,medium
A03374,server,server_lan,high,internal,1,0,6.5,0.397,0,0,0,0,503,11,24,1,partial,66.7,high
A03375,database,user_lan,critical,public,1,1,6.9,0.31,0,0,0,0,17,7,30,1,full,61.4,high
A03376,workstation,user_lan,critical,internal,0,0,5.8,0.216,0,0,0,0,478,1,5,0,full,3.3,low
A03377,server,cloud,low,confidential,0,0,4.9,0.397,0,0,0,0,33,7,8,0,full,26.9,medium
A03378,cloud_vm,cloud,high,internal,1,1,5.3,0.264,0,0,0,0,6,8,20,3,full,50.7,medium
A03379,workstation,server_lan,high,restricted,1,0,5.1,0.523,0,0,0,0,51,7,18,1,partial,53.2,high
A03380,firewall,user_lan,high,restricted,0,1,5.9,0.172,0,0,0,0,3,6,13,0,none,53.6,high
A03381,workstation,user_lan,low,public,0,0,7.4,0.413,0,0,0,0,633,4,7,1,full,19.9,low
A03382,cloud_vm,user_lan,medium,public,0,0,5.9,0.347,0,0,0,0,204,1,5,2,full,3.0,low
A03383,firewall,dmz,low,internal,1,0,4.5,0.073,0,0,0,0,364,10,20,4,none,79.7,critical
A03384,database,server_lan,low,confidential,1,0,9.0,0.572,1,1,481,1,22,12,21,6,none,100.0,critical
A03385,server,server_lan,high,confidential,0,1,7.6,0.459,0,0,0,0,2,4,3,2,partial,48.7,medium
A03386,web_app,server_lan,medium,internal,1,0,7.3,0.136,0,0,0,0,448,16,22,6,full,64.6,high
A03387,database,ot,low,restricted,1,1,7.8,0.368,0,0,0,0,169,6,17,3,partial,70.8,high
A03388,firewall,user_lan,high,internal,1,0,6.9,0.487,0,0,0,0,9,11,26,5,none,82.8,critical
A03389,workstation,user_lan,medium,confidential,0,0,7.7,0.281,1,0,74,0,10,5,3,4,full,33.8,medium
A03390,workstation,user_lan,critical,confidential,0,1,7.4,0.177,0,0,0,0,14,4,7,0,full,37.3,medium
A03391,server,user_lan,high,public,1,0,6.8,0.307,0,0,0,0,9,6,19,3,full,41.0,medium
A03392,web_app,user_lan,high,internal,1,0,6.0,0.339,0,0,0,0,540,13,24,5,full,56.4,high
A03393,firewall,user_lan,high,public,0,0,6.4,0.518,0,0,0,0,375,5,7,0,none,41.1,medium
A03394,server,user_lan,low,restricted,1,1,8.4,0.463,0,0,0,0,83,12,22,1,full,82.6,critical
A03395,cloud_vm,dmz,low,internal,1,0,6.9,0.373,0,0,0,0,48,5,15,1,full,38.1,medium
A03396,firewall,user_lan,critical,confidential,0,0,8.0,0.283,0,0,0,0,313,10,9,0,partial,57.2,high
A03397,server,user_lan,low,internal,1,1,7.6,0.18,0,0,0,0,4,11,26,6,full,60.6,high
A03398,server,cloud,medium,internal,1,0,4.7,0.247,0,0,0,0,339,11,21,3,full,48.4,medium
A03399,web_app,ot,medium,restricted,1,0,8.1,0.359,0,0,0,0,562,7,14,2,none,80.6,critical
A03400,web_app,cloud,low,internal,1,0,5.5,0.295,0,0,0,0,284,11,17,8,full,48.5,medium
A03401,server,user_lan,low,confidential,1,0,6.3,0.142,0,0,0,0,13,8,24,4,full,45.4,medium
A03402,cloud_vm,server_lan,medium,internal,0,1,3.7,0.151,0,0,0,0,703,7,9,1,full,42.8,medium
A03403,database,user_lan,medium,public,1,0,7.4,0.571,0,0,0,0,283,13,23,4,none,63.5,high
A03404,cloud_vm,cloud,high,public,0,0,6.6,0.201,0,0,0,0,14,5,9,2,partial,26.1,medium
A03405,cloud_vm,ot,low,public,1,0,3.6,0.06,0,0,0,0,5,4,18,1,partial,18.5,low
A03406,cloud_vm,cloud,medium,confidential,1,1,6.6,0.165,0,0,0,0,34,10,24,2,partial,70.0,high
A03407,database,server_lan,low,internal,0,0,3.7,0.218,0,0,0,0,688,4,10,0,full,0.2,low
A03408,workstation,user_lan,medium,internal,1,0,5.2,0.144,0,0,0,0,47,8,17,4,full,39.1,medium
A03409,database,cloud,low,public,1,0,3.0,0.263,0,0,0,0,15,5,23,3,full,27.6,medium
A03410,server,user_lan,low,confidential,0,0,6.2,0.391,0,0,0,0,47,9,13,0,full,38.1,medium
A03411,web_app,user_lan,high,confidential,0,0,5.7,0.392,0,0,0,0,21,7,5,1,full,37.5,medium
A03412,server,user_lan,low,confidential,0,0,7.3,0.496,0,0,0,0,716,7,4,2,full,23.5,medium
A03413,database,user_lan,high,restricted,0,1,7.3,0.415,0,0,0,0,70,5,14,0,full,46.2,medium
A03414,server,server_lan,low,public,1,0,5.4,0.278,0,0,0,0,41,12,24,8,partial,50.8,medium
A03415,workstation,dmz,low,public,1,0,7.1,0.668,0,0,0,0,266,11,20,3,full,34.6,medium
A03416,server,cloud,low,internal,1,1,4.0,0.227,0,0,0,0,59,8,26,3,full,38.1,medium
A03417,web_app,ot,critical,internal,1,0,3.0,0.014,0,0,0,0,576,13,26,3,partial,74.9,critical
A03418,cloud_vm,cloud,medium,confidential,1,1,4.2,0.2,0,0,0,0,36,5,20,0,full,36.0,medium
A03419,server,server_lan,low,confidential,1,0,4.9,0.314,0,0,0,0,56,6,22,2,full,31.7,medium
A03420,cloud_vm,dmz,medium,public,1,0,5.9,0.257,0,0,0,0,522,10,25,4,partial,71.9,high
A03421,cloud_vm,server_lan,medium,restricted,1,0,3.5,0.145,0,0,0,0,697,9,20,4,partial,50.3,medium
A03422,workstation,cloud,high,public,1,1,9.1,0.317,1,0,176,1,530,11,24,9,full,100.0,critical
A03423,web_app,user_lan,critical,confidential,0,1,7.9,0.434,0,0,0,0,46,5,8,1,none,63.4,high
A03424,workstation,ot,medium,internal,1,0,3.9,0.09,0,0,0,0,14,12,25,6,none,70.3,high
A03425,server,server_lan,medium,confidential,0,1,6.9,0.548,0,0,0,0,273,4,9,0,full,37.2,medium
A03426,database,user_lan,medium,public,1,1,5.6,0.538,0,0,0,0,463,8,22,6,full,62.3,high
A03427,server,cloud,critical,restricted,1,0,6.9,0.272,0,0,0,0,14,10,28,2,partial,90.7,critical
A03428,cloud_vm,server_lan,medium,restricted,1,0,4.1,0.438,0,0,0,0,600,11,20,2,full,51.9,high
A03429,firewall,ot,low,internal,1,0,6.3,0.225,0,0,0,0,36,8,18,3,full,43.4,medium
A03430,cloud_vm,user_lan,critical,internal,1,1,7.9,0.405,1,0,441,1,344,12,18,5,full,98.6,critical
A03431,database,dmz,critical,confidential,1,1,6.2,0.161,0,0,0,0,292,7,25,2,none,100.0,critical
A03432,database,dmz,medium,confidential,1,1,6.3,0.227,0,0,0,0,645,5,18,1,full,64.6,high
A03433,firewall,cloud,medium,internal,0,0,3.8,0.169,0,0,0,0,160,2,10,3,partial,36.9,medium
A03434,workstation,user_lan,high,confidential,0,0,9.0,0.365,0,0,0,0,235,6,6,1,full,39.3,medium
A03435,server,cloud,high,restricted,1,1,3.8,0.463,0,0,0,0,31,11,19,3,full,75.1,critical
A03436,database,cloud,medium,confidential,1,1,5.4,0.134,0,0,0,0,49,10,24,3,full,66.3,high
A03437,workstation,user_lan,medium,public,1,0,6.9,0.475,0,0,0,0,74,14,10,10,full,44.4,medium
A03438,workstation,cloud,medium,restricted,1,1,5.9,0.357,0,0,0,0,49,7,17,4,partial,77.3,critical
A03439,server,ot,medium,public,1,0,8.2,0.305,1,1,235,1,714,15,23,5,full,81.5,critical
A03440,web_app,server_lan,low,public,0,0,8.8,0.531,1,0,821,1,620,5,7,5,partial,50.5,medium
A03441,workstation,cloud,high,restricted,1,0,7.8,0.409,1,0,386,1,347,8,11,5,full,65.4,high
A03442,server,server_lan,low,public,1,1,7.6,0.504,0,0,0,0,18,7,20,2,full,41.8,medium
A03443,server,server_lan,medium,public,0,0,6.4,0.177,0,0,0,0,593,2,7,0,full,21.1,low
A03444,workstation,server_lan,high,confidential,1,0,3.1,0.066,0,0,0,0,684,8,24,2,partial,51.9,high
A03445,cloud_vm,cloud,medium,confidential,1,1,5.7,0.485,0,0,0,0,92,7,18,4,partial,87.6,critical
A03446,workstation,dmz,low,public,1,0,6.2,0.32,0,0,0,0,56,3,29,3,full,43.2,medium
A03447,web_app,user_lan,critical,internal,1,1,7.8,0.294,1,0,396,1,426,6,18,9,full,80.5,critical
A03448,cloud_vm,user_lan,low,public,1,1,4.7,0.183,0,0,0,0,712,11,28,3,full,45.3,medium
A03449,workstation,dmz,critical,internal,1,0,4.7,0.274,0,0,0,0,58,10,18,4,full,47.7,medium
A03450,cloud_vm,cloud,low,internal,1,0,7.0,0.179,0,0,0,0,34,8,16,1,full,31.4,medium
A03451,web_app,ot,medium,public,0,1,7.5,0.233,0,0,0,0,18,5,9,1,full,32.5,medium
A03452,database,dmz,medium,restricted,1,1,6.1,0.232,0,0,0,0,59,11,28,5,none,100.0,critical
A03453,server,server_lan,medium,confidential,1,1,7.3,0.376,0,0,0,0,165,7,22,2,full,53.5,high
A03454,server,ot,medium,restricted,0,1,3.4,0.332,0,0,0,0,230,4,9,1,full,43.4,medium
A03455,firewall,server_lan,low,restricted,1,1,5.0,0.555,0,0,0,0,184,9,22,7,full,68.7,high
A03456,cloud_vm,dmz,medium,restricted,1,1,5.9,0.112,0,0,0,0,320,13,17,4,full,75.4,critical
A03457,firewall,ot,low,confidential,1,0,6.8,0.518,0,0,0,0,206,4,35,4,full,55.7,high
A03458,cloud_vm,cloud,high,internal,0,1,7.6,0.16,0,0,0,0,20,8,8,2,partial,37.0,medium
A03459,server,user_lan,medium,confidential,1,0,7.4,0.265,0,0,0,0,536,4,18,5,full,58.9,high
A03460,cloud_vm,user_lan,medium,internal,0,1,5.1,0.214,0,0,0,0,638,7,9,1,partial,45.9,medium
A03461,workstation,ot,low,internal,1,0,4.3,0.298,0,0,0,0,709,9,20,1,partial,36.0,medium
A03462,cloud_vm,user_lan,medium,internal,0,1,2.3,0.121,0,0,0,0,25,1,9,1,full,6.0,low
A03463,server,user_lan,medium,internal,1,1,6.7,0.237,0,0,0,0,84,10,20,2,full,49.4,medium
A03464,workstation,cloud,low,internal,0,0,4.6,0.159,0,0,0,0,9,3,6,3,partial,18.0,low
A03465,cloud_vm,user_lan,high,confidential,1,1,7.4,0.217,0,0,0,0,386,9,32,6,partial,100.0,critical
A03466,cloud_vm,user_lan,low,internal,0,1,5.4,0.207,0,0,0,0,446,3,7,0,full,18.5,low
A03467,web_app,server_lan,low,internal,1,0,5.8,0.26,0,0,0,0,71,13,26,2,full,53.7,high
A03468,workstation,user_lan,high,public,0,0,7.1,0.259,1,0,41,0,2,4,9,4,full,21.6,low
A03469,workstation,user_lan,low,restricted,0,0,5.3,0.399,0,0,0,0,22,2,10,1,full,0.0,low
A03470,firewall,server_lan,low,internal,0,1,4.4,0.551,0,0,0,0,46,3,6,1,none,15.4,low
A03471,workstation,user_lan,high,internal,1,0,7.2,0.308,0,0,0,0,32,10,27,4,full,43.5,medium
A03472,workstation,cloud,high,confidential,1,0,8.1,0.326,0,0,0,0,50,5,20,1,partial,53.3,high
A03473,database,server_lan,low,restricted,0,0,6.4,0.29,0,0,0,0,0,7,9,0,partial,38.5,medium
A03474,workstation,dmz,low,internal,0,1,4.7,0.211,0,0,0,0,17,5,6,0,full,16.7,low
A03475,database,server_lan,medium,confidential,1,1,2.6,0.371,0,0,0,0,581,11,26,5,full,65.7,high
A03476,workstation,server_lan,medium,internal,1,0,5.7,0.458,0,0,0,0,590,6,23,2,full,52.9,high
A03477,cloud_vm,cloud,medium,restricted,1,0,9.4,0.589,0,0,0,0,38,10,17,5,full,47.7,medium
A03478,cloud_vm,user_lan,high,confidential,1,1,4.5,0.683,0,0,0,0,634,13,19,6,partial,93.3,critical
A03479,firewall,server_lan,high,confidential,1,0,7.3,0.307,0,0,0,0,53,6,22,4,none,87.6,critical
A03480,database,cloud,critical,public,0,0,7.2,0.289,0,0,0,0,54,3,8,1,partial,42.8,medium
A03481,workstation,dmz,medium,confidential,1,0,2.7,0.156,0,0,0,0,0,9,15,3,full,34.3,medium
A03482,web_app,server_lan,low,internal,0,0,4.1,0.271,0,0,0,0,5,6,10,1,full,10.7,low
A03483,cloud_vm,cloud,low,internal,0,0,5.6,0.252,0,0,0,0,51,4,4,2,full,1.0,low
A03484,database,user_lan,low,confidential,1,1,8.1,0.273,0,0,0,0,21,13,24,3,partial,51.1,medium
A03485,web_app,cloud,medium,confidential,1,1,6.1,0.586,0,0,0,0,50,15,18,1,partial,78.5,critical
A03486,cloud_vm,cloud,high,internal,1,1,6.2,0.526,1,0,19,1,623,10,29,3,full,82.8,critical
A03487,web_app,ot,medium,restricted,1,1,8.1,0.329,0,0,0,0,41,8,27,3,none,79.8,critical
A03488,cloud_vm,dmz,low,public,1,0,6.7,0.312,0,0,0,0,501,9,20,1,full,46.3,medium
A03489,server,cloud,medium,confidential,1,0,2.6,0.172,0,0,0,0,45,6,23,2,partial,66.0,high
A03490,database,user_lan,critical,public,1,0,3.9,0.276,0,0,0,0,28,8,26,3,none,41.3,medium
A03491,web_app,server_lan,low,internal,0,0,6.3,0.446,1,0,201,1,286,1,5,3,full,44.1,medium
A03492,server,ot,high,restricted,1,1,6.4,0.317,0,0,0,0,618,9,34,3,none,97.2,critical
A03493,cloud_vm,server_lan,high,public,1,1,6.3,0.555,0,0,0,0,624,7,22,2,full,70.1,high
A03494,web_app,cloud,medium,restricted,0,0,6.1,0.408,0,0,0,0,42,5,7,1,full,12.9,low
A03495,server,user_lan,medium,internal,1,1,3.1,0.069,0,0,0,0,40,12,20,1,full,44.4,medium
A03496,cloud_vm,user_lan,medium,confidential,1,1,8.5,0.392,0,0,0,0,54,10,23,5,full,64.8,high
A03497,web_app,server_lan,low,public,1,0,8.7,0.445,0,0,0,0,505,11,26,2,partial,58.6,high
A03498,cloud_vm,ot,medium,confidential,1,0,7.8,0.547,0,0,0,0,511,11,22,5,none,100.0,critical
A03499,workstation,user_lan,low,restricted,0,1,8.6,0.238,0,0,0,0,420,3,4,2,full,52.4,high
A03500,cloud_vm,dmz,high,internal,1,0,4.1,0.263,0,0,0,0,50,5,18,6,partial,54.1,high
A03501,workstation,dmz,high,internal,1,1,6.5,0.41,0,0,0,0,12,7,21,3,full,74.4,critical
A03502,database,cloud,medium,confidential,1,0,5.3,0.191,0,0,0,0,38,4,21,4,full,42.6,medium
A03503,server,server_lan,medium,confidential,1,0,7.1,0.304,0,0,0,0,557,3,24,4,partial,82.1,critical
A03504,web_app,user_lan,low,public,1,0,3.6,0.301,0,0,0,0,720,14,20,1,partial,36.4,medium
A03505,web_app,user_lan,low,confidential,0,1,8.2,0.576,0,0,0,0,13,3,7,1,full,18.4,low
A03506,database,server_lan,high,confidential,0,1,6.6,0.184,0,0,0,0,580,7,14,2,full,62.7,high
A03507,database,user_lan,low,confidential,0,1,5.5,0.424,0,0,0,0,498,5,11,1,none,34.5,medium
A03508,cloud_vm,server_lan,high,internal,1,0,8.3,0.172,1,0,427,0,10,10,25,5,full,61.7,high
A03509,web_app,ot,low,internal,1,0,8.2,0.522,0,0,0,0,427,7,22,4,partial,67.6,high
A03510,workstation,cloud,high,restricted,0,1,2.9,0.096,0,0,0,0,13,7,5,1,full,40.7,medium
A03511,firewall,server_lan,medium,confidential,0,0,7.0,0.341,0,0,0,0,80,4,7,0,full,16.3,low
A03512,web_app,user_lan,medium,internal,0,1,6.3,0.189,0,0,0,0,21,6,12,0,full,23.1,low
A03513,firewall,user_lan,high,restricted,1,0,5.7,0.374,0,0,0,0,41,11,15,3,none,92.4,critical
A03514,firewall,ot,medium,internal,1,0,6.1,0.152,0,0,0,0,10,7,25,6,full,57.2,high
A03515,cloud_vm,server_lan,low,internal,1,0,6.7,0.372,0,0,0,0,48,4,28,5,full,30.9,medium
A03516,cloud_vm,user_lan,high,confidential,1,0,6.3,0.297,0,0,0,0,703,3,26,1,full,46.0,medium
A03517,web_app,ot,medium,confidential,1,0,8.6,0.277,0,0,0,0,533,13,19,4,partial,66.8,high
A03518,server,server_lan,low,restricted,1,0,7.7,0.542,1,0,170,1,419,6,20,11,partial,86.3,critical
A03519,database,user_lan,medium,confidential,1,0,6.3,0.242,0,0,0,0,20,10,20,1,full,43.8,medium
A03520,cloud_vm,dmz,medium,internal,1,1,4.4,0.2,0,0,0,0,154,5,27,3,full,43.8,medium
A03521,database,user_lan,medium,internal,0,0,5.3,0.579,0,0,0,0,48,4,10,0,partial,33.5,medium
A03522,cloud_vm,server_lan,high,public,0,1,7.8,0.325,0,0,0,0,59,1,6,1,full,24.7,medium
A03523,server,ot,medium,restricted,1,1,5.2,0.127,0,0,0,0,52,12,21,3,partial,82.9,critical
A03524,workstation,server_lan,low,public,0,0,6.7,0.212,0,0,0,0,84,5,9,2,partial,12.0,low
A03525,database,dmz,low,internal,0,1,8.4,0.446,0,0,0,0,540,9,7,0,partial,34.6,medium
A03526,workstation,cloud,low,internal,1,0,5.8,0.49,0,0,0,0,37,7,21,4,full,28.4,medium
A03527,server,cloud,high,public,0,1,5.1,0.481,0,0,0,0,53,4,6,3,partial,33.4,medium
A03528,server,user_lan,low,internal,1,0,4.3,0.299,0,0,0,0,112,5,29,0,full,29.2,medium
A03529,cloud_vm,cloud,medium,confidential,1,1,8.7,0.357,0,0,0,0,24,6,23,5,full,67.6,high
A03530,database,server_lan,medium,public,1,1,7.5,0.315,0,0,0,0,439,14,30,2,partial,73.0,critical
A03531,server,user_lan,high,restricted,0,0,6.6,0.291,1,0,554,0,20,4,5,1,full,40.1,medium
A03532,server,dmz,low,restricted,0,0,4.4,0.371,0,0,0,0,192,1,7,0,full,19.4,low
A03533,database,server_lan,low,public,1,1,3.5,0.452,0,0,0,0,224,12,18,3,full,38.3,medium
A03534,server,ot,critical,restricted,0,0,7.5,0.245,0,0,0,0,394,8,5,1,full,40.5,medium
A03535,web_app,cloud,medium,internal,0,0,5.8,0.229,0,0,0,0,10,4,10,2,partial,20.2,low
A03536,cloud_vm,server_lan,medium,public,0,0,4.3,0.228,1,0,211,1,25,1,7,5,full,22.6,low
A03537,server,dmz,high,internal,1,1,7.5,0.362,0,0,0,0,297,6,17,4,partial,72.8,critical
A03538,web_app,ot,critical,confidential,1,0,6.8,0.347,0,0,0,0,54,10,26,3,none,91.4,critical
A03539,server,dmz,low,confidential,0,1,9.3,0.297,0,0,0,0,348,3,6,0,full,19.4,low
A03540,workstation,server_lan,critical,internal,0,1,7.9,0.197,0,0,0,0,56,4,5,1,full,27.8,medium
A03541,cloud_vm,server_lan,low,confidential,0,1,4.7,0.384,0,0,0,0,251,5,10,2,full,19.3,low
A03542,database,dmz,critical,confidential,1,1,8.0,0.228,0,0,0,0,694,5,23,3,full,96.5,critical
A03543,cloud_vm,server_lan,low,confidential,0,0,5.7,0.306,0,0,0,0,284,3,6,1,full,21.5,low
A03544,server,ot,low,internal,0,0,4.3,0.324,0,0,0,0,198,7,5,1,partial,20.4,low
A03545,workstation,server_lan,low,confidential,0,0,7.1,0.513,0,0,0,0,59,6,4,0,full,22.0,low
A03546,database,user_lan,high,confidential,0,0,6.6,0.364,0,0,0,0,535,6,9,2,partial,49.5,medium
A03547,database,cloud,critical,public,1,0,5.8,0.388,0,0,0,0,39,9,20,6,partial,48.0,medium
A03548,firewall,user_lan,low,confidential,0,0,8.6,0.117,0,0,0,0,146,3,4,3,full,17.9,low
A03549,server,cloud,medium,internal,1,0,6.1,0.327,0,0,0,0,6,10,20,5,full,53.4,high
A03550,cloud_vm,user_lan,low,confidential,1,0,5.8,0.529,0,0,0,0,558,10,17,1,partial,66.6,high
A03551,cloud_vm,user_lan,low,confidential,1,1,3.9,0.369,0,0,0,0,29,15,27,6,partial,55.3,high
A03552,database,user_lan,high,internal,0,1,6.2,0.283,0,0,0,0,430,8,14,0,full,38.4,medium
A03553,workstation,cloud,low,public,1,0,4.5,0.272,0,0,0,0,558,6,20,8,partial,57.5,high
A03554,database,user_lan,critical,confidential,1,0,6.7,0.148,0,0,0,0,59,9,23,2,full,54.0,high
A03555,workstation,cloud,critical,restricted,1,1,7.1,0.19,0,0,0,0,131,6,26,1,partial,80.2,critical
A03556,cloud_vm,server_lan,low,confidential,0,1,5.7,0.36,0,0,0,0,667,7,11,1,full,36.2,medium
A03557,database,user_lan,medium,confidential,0,0,3.9,0.25,0,0,0,0,58,5,7,0,full,22.7,low
A03558,firewall,cloud,critical,internal,1,0,3.9,0.434,0,0,0,0,9,4,21,5,partial,57.8,high
A03559,web_app,server_lan,high,internal,1,0,7.4,0.208,0,0,0,0,667,11,20,7,none,97.5,critical
A03560,database,cloud,high,confidential,1,0,5.3,0.147,0,0,0,0,622,4,30,7,partial,65.9,high
A03561,web_app,server_lan,low,internal,1,0,4.7,0.423,0,0,0,0,6,9,27,4,none,36.5,medium
A03562,database,server_lan,low,confidential,0,0,7.3,0.203,0,0,0,0,54,5,5,1,full,4.5,low
A03563,cloud_vm,cloud,high,internal,1,0,3.9,0.281,0,0,0,0,26,11,22,2,full,46.0,medium
A03564,server,server_lan,medium,public,1,1,5.9,0.564,0,0,0,0,371,10,37,4,full,83.8,critical
A03565,firewall,server_lan,high,confidential,0,1,5.2,0.373,0,0,0,0,53,8,5,1,full,37.1,medium
A03566,cloud_vm,server_lan,high,confidential,1,0,4.1,0.444,0,0,0,0,677,12,21,4,partial,91.1,critical
A03567,cloud_vm,cloud,medium,confidential,1,0,8.4,0.395,0,0,0,0,28,6,22,1,full,39.6,medium
A03568,database,user_lan,low,internal,1,0,4.1,0.187,0,0,0,0,350,10,14,4,full,29.8,medium
A03569,cloud_vm,user_lan,medium,confidential,1,1,6.3,0.47,0,0,0,0,18,17,36,3,full,60.4,high
A03570,workstation,cloud,high,internal,1,0,5.0,0.222,0,0,0,0,51,8,20,2,partial,53.0,high
A03571,cloud_vm,user_lan,medium,confidential,0,0,6.0,0.34,0,0,0,0,75,7,15,1,partial,38.0,medium
A03572,server,ot,low,confidential,0,1,4.6,0.226,0,0,0,0,23,9,8,2,none,45.0,medium
A03573,workstation,cloud,critical,internal,0,0,3.3,0.139,0,0,0,0,55,3,10,0,full,21.9,low
A03574,workstation,server_lan,high,confidential,0,0,7.4,0.514,0,0,0,0,49,3,5,0,full,43.8,medium
A03575,workstation,ot,medium,confidential,1,0,4.1,0.59,0,0,0,0,42,6,17,5,none,49.2,medium
A03576,workstation,user_lan,high,internal,0,0,7.4,0.238,0,0,0,0,223,5,5,1,full,28.6,medium
A03577,cloud_vm,dmz,medium,confidential,1,0,6.6,0.337,0,0,0,0,0,12,23,3,partial,58.4,high
A03578,workstation,server_lan,critical,public,1,0,7.2,0.158,0,0,0,0,121,14,29,3,full,64.9,high
A03579,cloud_vm,user_lan,high,restricted,1,0,6.2,0.308,0,0,0,0,81,9,19,4,full,60.6,high
A03580,server,server_lan,low,internal,1,0,5.2,0.373,0,0,0,0,2,6,28,5,full,36.6,medium
A03581,cloud_vm,user_lan,medium,internal,1,0,5.7,0.78,0,0,0,0,620,8,23,5,full,61.5,high
A03582,cloud_vm,server_lan,low,confidential,1,0,8.3,0.341,0,0,0,0,33,2,28,6,partial,58.8,high
A03583,workstation,user_lan,high,internal,1,1,6.7,0.372,0,0,0,0,48,11,25,2,full,60.2,high
A03584,web_app,dmz,medium,restricted,1,0,8.2,0.299,0,0,0,0,56,7,23,1,full,37.5,medium
A03585,cloud_vm,cloud,medium,internal,1,0,4.5,0.131,0,0,0,0,19,7,19,4,partial,55.1,high
A03586,cloud_vm,server_lan,critical,internal,0,0,7.0,0.374,1,0,455,1,56,1,4,1,partial,24.2,medium
A03587,workstation,server_lan,medium,public,1,0,7.6,0.35,0,0,0,0,41,9,23,5,partial,57.5,high
A03588,database,user_lan,high,public,0,1,4.4,0.118,0,0,0,0,223,3,6,2,none,45.7,medium
A03589,cloud_vm,user_lan,high,public,1,0,6.5,0.278,0,0,0,0,21,5,28,2,full,35.8,medium
A03590,workstation,user_lan,medium,public,1,0,7.8,0.368,0,0,0,0,298,9,27,4,partial,68.2,high
A03591,cloud_vm,user_lan,low,internal,0,0,6.5,0.191,0,0,0,0,50,3,12,2,full,15.1,low
A03592,workstation,dmz,high,internal,1,0,6.1,0.144,0,0,0,0,461,4,24,2,full,51.0,medium
A03593,cloud_vm,cloud,high,internal,1,0,8.2,0.313,0,0,0,0,307,11,8,5,partial,83.5,critical
A03594,server,user_lan,low,internal,0,0,3.7,0.282,0,0,0,0,30,3,7,2,partial,0.0,low
A03595,server,dmz,high,public,1,1,8.2,0.243,0,0,0,0,18,8,25,0,full,54.5,high
A03596,firewall,cloud,medium,public,1,0,7.3,0.88,1,1,564,0,4,10,23,4,full,56.3,high
A03597,cloud_vm,user_lan,medium,public,0,0,3.3,0.346,1,0,258,0,4,3,5,7,full,16.7,low
A03598,cloud_vm,user_lan,high,internal,1,0,7.2,0.258,0,0,0,0,45,15,31,2,full,48.3,medium
A03599,firewall,user_lan,medium,public,0,0,2.1,0.113,0,0,0,0,326,2,10,0,full,13.3,low
A03600,workstation,server_lan,medium,internal,1,0,4.3,0.369,1,0,115,1,34,4,17,4,partial,55.5,high
A03601,workstation,user_lan,medium,restricted,0,1,8.0,0.238,0,0,0,0,39,3,8,0,full,28.5,medium
A03602,server,dmz,low,internal,1,0,4.5,0.44,1,1,130,1,303,7,27,4,full,70.1,high
A03603,database,server_lan,medium,public,1,0,6.5,0.218,0,0,0,0,633,4,22,1,partial,48.8,medium
A03604,server,ot,low,confidential,1,1,5.8,0.352,0,0,0,0,23,14,19,3,none,64.4,high
A03605,firewall,user_lan,low,internal,0,1,6.7,0.538,0,0,0,0,67,6,9,0,partial,11.3,low
A03606,server,server_lan,high,public,1,0,4.9,0.231,0,0,0,0,44,9,22,5,partial,54.8,high
A03607,server,server_lan,low,confidential,1,0,5.4,0.428,0,0,0,0,293,13,25,4,full,42.4,medium
A03608,workstation,cloud,critical,confidential,1,0,6.1,0.66,0,0,0,0,373,1,17,3,full,68.0,high
A03609,server,server_lan,medium,restricted,0,0,7.9,0.474,0,0,0,0,148,8,4,3,full,49.7,medium
A03610,server,server_lan,low,restricted,0,0,7.5,0.406,0,0,0,0,375,4,6,1,partial,39.5,medium
A03611,web_app,server_lan,critical,confidential,0,1,4.1,0.17,0,0,0,0,31,6,7,2,none,53.6,high
A03612,workstation,cloud,medium,confidential,1,0,6.7,0.481,1,0,88,1,144,9,19,5,partial,88.7,critical
A03613,web_app,user_lan,medium,internal,0,1,7.6,0.259,0,0,0,0,18,5,7,0,full,7.7,low
A03614,cloud_vm,dmz,high,restricted,0,1,8.2,0.538,1,1,275,1,674,8,8,3,partial,97.6,critical
A03615,web_app,dmz,high,internal,0,0,8.4,0.305,0,0,0,0,437,3,6,0,full,20.4,low
A03616,web_app,user_lan,low,internal,0,0,6.1,0.13,0,0,0,0,134,4,6,2,full,20.1,low
A03617,workstation,user_lan,low,public,1,1,8.3,0.827,1,0,212,1,25,4,19,2,partial,62.3,high
A03618,server,user_lan,critical,confidential,0,1,4.5,0.418,0,0,0,0,10,4,10,1,full,29.7,medium
A03619,workstation,server_lan,low,internal,0,0,7.2,0.345,0,0,0,0,18,4,11,1,full,2.1,low
A03620,firewall,cloud,high,confidential,0,1,2.5,0.502,0,0,0,0,34,6,10,2,none,51.1,medium
A03621,web_app,ot,medium,public,1,0,5.5,0.214,0,0,0,0,37,9,30,6,partial,62.2,high
A03622,workstation,user_lan,medium,confidential,1,0,7.1,0.576,1,0,140,1,46,8,24,8,full,77.6,critical
A03623,workstation,server_lan,high,public,1,0,7.0,0.193,0,0,0,0,571,5,26,3,full,55.0,high
A03624,cloud_vm,user_lan,critical,confidential,0,1,6.0,0.335,0,0,0,0,200,4,8,3,partial,53.6,high
A03625,web_app,server_lan,low,internal,1,0,9.0,0.508,0,0,0,0,6,10,28,6,none,70.7,high
A03626,database,dmz,medium,internal,0,1,6.1,0.555,0,0,0,0,556,5,7,1,partial,48.1,medium
A03627,cloud_vm,server_lan,high,internal,1,0,7.0,0.451,1,0,394,1,50,11,29,2,full,76.7,critical
A03628,web_app,ot,medium,internal,1,0,3.0,0.242,0,0,0,0,160,9,32,1,full,50.0,medium
A03629,web_app,server_lan,critical,public,1,1,8.5,0.329,0,0,0,0,38,5,21,2,partial,83.4,critical
A03630,server,cloud,medium,confidential,1,0,5.9,0.445,0,0,0,0,37,11,20,2,full,52.3,high
A03631,server,user_lan,low,internal,1,1,3.0,0.244,0,0,0,0,43,9,23,2,full,41.2,medium
A03632,firewall,user_lan,high,confidential,0,0,6.7,0.333,0,0,0,0,40,5,5,0,full,16.9,low
A03633,web_app,dmz,critical,confidential,0,1,8.3,0.517,0,0,0,0,477,5,7,0,full,63.8,high
A03634,workstation,user_lan,low,public,1,0,7.0,0.487,0,0,0,0,273,11,22,5,full,42.4,medium
A03635,web_app,dmz,high,restricted,1,0,5.5,0.469,0,0,0,0,41,7,17,3,full,37.6,medium
A03636,server,user_lan,low,confidential,0,0,6.4,0.447,0,0,0,0,46,4,5,1,full,6.4,low
A03637,cloud_vm,server_lan,low,confidential,1,0,5.3,0.31,1,1,288,0,11,9,14,2,full,47.2,medium
A03638,server,server_lan,low,confidential,0,1,4.6,0.381,0,0,0,0,25,6,8,1,full,23.0,low
A03639,cloud_vm,user_lan,high,confidential,0,1,8.0,0.362,0,0,0,0,36,3,6,2,partial,64.1,high
A03640,database,dmz,low,restricted,1,1,4.8,0.313,0,0,0,0,47,6,25,4,partial,63.0,high
A03641,workstation,server_lan,low,public,1,0,7.4,0.262,0,0,0,0,172,10,24,4,full,40.5,medium
A03642,server,ot,high,public,0,1,1.5,0.098,0,0,0,0,419,8,9,0,partial,36.4,medium
A03643,cloud_vm,dmz,medium,confidential,0,0,6.2,0.209,0,0,0,0,68,4,9,0,full,40.1,medium
A03644,server,server_lan,low,internal,1,0,3.4,0.18,0,0,0,0,83,8,33,5,full,35.0,medium
A03645,server,server_lan,low,confidential,1,1,8.7,0.334,0,0,0,0,205,11,23,6,full,52.4,high
A03646,cloud_vm,server_lan,high,internal,1,1,9.3,0.423,0,0,0,0,53,5,13,5,full,76.7,critical
A03647,workstation,user_lan,medium,internal,1,0,2.9,0.18,0,0,0,0,658,11,21,3,full,41.3,medium
A03648,workstation,server_lan,high,restricted,0,0,4.7,0.198,0,0,0,0,29,4,7,0,full,20.3,low
A03649,workstation,user_lan,low,public,1,0,5.9,0.117,0,0,0,0,294,13,18,2,partial,39.5,medium
A03650,cloud_vm,user_lan,medium,public,1,1,4.0,0.278,0,0,0,0,29,8,26,2,full,25.3,medium
A03651,workstation,server_lan,high,confidential,1,0,7.4,0.737,1,1,219,1,687,6,16,5,partial,100.0,critical
A03652,server,ot,low,confidential,1,0,7.9,0.417,0,0,0,0,512,8,20,2,none,80.9,critical
A03653,workstation,ot,low,confidential,0,1,7.2,0.22,0,0,0,0,9,2,9,2,none,31.0,medium
A03654,server,dmz,medium,internal,1,1,7.1,0.321,1,0,252,1,241,6,26,6,full,77.7,critical
A03655,workstation,server_lan,medium,restricted,0,0,8.1,0.385,0,0,0,0,10,2,10,0,partial,23.4,medium
A03656,server,server_lan,low,confidential,1,1,6.3,0.231,0,0,0,0,45,18,27,1,full,59.3,high
A03657,server,server_lan,critical,confidential,0,0,8.7,0.258,0,0,0,0,720,4,14,0,full,46.8,medium
A03658,workstation,user_lan,medium,public,0,0,4.7,0.253,0,0,0,0,53,1,8,0,full,1.1,low
A03659,cloud_vm,user_lan,medium,internal,0,0,2.5,0.151,0,0,0,0,573,7,4,0,full,13.0,low
A03660,server,user_lan,low,internal,0,0,5.7,0.265,0,0,0,0,59,9,16,0,partial,11.3,low
A03661,server,server_lan,medium,confidential,0,0,6.1,0.265,0,0,0,0,26,5,5,1,full,2.0,low
A03662,cloud_vm,server_lan,medium,public,0,0,5.6,0.097,0,0,0,0,16,6,7,1,partial,21.4,low
A03663,cloud_vm,ot,critical,internal,0,0,7.3,0.185,0,0,0,0,21,4,10,4,partial,53.9,high
A03664,web_app,ot,medium,confidential,1,1,7.8,0.122,0,0,0,0,49,7,24,1,none,72.1,high
A03665,workstation,dmz,high,internal,1,0,7.4,0.263,0,0,0,0,551,9,24,1,partial,74.8,critical
A03666,workstation,user_lan,medium,internal,0,0,5.7,0.266,0,0,0,0,41,2,11,0,full,16.7,low
A03667,server,user_lan,medium,internal,0,1,8.5,0.213,0,0,0,0,9,3,6,0,full,26.0,medium
A03668,server,user_lan,critical,restricted,0,0,6.3,0.485,1,1,52,1,26,6,13,1,partial,76.6,critical
A03669,workstation,user_lan,medium,confidential,0,1,8.3,0.443,0,0,0,0,499,6,1,0,partial,41.7,medium
A03670,database,cloud,high,internal,1,1,7.0,0.265,0,0,0,0,365,12,21,2,partial,73.5,critical
A03671,workstation,dmz,high,restricted,1,1,7.6,0.305,1,0,262,1,50,8,17,8,partial,100.0,critical
A03672,web_app,server_lan,critical,confidential,1,0,2.8,0.386,0,0,0,0,376,10,28,4,full,65.5,high
A03673,workstation,ot,low,internal,0,0,6.6,0.261,0,0,0,0,54,2,6,1,partial,1.0,low
A03674,workstation,server_lan,low,confidential,0,0,5.3,0.389,0,0,0,0,8,3,4,1,full,4.7,low
A03675,cloud_vm,dmz,medium,restricted,1,0,3.7,0.313,0,0,0,0,361,12,15,4,full,60.6,high
A03676,cloud_vm,cloud,critical,public,1,0,7.9,0.183,0,0,0,0,384,6,24,4,full,51.1,medium
A03677,workstation,cloud,medium,confidential,0,0,5.2,0.148,0,0,0,0,35,3,11,1,full,21.7,low
A03678,database,user_lan,medium,public,1,1,3.6,0.182,0,0,0,0,41,11,26,2,full,45.8,medium
A03679,workstation,cloud,medium,confidential,1,0,7.7,0.414,0,0,0,0,174,14,22,2,full,44.9,medium
A03680,server,user_lan,low,confidential,1,1,8.1,0.649,1,0,160,1,576,14,20,7,full,86.7,critical
A03681,web_app,dmz,low,restricted,0,0,4.5,0.136,0,0,0,0,99,8,3,2,full,8.6,low
A03682,server,user_lan,low,confidential,1,0,7.0,0.601,0,0,0,0,67,12,21,2,full,48.3,medium
A03683,workstation,cloud,low,public,1,1,7.8,0.21,0,0,0,0,7,10,17,4,partial,60.1,high
A03684,database,cloud,high,internal,1,1,7.7,0.499,0,0,0,0,77,11,23,1,full,57.1,high
A03685,server,server_lan,medium,restricted,0,0,6.6,0.254,0,0,0,0,41,5,9,3,full,26.0,medium
A03686,server,dmz,low,internal,1,1,5.6,0.173,0,0,0,0,314,14,20,5,partial,76.2,critical
A03687,workstation,cloud,medium,public,0,0,4.8,0.339,0,0,0,0,37,3,7,1,partial,24.7,medium
A03688,firewall,server_lan,medium,confidential,1,0,8.2,0.244,0,0,0,0,495,14,34,3,none,87.2,critical
A03689,web_app,dmz,medium,internal,0,1,7.6,0.357,0,0,0,0,55,3,9,1,full,29.1,medium
A03690,workstation,cloud,medium,public,1,0,8.1,0.534,0,0,0,0,164,4,17,2,full,35.7,medium
A03691,server,user_lan,low,internal,1,0,6.5,0.39,0,0,0,0,5,9,18,2,partial,32.5,medium
A03692,web_app,server_lan,high,internal,0,1,6.9,0.787,0,0,0,0,90,5,9,1,full,33.0,medium
A03693,server,dmz,low,confidential,1,1,3.8,0.085,0,0,0,0,16,9,20,3,full,33.3,medium
A03694,database,dmz,low,internal,1,1,7.3,0.474,0,0,0,0,295,7,18,2,full,63.8,high
A03695,cloud_vm,cloud,low,internal,1,0,3.0,0.186,0,0,0,0,568,7,29,4,full,31.8,medium
A03696,workstation,user_lan,medium,confidential,0,0,4.8,0.573,0,0,0,0,1,3,7,2,full,12.2,low
A03697,workstation,server_lan,low,internal,0,0,8.9,0.734,1,1,24,1,619,4,6,2,full,41.3,medium
A03698,server,server_lan,medium,confidential,0,0,4.3,0.583,0,0,0,0,651,8,9,0,full,20.6,low
A03699,server,server_lan,low,internal,0,1,6.5,0.227,0,0,0,0,35,4,10,1,full,26.9,medium
A03700,workstation,dmz,low,internal,1,1,8.3,0.314,0,0,0,0,233,10,19,4,full,63.9,high
A03701,cloud_vm,server_lan,high,internal,1,1,8.9,0.375,0,0,0,0,625,12,22,3,partial,80.2,critical
A03702,workstation,user_lan,medium,confidential,1,0,6.7,0.21,0,0,0,0,52,8,15,2,full,37.8,medium
A03703,database,server_lan,low,restricted,1,1,5.4,0.505,0,0,0,0,658,1,17,2,full,54.9,high
A03704,web_app,server_lan,medium,internal,1,0,5.0,0.195,0,0,0,0,56,6,20,5,partial,38.6,medium
A03705,server,user_lan,low,public,1,1,5.4,0.286,0,0,0,0,221,6,19,2,full,49.4,medium
A03706,server,user_lan,high,internal,0,0,7.7,0.199,0,0,0,0,21,4,5,2,full,33.5,medium
A03707,workstation,dmz,low,internal,1,0,8.5,0.353,0,0,0,0,332,9,15,3,partial,77.5,critical
A03708,web_app,dmz,medium,internal,1,0,6.4,0.332,0,0,0,0,18,5,20,4,none,70.2,high
A03709,workstation,dmz,critical,restricted,0,1,5.3,0.248,0,0,0,0,2,2,7,0,partial,33.2,medium
A03710,web_app,server_lan,low,confidential,0,0,3.5,0.138,0,0,0,0,561,6,4,1,partial,0.0,low
A03711,cloud_vm,user_lan,low,internal,0,1,4.6,0.359,1,1,330,1,572,2,7,3,partial,56.0,high
A03712,cloud_vm,dmz,medium,internal,1,1,4.3,0.256,1,1,315,0,15,11,23,5,full,76.5,critical
A03713,firewall,cloud,critical,public,1,0,7.0,0.253,0,0,0,0,47,7,19,2,partial,56.8,high
A03714,cloud_vm,user_lan,medium,internal,0,0,7.6,0.287,0,0,0,0,624,4,8,0,full,7.3,low
A03715,cloud_vm,dmz,high,confidential,1,0,7.5,0.205,0,0,0,0,14,8,26,7,partial,77.0,critical
A03716,cloud_vm,dmz,low,restricted,1,1,5.1,0.344,0,0,0,0,85,6,23,2,full,64.0,high
A03717,web_app,server_lan,high,internal,1,1,6.9,0.182,0,0,0,0,636,9,20,6,full,61.0,high
A03718,cloud_vm,dmz,low,public,0,0,6.5,0.201,0,0,0,0,22,8,6,2,full,16.1,low
A03719,firewall,user_lan,medium,public,1,0,7.7,0.559,0,0,0,0,48,9,19,2,full,27.2,medium
A03720,database,dmz,low,public,1,1,4.5,0.141,0,0,0,0,6,14,25,1,full,46.9,medium
A03721,web_app,cloud,medium,restricted,1,0,7.7,0.28,0,0,0,0,56,6,15,5,partial,66.8,high
A03722,database,user_lan,low,confidential,0,1,4.7,0.187,0,0,0,0,27,5,8,1,full,31.9,medium
A03723,cloud_vm,cloud,high,confidential,1,0,6.6,0.262,0,0,0,0,31,11,28,1,partial,71.3,high
A03724,workstation,cloud,high,restricted,1,0,5.7,0.241,0,0,0,0,71,6,20,1,full,57.2,high
A03725,cloud_vm,user_lan,high,public,0,1,8.7,0.344,0,0,0,0,159,6,8,2,partial,43.4,medium
A03726,cloud_vm,ot,critical,confidential,1,0,7.1,0.454,0,0,0,0,416,16,20,2,none,95.6,critical
A03727,firewall,ot,medium,confidential,1,1,7.2,0.223,1,0,463,0,2,7,23,0,none,92.8,critical
A03728,workstation,server_lan,high,internal,1,0,5.8,0.574,0,0,0,0,492,11,21,3,partial,68.6,high
A03729,web_app,dmz,low,internal,1,0,4.3,0.208,0,0,0,0,516,8,23,3,none,60.1,high
A03730,cloud_vm,server_lan,critical,confidential,1,0,9.0,0.342,0,0,0,0,55,3,25,5,full,63.8,high
A03731,firewall,server_lan,medium,restricted,1,1,4.5,0.288,0,0,0,0,7,8,19,3,full,56.1,high
A03732,cloud_vm,user_lan,medium,public,1,0,7.6,0.321,0,0,0,0,40,7,27,0,partial,31.9,medium
A03733,database,server_lan,medium,restricted,0,1,3.0,0.223,0,0,0,0,52,6,3,1,partial,32.5,medium
A03734,database,user_lan,high,restricted,1,1,8.8,0.394,0,0,0,0,8,7,15,4,full,57.7,high
A03735,server,cloud,high,restricted,1,0,8.1,0.333,0,0,0,0,433,14,17,5,partial,100.0,critical
A03736,firewall,server_lan,high,public,0,1,8.4,0.218,0,0,0,0,471,2,11,1,full,8.1,low
A03737,workstation,user_lan,medium,internal,0,0,6.4,0.43,0,0,0,0,50,4,6,0,partial,7.0,low
A03738,web_app,server_lan,medium,confidential,1,0,3.2,0.582,0,0,0,0,2,12,19,2,full,55.7,high
A03739,cloud_vm,cloud,critical,internal,1,0,7.6,0.459,0,0,0,0,1,8,20,1,full,53.5,high
A03740,workstation,user_lan,medium,public,1,1,8.6,0.54,1,0,37,0,2,6,14,7,full,55.1,high
A03741,server,dmz,medium,confidential,1,0,5.0,0.501,0,0,0,0,46,5,20,3,partial,73.3,critical
A03742,server,user_lan,medium,public,0,1,6.8,0.364,0,0,0,0,504,6,8,0,partial,27.0,medium
A03743,cloud_vm,server_lan,medium,internal,1,1,4.4,0.385,0,0,0,0,19,6,26,2,full,46.3,medium
A03744,database,cloud,high,restricted,1,1,6.5,0.177,0,0,0,0,497,8,21,2,partial,100.0,critical
A03745,server,user_lan,medium,internal,0,0,5.9,0.186,0,0,0,0,384,7,10,1,full,27.2,medium
A03746,web_app,server_lan,high,restricted,0,1,4.4,0.306,0,0,0,0,12,6,9,1,partial,38.1,medium
A03747,workstation,user_lan,high,internal,1,0,8.0,0.179,0,0,0,0,21,6,33,4,full,44.3,medium
A03748,cloud_vm,cloud,medium,internal,1,0,7.2,0.274,0,0,0,0,557,8,22,1,full,58.4,high
A03749,workstation,cloud,low,public,1,0,8.3,0.273,1,0,245,1,46,3,19,9,partial,76.6,critical
A03750,server,user_lan,medium,internal,0,1,4.4,0.419,0,0,0,0,285,4,8,0,partial,20.0,low
A03751,server,cloud,medium,internal,0,1,6.7,0.552,0,0,0,0,183,5,4,0,partial,51.7,high
A03752,database,server_lan,medium,restricted,1,0,6.2,0.573,0,0,0,0,37,12,22,4,full,76.8,critical
A03753,workstation,cloud,critical,restricted,0,0,4.4,0.254,0,0,0,0,19,3,5,0,full,23.9,medium
A03754,cloud_vm,cloud,low,public,1,0,7.0,0.452,0,0,0,0,28,9,16,1,partial,49.3,medium
A03755,database,dmz,low,public,1,0,5.3,0.194,0,0,0,0,20,5,16,3,partial,40.4,medium
A03756,workstation,server_lan,high,confidential,0,0,5.2,0.171,0,0,0,0,119,5,10,3,partial,41.7,medium
A03757,workstation,server_lan,critical,internal,0,0,8.8,0.462,0,0,0,0,29,2,7,1,full,46.6,medium
A03758,workstation,server_lan,medium,internal,1,1,7.7,0.154,0,0,0,0,643,7,24,1,full,42.1,medium
A03759,firewall,server_lan,low,internal,1,0,8.6,0.524,0,0,0,0,22,6,21,2,none,64.8,high
A03760,server,server_lan,medium,internal,0,0,4.9,0.396,0,0,0,0,29,11,7,2,full,10.1,low
A03761,firewall,user_lan,medium,internal,0,0,7.2,0.629,1,0,334,0,20,8,5,1,none,41.1,medium
A03762,workstation,dmz,medium,public,1,0,5.4,0.333,0,0,0,0,16,9,19,1,full,31.0,medium
A03763,server,server_lan,low,confidential,0,0,5.1,0.345,0,0,0,0,565,6,7,2,full,0.0,low
A03764,workstation,user_lan,medium,internal,1,0,5.0,0.236,0,0,0,0,1,3,19,3,partial,34.5,medium
A03765,server,server_lan,high,internal,1,1,9.3,0.493,0,0,0,0,556,7,32,2,full,85.2,critical
A03766,cloud_vm,user_lan,medium,internal,0,1,6.7,0.685,1,0,196,1,58,2,10,6,partial,59.7,high
A03767,database,cloud,high,public,1,1,7.9,0.215,0,0,0,0,56,7,29,4,full,62.6,high
A03768,workstation,ot,medium,restricted,1,1,7.8,0.46,1,0,206,1,33,8,21,6,none,100.0,critical
A03769,web_app,user_lan,medium,confidential,1,0,6.0,0.175,0,0,0,0,546,11,12,3,none,60.0,high
A03770,web_app,dmz,medium,restricted,0,0,8.1,0.288,0,0,0,0,50,8,6,1,partial,50.5,medium
A03771,firewall,dmz,critical,internal,1,1,6.4,0.283,0,0,0,0,23,11,22,2,full,50.0,medium
A03772,firewall,ot,medium,internal,1,0,8.5,0.359,0,0,0,0,262,8,19,3,full,59.9,high
A03773,web_app,user_lan,medium,internal,1,0,6.8,0.407,1,0,249,1,708,10,11,6,partial,80.6,critical
A03774,cloud_vm,cloud,medium,internal,1,0,1.3,0.193,0,0,0,0,18,9,23,3,full,41.7,medium
A03775,cloud_vm,user_lan,high,confidential,1,0,4.6,0.27,0,0,0,0,488,10,17,4,full,55.2,high
A03776,database,server_lan,medium,internal,1,1,3.7,0.615,0,0,0,0,0,10,29,2,full,35.4,medium
A03777,web_app,user_lan,medium,public,1,0,5.2,0.438,0,0,0,0,243,6,24,2,none,64.0,high
A03778,server,cloud,high,internal,1,1,3.8,0.096,0,0,0,0,46,10,30,3,partial,71.2,high
A03779,cloud_vm,cloud,low,public,1,1,7.1,0.317,0,0,0,0,665,8,19,3,full,50.3,medium
A03780,firewall,server_lan,medium,internal,1,0,7.2,0.43,0,0,0,0,27,5,18,5,none,72.1,high
A03781,server,user_lan,medium,confidential,0,1,5.7,0.533,0,0,0,0,134,2,3,2,full,15.0,low
A03782,cloud_vm,server_lan,critical,restricted,1,1,6.7,0.205,0,0,0,0,471,4,19,4,full,81.6,critical
A03783,firewall,ot,high,public,1,0,3.6,0.348,0,0,0,0,2,6,24,1,none,51.5,high
A03784,server,server_lan,low,public,0,1,5.6,0.448,0,0,0,0,34,2,9,0,full,24.8,medium
A03785,database,cloud,high,internal,1,1,8.3,0.119,0,0,0,0,3,9,27,3,full,63.9,high
A03786,firewall,server_lan,high,public,0,1,6.6,0.283,0,0,0,0,589,4,9,0,full,29.6,medium
A03787,firewall,user_lan,medium,confidential,0,1,5.6,0.227,1,1,285,1,30,4,9,1,partial,60.6,high
A03788,server,user_lan,low,public,0,0,6.3,0.315,0,0,0,0,26,3,12,0,full,17.9,low
A03789,workstation,server_lan,low,restricted,1,0,5.3,0.354,0,0,0,0,44,15,30,4,full,47.4,medium
A03790,web_app,cloud,medium,restricted,1,1,5.7,0.152,0,0,0,0,572,10,26,7,full,84.5,critical
A03791,server,cloud,medium,internal,0,0,6.8,0.206,0,0,0,0,29,2,9,1,full,15.9,low
A03792,workstation,cloud,high,restricted,1,0,5.1,0.476,0,0,0,0,723,8,31,5,full,81.9,critical
A03793,server,server_lan,low,confidential,1,0,2.5,0.122,0,0,0,0,57,5,19,3,full,39.9,medium
A03794,server,cloud,medium,restricted,1,0,6.3,0.436,0,0,0,0,541,12,20,1,partial,73.7,critical
A03795,database,user_lan,low,internal,1,1,6.5,0.242,0,0,0,0,43,11,15,3,partial,63.6,high
A03796,web_app,user_lan,medium,restricted,0,1,6.8,0.273,0,0,0,0,42,6,6,0,full,31.5,medium
A03797,web_app,user_lan,low,public,0,0,9.8,0.349,0,0,0,0,181,8,7,1,full,25.8,medium
A03798,cloud_vm,user_lan,medium,internal,0,1,5.2,0.21,0,0,0,0,132,6,6,2,full,24.2,medium
A03799,workstation,dmz,low,restricted,1,0,6.7,0.33,0,0,0,0,398,9,19,5,full,51.4,high
A03800,workstation,server_lan,medium,internal,1,0,8.0,0.411,0,0,0,0,2,7,22,4,partial,44.4,medium
A03801,server,server_lan,medium,public,0,1,8.1,0.317,0,0,0,0,44,4,6,3,partial,36.0,medium
A03802,server,server_lan,high,public,1,1,1.9,0.157,0,0,0,0,676,3,18,4,partial,71.0,high
A03803,workstation,dmz,low,public,1,1,4.1,0.167,0,0,0,0,142,11,23,2,partial,48.4,medium
A03804,server,server_lan,medium,internal,1,0,5.4,0.174,0,0,0,0,493,6,18,2,partial,51.5,high
A03805,server,cloud,medium,internal,1,1,6.3,0.337,0,0,0,0,15,4,19,1,full,53.7,high
A03806,server,user_lan,low,internal,1,0,6.0,0.282,0,0,0,0,365,11,24,2,full,36.5,medium
A03807,web_app,dmz,low,confidential,1,1,9.1,0.392,1,0,550,1,148,6,24,8,partial,100.0,critical
A03808,web_app,cloud,medium,public,1,0,6.7,0.294,0,0,0,0,44,14,20,3,partial,63.6,high
A03809,firewall,ot,medium,restricted,1,1,7.6,0.315,0,0,0,0,78,6,24,2,none,97.7,critical
A03810,cloud_vm,cloud,critical,confidential,0,1,5.2,0.303,0,0,0,0,273,5,7,1,partial,55.6,high
A03811,database,cloud,low,confidential,1,1,7.0,0.63,0,0,0,0,22,11,23,5,full,61.8,high
A03812,server,ot,high,confidential,0,1,4.4,0.348,0,0,0,0,40,9,4,2,none,47.8,medium
A03813,database,user_lan,high,restricted,1,1,5.4,0.357,0,0,0,0,275,6,30,2,none,94.3,critical
A03814,server,ot,high,public,1,1,5.8,0.548,1,0,320,1,316,10,19,5,none,99.3,critical
A03815,workstation,ot,medium,confidential,1,0,6.8,0.472,0,0,0,0,649,6,20,5,none,68.4,high
A03816,workstation,server_lan,critical,restricted,1,0,5.9,0.21,0,0,0,0,140,10,23,6,full,67.5,high
A03817,workstation,cloud,medium,confidential,0,0,7.2,0.26,0,0,0,0,10,6,7,2,full,22.8,low
A03818,workstation,cloud,high,public,1,0,5.4,0.474,0,0,0,0,71,7,26,2,full,62.5,high
A03819,web_app,cloud,low,confidential,1,0,3.2,0.26,0,0,0,0,393,8,25,6,partial,39.4,medium
A03820,cloud_vm,cloud,high,confidential,0,0,6.8,0.306,0,0,0,0,116,6,14,0,full,43.0,medium
A03821,cloud_vm,server_lan,critical,internal,0,0,6.1,0.352,0,0,0,0,11,4,5,1,partial,39.7,medium
A03822,web_app,server_lan,critical,confidential,1,1,7.3,0.163,0,0,0,0,15,8,22,5,none,94.5,critical
A03823,database,user_lan,medium,restricted,1,0,5.7,0.12,0,0,0,0,686,7,25,3,partial,73.6,critical
A03824,server,cloud,high,internal,1,0,3.1,0.442,0,0,0,0,561,7,24,1,full,65.7,high
A03825,web_app,cloud,low,public,0,0,4.5,0.286,0,0,0,0,382,6,10,2,full,6.2,low
A03826,database,cloud,high,internal,1,0,6.5,0.166,0,0,0,0,257,7,33,5,partial,62.2,high
A03827,workstation,cloud,medium,confidential,1,0,7.0,0.381,0,0,0,0,17,8,8,4,full,52.3,high
A03828,workstation,ot,high,internal,1,0,6.4,0.54,0,0,0,0,258,11,21,3,partial,73.6,critical
A03829,firewall,server_lan,medium,confidential,1,0,7.5,0.316,0,0,0,0,30,10,17,3,none,78.1,critical
A03830,web_app,ot,low,internal,1,1,5.9,0.426,0,0,0,0,36,10,24,4,none,68.6,high
A03831,database,dmz,low,restricted,1,0,6.7,0.276,0,0,0,0,38,9,23,6,none,86.2,critical
A03832,web_app,user_lan,low,confidential,1,0,9.8,0.612,0,0,0,0,694,6,28,5,partial,66.7,high
A03833,workstation,dmz,medium,confidential,1,1,6.3,0.356,0,0,0,0,17,9,28,3,partial,63.1,high
A03834,database,user_lan,high,internal,1,1,7.4,0.157,0,0,0,0,49,9,22,6,partial,72.3,critical
A03835,workstation,server_lan,high,public,0,0,5.6,0.313,0,0,0,0,116,1,6,3,full,5.7,low
A03836,workstation,dmz,high,confidential,1,0,6.6,0.206,0,0,0,0,39,9,22,4,full,36.2,medium
A03837,web_app,user_lan,high,public,1,0,8.4,0.299,0,0,0,0,10,11,23,2,full,40.4,medium
A03838,server,cloud,medium,internal,0,1,4.7,0.328,0,0,0,0,41,8,8,2,full,18.1,low
A03839,cloud_vm,server_lan,medium,public,0,1,9.0,0.319,0,0,0,0,35,5,9,2,full,21.6,low
A03840,workstation,user_lan,medium,internal,1,0,8.8,0.169,0,0,0,0,40,9,19,2,full,27.6,medium
A03841,web_app,server_lan,low,confidential,0,0,6.3,0.607,0,0,0,0,8,4,4,0,full,4.4,low
A03842,web_app,dmz,medium,internal,1,0,5.8,0.32,0,0,0,0,455,6,26,4,full,55.7,high
A03843,web_app,server_lan,high,internal,1,1,3.0,0.247,0,0,0,0,53,5,25,2,full,49.1,medium
A03844,web_app,user_lan,medium,public,0,1,7.9,0.586,0,0,0,0,10,7,16,1,full,45.3,medium
A03845,firewall,cloud,high,internal,1,1,7.5,0.357,0,0,0,0,540,8,23,5,none,96.2,critical
A03846,database,user_lan,low,internal,0,0,8.3,0.294,0,0,0,0,55,3,9,2,partial,35.1,medium
A03847,web_app,cloud,high,restricted,1,0,7.7,0.517,0,0,0,0,445,9,27,3,full,75.8,critical
A03848,web_app,user_lan,low,restricted,1,0,4.6,0.693,0,0,0,0,132,8,18,1,full,31.6,medium
A03849,server,cloud,high,restricted,1,0,4.7,0.445,0,0,0,0,56,11,28,5,full,73.9,critical
A03850,workstation,ot,low,public,1,0,5.9,0.28,0,0,0,0,221,8,21,1,partial,38.3,medium
A03851,workstation,server_lan,medium,internal,1,1,7.3,0.53,0,0,0,0,63,8,24,3,full,70.1,high
A03852,workstation,server_lan,medium,internal,0,0,5.0,0.536,0,0,0,0,664,5,7,0,full,36.7,medium
A03853,workstation,dmz,low,confidential,1,1,5.4,0.118,0,0,0,0,330,9,27,3,full,53.9,high
A03854,workstation,user_lan,medium,confidential,0,0,7.2,0.197,0,0,0,0,447,6,7,2,partial,35.3,medium
A03855,web_app,user_lan,low,confidential,1,0,6.9,0.24,0,0,0,0,35,6,24,2,partial,28.8,medium
A03856,server,server_lan,medium,internal,1,1,7.2,0.365,0,0,0,0,48,11,22,4,full,44.8,medium
A03857,cloud_vm,cloud,critical,internal,1,0,6.7,0.284,0,0,0,0,38,13,19,4,full,66.5,high
A03858,workstation,ot,medium,restricted,1,0,9.0,0.211,0,0,0,0,628,5,22,2,none,72.8,critical
A03859,web_app,server_lan,medium,internal,0,0,8.2,0.394,0,0,0,0,665,8,11,2,none,52.5,high
A03860,server,server_lan,high,confidential,0,0,5.5,0.454,0,0,0,0,672,4,9,0,full,32.8,medium
A03861,database,server_lan,medium,confidential,1,1,7.4,0.289,1,1,354,1,145,13,26,4,full,84.0,critical
A03862,server,server_lan,high,public,1,0,8.3,0.375,0,0,0,0,1,8,22,1,full,35.3,medium
A03863,web_app,cloud,medium,restricted,0,0,7.4,0.631,1,0,630,1,463,5,8,2,partial,60.9,high
A03864,workstation,user_lan,medium,restricted,0,0,7.9,0.261,0,0,0,0,38,3,8,0,partial,27.4,medium
A03865,firewall,dmz,low,confidential,0,0,7.0,0.454,0,0,0,0,198,5,8,1,full,24.4,medium
A03866,workstation,user_lan,low,public,0,0,7.2,0.201,0,0,0,0,164,4,7,1,full,5.2,low
A03867,database,dmz,medium,public,1,0,7.1,0.452,0,0,0,0,114,9,29,1,full,43.3,medium
A03868,workstation,server_lan,high,confidential,1,0,8.4,0.173,0,0,0,0,12,8,21,0,full,42.4,medium
A03869,web_app,server_lan,low,public,1,1,6.5,0.442,0,0,0,0,59,7,13,4,full,46.7,medium
A03870,database,user_lan,critical,public,0,1,8.9,0.347,0,0,0,0,28,6,12,2,partial,44.7,medium
A03871,workstation,user_lan,medium,internal,0,0,3.8,0.181,0,0,0,0,576,6,6,0,full,13.3,low
A03872,server,cloud,medium,public,0,1,5.8,0.609,1,0,276,1,49,4,4,3,full,38.5,medium
A03873,server,dmz,critical,confidential,0,0,4.3,0.279,0,0,0,0,517,11,7,0,partial,40.1,medium
A03874,server,cloud,critical,internal,1,1,4.8,0.296,0,0,0,0,1,8,12,5,partial,79.9,critical
A03875,firewall,dmz,medium,public,1,1,4.9,0.235,0,0,0,0,30,5,17,0,full,52.6,high
A03876,workstation,server_lan,low,internal,0,0,7.9,0.537,0,0,0,0,34,1,8,2,partial,38.0,medium
A03877,server,cloud,low,public,0,0,7.9,0.593,0,0,0,0,50,3,10,0,full,15.0,low
A03878,firewall,user_lan,low,public,0,0,6.0,0.667,0,0,0,0,288,5,7,1,partial,36.3,medium
A03879,server,server_lan,high,internal,0,0,6.9,0.404,0,0,0,0,35,5,6,1,full,40.7,medium
A03880,workstation,user_lan,medium,internal,0,0,2.6,0.434,0,0,0,0,465,5,4,0,full,15.8,low
A03881,web_app,cloud,high,internal,1,1,6.9,0.513,0,0,0,0,30,15,25,7,partial,84.3,critical
A03882,cloud_vm,ot,low,confidential,1,0,4.9,0.185,0,0,0,0,149,9,19,2,none,66.1,high
A03883,web_app,user_lan,medium,internal,1,1,4.9,0.275,0,0,0,0,2,7,35,6,full,55.9,high
A03884,database,dmz,medium,confidential,1,0,5.3,0.422,0,0,0,0,686,9,25,2,full,78.1,critical
A03885,firewall,user_lan,medium,internal,0,1,3.8,0.239,0,0,0,0,10,5,5,0,full,14.3,low
A03886,server,server_lan,medium,confidential,1,0,6.6,0.186,0,0,0,0,455,9,18,4,full,56.1,high
A03887,firewall,dmz,critical,confidential,1,1,5.7,0.435,0,0,0,0,28,7,21,3,full,70.0,high
A03888,cloud_vm,user_lan,critical,public,1,1,8.0,0.675,0,0,0,0,49,7,26,5,full,63.7,high
A03889,firewall,cloud,high,confidential,1,0,3.3,0.271,0,0,0,0,13,9,31,0,partial,52.6,high
A03890,workstation,dmz,low,confidential,1,0,7.7,0.336,0,0,0,0,55,10,21,5,full,63.5,high
A03891,server,cloud,critical,public,1,0,6.0,0.199,1,0,271,1,134,11,14,4,full,77.2,critical
A03892,web_app,user_lan,critical,confidential,1,0,4.9,0.137,0,0,0,0,315,3,24,4,partial,54.3,high
A03893,database,cloud,critical,confidential,1,1,6.1,0.689,0,0,0,0,396,8,20,1,full,76.1,critical
A03894,database,server_lan,medium,public,1,1,3.9,0.558,0,0,0,0,12,11,23,8,none,97.6,critical
A03895,firewall,server_lan,low,restricted,0,0,7.2,0.666,1,0,284,1,616,3,7,4,full,39.6,medium
A03896,web_app,dmz,high,internal,1,0,4.5,0.47,1,0,65,1,56,13,25,2,full,52.7,high
A03897,workstation,server_lan,medium,confidential,0,0,5.5,0.477,1,1,208,1,32,4,3,2,partial,46.3,medium
A03898,workstation,server_lan,medium,restricted,0,1,8.6,0.4,0,0,0,0,39,5,6,0,full,33.7,medium
A03899,server,server_lan,medium,restricted,1,1,6.3,0.514,0,0,0,0,43,6,21,7,full,69.3,high
A03900,server,server_lan,medium,confidential,1,0,6.7,0.529,1,0,190,1,644,8,24,7,full,86.7,critical
A03901,server,server_lan,medium,confidential,1,0,8.4,0.389,0,0,0,0,26,11,22,6,partial,77.4,critical
A03902,cloud_vm,ot,high,internal,1,0,7.6,0.223,0,0,0,0,3,8,28,7,none,85.8,critical
A03903,web_app,cloud,high,internal,1,0,5.5,0.448,0,0,0,0,178,6,25,4,partial,59.4,high
A03904,database,server_lan,medium,restricted,0,1,4.9,0.409,0,0,0,0,372,8,9,0,partial,56.3,high
A03905,workstation,ot,low,internal,0,0,8.6,0.351,0,0,0,0,49,4,9,0,full,18.7,low
A03906,web_app,server_lan,critical,confidential,1,0,5.0,0.569,0,0,0,0,18,9,27,4,full,59.6,high
A03907,cloud_vm,server_lan,medium,public,0,1,8.8,0.274,0,0,0,0,587,2,6,0,full,41.6,medium
A03908,cloud_vm,cloud,medium,public,0,0,6.1,0.143,0,0,0,0,142,1,9,2,partial,8.5,low
A03909,database,user_lan,medium,public,1,1,6.7,0.278,0,0,0,0,50,11,24,7,full,45.0,medium
A03910,cloud_vm,server_lan,medium,internal,0,1,7.7,0.392,0,0,0,0,23,5,5,2,full,23.1,low
A03911,database,server_lan,high,public,0,1,7.7,0.434,0,0,0,0,318,4,8,2,full,36.2,medium
A03912,database,user_lan,low,internal,0,1,5.6,0.292,1,0,444,1,723,7,5,6,full,44.0,medium
A03913,cloud_vm,user_lan,high,restricted,0,1,7.4,0.374,0,0,0,0,192,4,8,1,full,60.6,high
A03914,workstation,server_lan,low,confidential,1,1,8.9,0.217,0,0,0,0,169,10,22,3,partial,78.3,critical
A03915,workstation,user_lan,critical,confidential,1,1,7.8,0.331,0,0,0,0,29,8,22,1,full,77.2,critical
A03916,workstation,server_lan,medium,public,0,1,3.8,0.214,0,0,0,0,39,5,12,1,partial,32.5,medium
A03917,database,user_lan,low,internal,1,1,6.5,0.784,0,0,0,0,20,13,21,6,full,67.3,high
A03918,database,server_lan,medium,confidential,1,1,4.9,0.203,0,0,0,0,590,11,19,3,full,50.7,medium
A03919,web_app,cloud,medium,public,1,0,5.7,0.33,1,0,240,1,50,7,16,6,full,40.9,medium
A03920,workstation,cloud,critical,internal,1,0,4.8,0.549,0,0,0,0,5,10,19,5,full,73.3,critical
A03921,server,server_lan,high,restricted,1,1,6.7,0.621,0,0,0,0,13,5,28,2,full,64.0,high
A03922,cloud_vm,cloud,medium,public,0,1,7.8,0.42,0,0,0,0,448,5,6,2,partial,49.4,medium
A03923,workstation,dmz,medium,restricted,1,0,4.9,0.262,0,0,0,0,499,6,19,1,partial,68.8,high
A03924,firewall,server_lan,critical,public,1,1,5.2,0.227,0,0,0,0,50,10,21,1,full,72.6,critical
A03925,server,user_lan,high,public,1,1,8.2,0.258,0,0,0,0,717,6,22,2,full,62.7,high
A03926,database,user_lan,medium,public,0,1,7.6,0.335,0,0,0,0,10,10,7,2,full,25.5,medium
A03927,database,cloud,medium,restricted,0,1,3.8,0.255,0,0,0,0,17,9,10,2,none,68.8,high
A03928,cloud_vm,ot,medium,confidential,0,0,7.4,0.478,0,0,0,0,418,10,11,2,partial,42.4,medium
A03929,server,server_lan,high,confidential,0,1,7.3,0.403,0,0,0,0,51,5,6,3,partial,51.1,medium
A03930,cloud_vm,server_lan,medium,internal,1,1,6.5,0.173,0,0,0,0,438,10,22,1,full,55.8,high
A03931,database,user_lan,high,restricted,0,1,6.0,0.246,0,0,0,0,277,9,2,1,full,42.5,medium
A03932,web_app,server_lan,medium,confidential,1,0,5.8,0.286,0,0,0,0,7,10,25,3,none,74.8,critical
A03933,database,server_lan,medium,confidential,0,0,5.3,0.224,0,0,0,0,37,3,8,0,full,32.1,medium
A03934,server,ot,medium,confidential,0,0,5.6,0.304,0,0,0,0,46,7,7,1,none,36.3,medium
A03935,database,cloud,high,confidential,1,0,6.5,0.359,0,0,0,0,27,8,24,3,full,58.9,high
A03936,workstation,ot,medium,confidential,1,0,9.1,0.614,1,1,195,1,680,6,18,4,partial,86.6,critical
A03937,workstation,server_lan,high,public,0,1,9.0,0.289,0,0,0,0,43,3,4,1,full,24.5,medium
A03938,web_app,dmz,medium,restricted,1,0,7.7,0.295,0,0,0,0,13,9,25,3,full,49.5,medium
A03939,database,user_lan,high,internal,0,1,6.5,0.466,0,0,0,0,226,7,13,1,partial,35.9,medium
A03940,server,ot,critical,restricted,1,0,7.6,0.214,1,1,284,1,646,12,23,12,partial,100.0,critical
A03941,server,dmz,high,internal,1,1,3.4,0.404,0,0,0,0,360,8,26,1,partial,81.4,critical
A03942,server,dmz,medium,public,1,1,9.1,0.298,0,0,0,0,38,13,34,4,full,60.1,high
A03943,server,dmz,high,internal,1,1,5.0,0.309,0,0,0,0,18,13,23,2,partial,77.6,critical
A03944,web_app,cloud,low,confidential,1,0,7.3,0.305,0,0,0,0,23,7,21,3,partial,50.4,medium
A03945,server,cloud,low,internal,1,0,6.6,0.217,1,0,94,1,396,12,19,9,full,73.4,critical
A03946,cloud_vm,user_lan,high,confidential,1,1,7.5,0.331,0,0,0,0,56,10,24,5,full,69.8,high
A03947,server,dmz,high,confidential,1,1,7.2,0.369,0,0,0,0,665,8,24,2,partial,95.8,critical
A03948,server,cloud,low,public,0,1,8.3,0.267,0,0,0,0,725,4,4,1,full,34.1,medium
A03949,cloud_vm,user_lan,critical,internal,1,0,6.0,0.226,0,0,0,0,37,9,20,2,full,46.4,medium
A03950,workstation,server_lan,medium,confidential,0,0,4.2,0.102,0,0,0,0,388,1,4,1,full,11.4,low
A03951,workstation,server_lan,critical,restricted,1,0,6.3,0.325,0,0,0,0,271,3,19,2,full,64.7,high
A03952,firewall,user_lan,high,internal,1,1,6.2,0.193,0,0,0,0,373,11,15,4,none,87.5,critical
A03953,firewall,server_lan,critical,restricted,1,0,6.2,0.37,0,0,0,0,95,9,19,3,none,96.7,critical
A03954,web_app,ot,high,public,0,1,8.9,0.288,1,0,584,1,285,1,9,1,none,60.4,high
A03955,server,user_lan,critical,confidential,0,1,5.9,0.413,0,0,0,0,653,9,8,1,partial,60.7,high
A03956,web_app,server_lan,medium,confidential,1,1,7.6,0.342,0,0,0,0,9,2,24,6,full,59.5,high
A03957,firewall,user_lan,low,internal,1,0,5.1,0.432,0,0,0,0,631,4,22,4,full,50.5,medium
A03958,firewall,user_lan,medium,public,0,0,4.2,0.266,0,0,0,0,650,6,13,0,none,28.1,medium
A03959,server,dmz,high,confidential,1,1,6.9,0.27,0,0,0,0,5,7,19,3,full,62.6,high
A03960,workstation,user_lan,low,internal,1,0,7.1,0.228,0,0,0,0,192,4,21,3,full,40.7,medium
A03961,workstation,server_lan,critical,public,1,1,5.6,0.18,0,0,0,0,28,5,15,6,full,50.9,medium
A03962,server,server_lan,low,public,1,1,3.6,0.292,0,0,0,0,46,9,20,1,full,39.3,medium
A03963,web_app,user_lan,high,confidential,0,0,3.7,0.094,0,0,0,0,612,5,5,0,full,26.4,medium
A03964,workstation,user_lan,medium,public,0,0,6.5,0.353,0,0,0,0,364,5,11,1,full,30.5,medium
A03965,workstation,server_lan,high,internal,0,0,5.6,0.36,0,0,0,0,117,9,8,1,partial,29.9,medium
A03966,server,server_lan,critical,restricted,0,0,6.3,0.36,0,0,0,0,625,6,10,1,partial,56.2,high
A03967,database,user_lan,medium,confidential,1,1,4.6,0.162,0,0,0,0,690,9,19,3,full,56.6,high
A03968,server,server_lan,high,internal,1,0,7.1,0.271,0,0,0,0,267,8,18,9,full,60.5,high
A03969,workstation,ot,low,internal,0,0,6.0,0.324,0,0,0,0,0,4,6,0,full,14.1,low
A03970,server,user_lan,high,public,1,1,7.9,0.254,0,0,0,0,88,13,25,4,partial,71.2,high
A03971,firewall,cloud,high,internal,0,0,9.1,0.402,0,0,0,0,40,5,10,0,none,41.4,medium
A03972,server,server_lan,low,public,1,0,7.6,0.459,0,0,0,0,43,17,13,4,full,49.6,medium
A03973,database,cloud,low,public,1,0,6.1,0.17,0,0,0,0,19,9,24,3,full,28.7,medium
A03974,server,dmz,medium,public,1,1,6.7,0.321,0,0,0,0,15,6,19,6,full,53.3,high
A03975,server,server_lan,low,confidential,0,1,7.2,0.234,0,0,0,0,77,6,13,0,full,5.8,low
A03976,server,dmz,high,public,1,0,8.8,0.177,0,0,0,0,31,8,25,2,full,47.1,medium
A03977,server,dmz,low,public,0,0,8.5,0.447,0,0,0,0,13,6,7,2,full,13.7,low
A03978,server,ot,critical,restricted,1,1,5.6,0.651,1,0,482,1,641,11,26,8,none,100.0,critical
A03979,database,user_lan,critical,public,1,1,8.9,0.232,0,0,0,0,0,5,25,6,full,67.6,high
A03980,web_app,user_lan,critical,confidential,0,1,7.1,0.314,0,0,0,0,42,3,5,1,full,32.8,medium
A03981,server,user_lan,medium,internal,1,1,6.7,0.527,0,0,0,0,709,8,20,4,partial,73.3,critical
A03982,workstation,user_lan,low,confidential,0,0,5.8,0.296,0,0,0,0,319,3,6,2,partial,27.7,medium
A03983,web_app,user_lan,high,public,1,0,7.0,0.364,0,0,0,0,8,12,24,3,none,75.1,critical
A03984,server,cloud,high,public,0,0,9.3,0.445,1,0,385,1,30,5,7,5,partial,51.8,high
A03985,workstation,user_lan,critical,confidential,0,0,4.6,0.234,0,0,0,0,52,2,6,1,partial,25.0,medium
A03986,server,cloud,medium,internal,1,0,6.3,0.27,0,0,0,0,275,9,19,6,full,46.9,medium
A03987,server,server_lan,low,public,0,0,6.8,0.493,0,0,0,0,16,6,7,0,full,0.0,low
A03988,database,ot,critical,internal,1,1,9.2,0.278,0,0,0,0,58,7,18,4,partial,80.3,critical
A03989,firewall,dmz,high,internal,1,1,4.8,0.294,0,0,0,0,570,10,22,4,partial,85.4,critical
A03990,firewall,server_lan,low,public,0,0,2.6,0.327,0,0,0,0,12,6,7,0,none,1.9,low
A03991,firewall,cloud,high,internal,1,0,3.4,0.282,0,0,0,0,518,9,26,1,full,54.8,high
A03992,workstation,server_lan,low,internal,0,0,5.7,0.125,0,0,0,0,57,7,7,2,full,18.0,low
A03993,server,server_lan,medium,confidential,0,1,6.6,0.41,0,0,0,0,5,1,7,0,partial,38.6,medium
A03994,workstation,server_lan,medium,confidential,0,0,7.5,0.276,0,0,0,0,58,2,6,0,partial,26.7,medium
A03995,server,user_lan,medium,internal,0,1,7.7,0.503,0,0,0,0,695,5,9,2,partial,49.4,medium
A03996,server,ot,low,restricted,1,0,5.1,0.282,0,0,0,0,579,8,17,3,full,52.3,high
A03997,server,cloud,low,internal,1,1,7.0,0.239,0,0,0,0,16,5,15,7,full,59.9,high
A03998,workstation,user_lan,medium,internal,0,0,2.6,0.264,0,0,0,0,704,1,8,2,full,9.2,low
A03999,workstation,ot,low,confidential,1,0,8.3,0.316,0,0,0,0,53,5,21,3,none,63.3,high
A04000,server,user_lan,medium,confidential,1,0,7.9,0.389,0,0,0,0,18,8,20,1,full,18.7,low
A04001,web_app,cloud,medium,public,0,0,7.4,0.231,0,0,0,0,491,4,7,1,partial,22.0,low
A04002,workstation,server_lan,high,restricted,0,0,8.4,0.194,0,0,0,0,521,6,1,0,full,40.7,medium
A04003,cloud_vm,user_lan,high,restricted,1,1,6.9,0.64,1,0,126,1,97,6,19,6,full,82.0,critical
A04004,workstation,dmz,low,internal,1,1,6.4,0.223,0,0,0,0,2,6,23,2,partial,57.8,high
A04005,database,dmz,low,internal,1,0,4.4,0.391,0,0,0,0,724,15,21,2,partial,68.0,high
A04006,server,user_lan,high,confidential,1,0,7.8,0.3,0,0,0,0,24,10,22,6,full,69.3,high
A04007,database,dmz,high,restricted,1,0,6.2,0.256,0,0,0,0,31,10,20,4,full,60.7,high
A04008,server,user_lan,critical,confidential,0,0,7.7,0.226,0,0,0,0,654,6,8,0,full,37.8,medium
A04009,server,user_lan,critical,public,1,0,6.4,0.449,1,1,16,1,701,8,27,9,full,76.0,critical
A04010,web_app,dmz,medium,confidential,1,0,5.1,0.472,0,0,0,0,113,6,26,2,full,46.0,medium
A04011,workstation,user_lan,critical,public,0,0,6.4,0.215,0,0,0,0,463,4,6,1,full,30.4,medium
A04012,server,user_lan,medium,confidential,1,1,5.4,0.263,0,0,0,0,585,8,34,3,full,57.0,high
A04013,firewall,cloud,high,confidential,0,0,6.8,0.244,0,0,0,0,23,4,15,2,full,33.1,medium
A04014,server,server_lan,critical,confidential,1,0,7.1,0.438,0,0,0,0,32,7,24,5,full,62.4,high
A04015,database,ot,high,public,1,0,4.8,0.532,0,0,0,0,433,8,20,4,none,64.5,high
A04016,database,cloud,medium,internal,0,1,4.6,0.33,0,0,0,0,492,3,7,2,partial,49.2,medium
A04017,workstation,user_lan,medium,confidential,0,0,8.9,0.701,0,0,0,0,699,4,5,0,full,34.1,medium
A04018,workstation,server_lan,low,internal,1,0,6.1,0.408,0,0,0,0,49,9,15,2,partial,48.8,medium
A04019,server,user_lan,medium,public,1,1,8.0,0.42,1,1,830,1,224,8,14,6,full,72.2,critical
A04020,web_app,cloud,high,internal,1,1,4.0,0.141,1,0,97,0,2,4,28,5,full,67.8,high
A04021,server,server_lan,high,restricted,0,0,4.8,0.175,0,0,0,0,692,5,10,1,partial,40.8,medium
A04022,server,ot,low,internal,1,0,5.1,0.393,0,0,0,0,698,7,21,4,partial,60.7,high
A04023,workstation,ot,high,confidential,1,0,7.7,0.291,0,0,0,0,43,6,20,5,partial,59.6,high
A04024,cloud_vm,user_lan,medium,internal,1,0,7.3,0.182,0,0,0,0,35,11,19,1,full,38.5,medium
A04025,cloud_vm,cloud,medium,confidential,1,1,5.5,0.159,0,0,0,0,458,3,16,5,full,63.5,high
A04026,firewall,user_lan,medium,internal,1,0,2.5,0.218,0,0,0,0,138,9,29,4,partial,45.6,medium
A04027,web_app,cloud,medium,public,1,0,7.9,0.447,0,0,0,0,58,10,26,1,full,38.9,medium
A04028,web_app,cloud,high,public,1,1,8.8,0.439,0,0,0,0,684,7,30,3,partial,74.2,critical
A04029,database,dmz,high,public,1,1,5.8,0.251,0,0,0,0,709,8,26,3,partial,73.9,critical
A04030,cloud_vm,dmz,high,confidential,1,1,2.3,0.138,0,0,0,0,279,8,26,6,full,76.8,critical
A04031,database,server_lan,medium,confidential,1,1,3.9,0.124,0,0,0,0,33,10,14,3,partial,58.3,high
A04032,workstation,ot,high,confidential,1,0,6.5,0.186,0,0,0,0,328,11,25,4,none,78.5,critical
A04033,web_app,server_lan,low,confidential,0,0,4.0,0.349,0,0,0,0,59,1,14,0,full,0.0,low
A04034,database,cloud,medium,confidential,1,1,8.1,0.348,1,1,443,1,43,10,20,5,none,100.0,critical
A04035,server,user_lan,medium,restricted,0,0,8.1,0.353,0,0,0,0,729,10,6,1,full,17.0,low
A04036,workstation,server_lan,high,confidential,1,0,4.1,0.338,1,0,433,1,371,12,21,4,full,74.7,critical
A04037,workstation,ot,critical,internal,1,0,7.5,0.372,1,0,578,1,703,10,21,9,none,100.0,critical
A04038,cloud_vm,user_lan,medium,public,0,1,6.9,0.472,0,0,0,0,637,9,10,1,full,19.0,low
A04039,workstation,server_lan,high,confidential,0,1,7.8,0.427,1,0,218,1,178,3,6,3,partial,64.5,high
A04040,cloud_vm,dmz,medium,confidential,1,0,5.9,0.352,0,0,0,0,168,11,30,5,partial,50.3,medium
A04041,workstation,dmz,medium,confidential,1,0,5.5,0.217,0,0,0,0,588,13,23,2,full,55.9,high
A04042,cloud_vm,dmz,high,internal,1,0,4.3,0.453,0,0,0,0,357,8,15,2,full,69.7,high
A04043,server,server_lan,high,confidential,0,0,7.5,0.433,0,0,0,0,692,7,11,0,full,39.7,medium
A04044,firewall,user_lan,high,internal,1,1,3.0,0.128,0,0,0,0,19,13,20,4,full,58.0,high
A04045,database,server_lan,high,internal,0,1,6.8,0.251,0,0,0,0,31,7,8,1,partial,43.4,medium
A04046,workstation,dmz,low,restricted,1,0,4.9,0.244,0,0,0,0,612,7,27,5,full,57.4,high
A04047,workstation,server_lan,critical,confidential,0,0,7.6,0.478,0,0,0,0,2,1,10,2,full,44.2,medium
A04048,workstation,server_lan,critical,internal,1,0,8.0,0.483,0,0,0,0,83,4,18,5,full,40.5,medium
A04049,workstation,ot,medium,internal,1,0,6.4,0.378,0,0,0,0,39,2,21,2,partial,27.3,medium
A04050,web_app,server_lan,low,confidential,1,0,6.2,0.306,0,0,0,0,682,1,25,4,partial,58.1,high
A04051,firewall,dmz,medium,internal,1,1,6.8,0.283,1,0,325,1,50,8,32,4,full,70.4,high
A04052,web_app,user_lan,high,public,0,1,6.9,0.319,0,0,0,0,0,5,5,0,partial,25.5,medium
A04053,database,ot,critical,confidential,1,1,8.6,0.597,0,0,0,0,117,13,28,3,none,100.0,critical
A04054,workstation,cloud,high,confidential,1,0,7.4,0.345,0,0,0,0,2,1,24,2,partial,60.8,high
A04055,cloud_vm,cloud,medium,public,0,0,4.7,0.283,0,0,0,0,43,4,6,1,full,8.7,low
A04056,cloud_vm,ot,low,internal,1,0,6.3,0.2,0,0,0,0,21,9,30,2,none,49.7,medium
A04057,workstation,user_lan,medium,confidential,1,0,6.3,0.213,0,0,0,0,563,5,16,4,full,62.6,high
A04058,firewall,ot,medium,internal,1,1,4.8,0.234,0,0,0,0,256,13,28,2,partial,71.2,high
A04059,workstation,dmz,low,internal,1,1,6.6,0.373,0,0,0,0,3,12,25,3,full,47.3,medium
A04060,cloud_vm,cloud,low,internal,0,1,7.9,0.502,0,0,0,0,38,4,6,1,full,34.8,medium
A04061,firewall,cloud,low,internal,1,0,6.0,0.431,0,0,0,0,13,6,25,3,full,38.2,medium
A04062,web_app,ot,low,confidential,0,1,3.6,0.203,0,0,0,0,43,4,7,0,full,11.9,low
A04063,server,user_lan,high,internal,1,1,4.5,0.308,0,0,0,0,222,9,22,3,partial,57.8,high
A04064,web_app,cloud,medium,restricted,1,1,6.6,0.192,0,0,0,0,9,11,32,2,partial,86.6,critical
A04065,server,server_lan,medium,internal,0,1,5.6,0.464,1,0,129,0,6,4,9,5,partial,39.2,medium
A04066,cloud_vm,user_lan,medium,confidential,0,0,8.7,0.269,0,0,0,0,19,4,16,2,full,30.6,medium
A04067,workstation,server_lan,critical,internal,0,1,8.3,0.25,0,0,0,0,20,6,8,2,full,40.6,medium
A04068,web_app,user_lan,high,confidential,1,0,5.3,0.123,0,0,0,0,521,11,18,3,none,81.2,critical
A04069,cloud_vm,user_lan,high,restricted,1,0,7.1,0.458,0,0,0,0,40,5,14,2,partial,70.8,high
A04070,server,server_lan,high,internal,0,1,6.0,0.218,0,0,0,0,277,6,6,0,full,33.6,medium
A04071,workstation,server_lan,high,internal,0,0,5.7,0.149,0,0,0,0,192,2,5,0,partial,20.3,low
A04072,web_app,server_lan,high,restricted,1,0,6.2,0.144,0,0,0,0,41,13,24,6,partial,78.2,critical
A04073,workstation,user_lan,medium,restricted,1,0,7.2,0.402,1,0,215,1,297,7,19,6,full,70.4,high
A04074,server,user_lan,medium,restricted,0,1,8.1,0.432,0,0,0,0,16,6,9,3,full,46.1,medium
A04075,server,cloud,medium,public,1,0,5.9,0.196,0,0,0,0,445,12,21,2,partial,54.6,high
A04076,workstation,dmz,medium,public,1,0,4.6,0.121,0,0,0,0,50,6,12,3,partial,39.4,medium
A04077,web_app,cloud,low,internal,1,1,4.9,0.211,0,0,0,0,3,9,28,3,full,50.5,medium
A04078,database,user_lan,medium,confidential,1,0,7.5,0.386,1,0,425,0,3,8,23,6,partial,78.5,critical
A04079,server,dmz,medium,public,1,1,4.5,0.532,0,0,0,0,476,9,32,9,full,78.4,critical
A04080,workstation,server_lan,medium,internal,0,0,6.6,0.208,0,0,0,0,9,5,9,2,full,14.4,low
A04081,workstation,user_lan,medium,confidential,0,0,5.8,0.512,1,0,484,1,253,4,6,3,full,42.9,medium
A04082,workstation,server_lan,low,public,0,0,7.4,0.469,0,0,0,0,37,4,8,4,full,6.9,low
A04083,web_app,dmz,medium,confidential,1,1,7.4,0.546,0,0,0,0,338,8,14,4,none,100.0,critical
A04084,workstation,server_lan,medium,internal,1,0,6.2,0.413,0,0,0,0,321,8,20,0,partial,60.6,high
A04085,database,dmz,high,restricted,1,1,8.3,0.419,0,0,0,0,12,8,21,5,full,63.8,high
A04086,firewall,dmz,medium,internal,1,0,7.2,0.242,0,0,0,0,705,13,24,3,partial,67.6,high
A04087,database,server_lan,low,confidential,1,0,6.6,0.228,0,0,0,0,678,12,24,1,partial,61.7,high
A04088,web_app,cloud,low,internal,0,1,7.4,0.435,0,0,0,0,6,6,5,1,none,35.2,medium
A04089,server,user_lan,medium,internal,1,0,8.8,0.28,0,0,0,0,25,8,26,5,full,58.3,high
A04090,server,user_lan,low,internal,1,0,7.0,0.286,0,0,0,0,87,14,9,3,full,26.5,medium
A04091,server,user_lan,medium,restricted,1,0,5.6,0.199,0,0,0,0,13,11,18,1,full,43.2,medium
A04092,cloud_vm,user_lan,medium,internal,0,1,5.2,0.15,0,0,0,0,50,5,6,3,full,23.4,medium
A04093,cloud_vm,dmz,critical,public,1,1,5.8,0.531,0,0,0,0,412,5,29,0,full,89.4,critical
A04094,server,server_lan,high,confidential,1,1,6.1,0.206,0,0,0,0,280,7,23,2,partial,66.6,high
A04095,server,server_lan,low,public,1,0,5.5,0.394,0,0,0,0,426,14,21,1,full,26.6,medium
A04096,workstation,user_lan,medium,internal,0,1,2.8,0.298,0,0,0,0,533,5,5,2,full,16.0,low
A04097,web_app,user_lan,high,internal,0,1,7.7,0.735,0,0,0,0,680,3,8,1,full,60.0,high
A04098,web_app,server_lan,low,internal,1,0,6.0,0.534,0,0,0,0,135,8,26,3,full,50.1,medium
A04099,web_app,user_lan,critical,public,0,0,4.4,0.222,0,0,0,0,500,3,4,2,full,28.9,medium
A04100,cloud_vm,ot,medium,internal,0,1,6.6,0.698,0,0,0,0,227,6,6,1,partial,37.8,medium
A04101,workstation,server_lan,low,public,1,0,8.0,0.258,0,0,0,0,58,4,20,2,full,25.1,medium
A04102,web_app,user_lan,low,internal,1,1,6.8,0.165,0,0,0,0,493,8,24,1,full,44.7,medium
A04103,database,user_lan,critical,confidential,0,0,5.9,0.364,0,0,0,0,24,4,8,0,partial,28.4,medium
A04104,workstation,user_lan,critical,confidential,0,0,5.9,0.386,0,0,0,0,49,7,3,3,partial,44.8,medium
A04105,cloud_vm,cloud,high,public,0,0,6.2,0.302,0,0,0,0,24,7,6,0,partial,29.5,medium
A04106,server,cloud,medium,public,1,0,6.0,0.648,0,0,0,0,129,5,15,5,full,34.4,medium
A04107,web_app,server_lan,high,confidential,1,1,7.3,0.586,0,0,0,0,2,5,26,5,full,58.7,high
A04108,web_app,user_lan,low,internal,1,0,6.2,0.143,0,0,0,0,55,11,29,2,none,61.4,high
A04109,cloud_vm,cloud,medium,confidential,1,1,5.1,0.175,0,0,0,0,398,3,22,7,partial,91.9,critical
A04110,database,server_lan,high,public,1,1,7.0,0.212,0,0,0,0,49,11,33,7,partial,77.6,critical
A04111,workstation,ot,critical,public,1,0,7.1,0.441,0,0,0,0,726,6,18,4,none,94.5,critical
A04112,cloud_vm,server_lan,medium,internal,1,0,5.5,0.166,0,0,0,0,15,5,22,3,full,31.7,medium
A04113,cloud_vm,user_lan,medium,confidential,0,0,6.9,0.388,0,0,0,0,26,4,5,2,full,4.0,low
A04114,database,user_lan,low,internal,1,1,5.1,0.148,1,1,221,1,57,9,22,6,partial,89.5,critical
A04115,cloud_vm,user_lan,medium,public,1,0,7.0,0.235,0,0,0,0,21,4,25,4,full,36.5,medium
A04116,workstation,cloud,low,public,0,0,4.7,0.388,0,0,0,0,9,4,10,0,partial,7.5,low
A04117,web_app,server_lan,high,confidential,1,0,5.6,0.21,0,0,0,0,143,7,21,3,partial,58.9,high
A04118,cloud_vm,user_lan,low,internal,0,1,3.0,0.247,0,0,0,0,50,7,7,2,full,2.6,low
A04119,workstation,user_lan,high,confidential,1,0,7.7,0.333,0,0,0,0,21,4,22,4,full,43.7,medium
A04120,database,cloud,low,internal,0,0,7.9,0.33,0,0,0,0,474,10,15,2,partial,47.4,medium
A04121,firewall,user_lan,medium,internal,1,1,7.3,0.265,0,0,0,0,29,2,21,6,partial,69.9,high
A04122,cloud_vm,ot,low,public,1,0,4.8,0.328,0,0,0,0,297,11,23,6,none,57.1,high
A04123,cloud_vm,cloud,medium,restricted,1,0,4.1,0.319,1,0,625,1,503,15,27,1,partial,85.7,critical
A04124,workstation,server_lan,medium,public,0,1,7.4,0.24,0,0,0,0,511,3,5,1,full,29.1,medium
A04125,firewall,cloud,high,public,0,1,6.3,0.391,0,0,0,0,475,4,13,0,partial,25.3,medium
A04126,server,ot,critical,confidential,1,1,5.0,0.793,0,0,0,0,59,9,24,2,none,100.0,critical
A04127,database,server_lan,medium,public,1,1,7.7,0.317,0,0,0,0,14,11,25,6,full,54.3,high
A04128,database,user_lan,medium,internal,1,0,3.3,0.348,0,0,0,0,17,9,20,4,partial,53.1,high
A04129,cloud_vm,server_lan,critical,internal,1,0,5.9,0.427,0,0,0,0,45,8,25,8,partial,77.8,critical
A04130,cloud_vm,user_lan,low,confidential,1,1,6.6,0.134,0,0,0,0,2,9,20,2,full,40.6,medium
A04131,web_app,dmz,high,internal,0,0,5.9,0.403,0,0,0,0,59,9,10,2,full,26.6,medium
A04132,web_app,cloud,critical,restricted,1,0,6.8,0.398,1,0,515,1,24,8,25,3,full,89.6,critical
A04133,workstation,server_lan,high,confidential,0,0,6.6,0.357,1,1,70,1,693,2,6,8,partial,60.3,high
A04134,database,user_lan,medium,internal,1,0,6.0,0.202,0,0,0,0,51,7,34,0,full,30.1,medium
A04135,database,dmz,high,internal,1,0,5.8,0.218,0,0,0,0,7,14,25,2,none,70.1,high
A04136,server,user_lan,medium,confidential,1,1,4.0,0.576,0,0,0,0,20,5,20,3,full,53.8,high
A04137,database,user_lan,medium,restricted,1,1,6.8,0.327,0,0,0,0,51,13,15,2,partial,72.8,critical
A04138,cloud_vm,user_lan,critical,confidential,0,0,8.1,0.27,0,0,0,0,699,6,11,1,full,38.4,medium
A04139,web_app,server_lan,low,public,1,1,1.7,0.029,0,0,0,0,518,11,26,3,full,35.7,medium
A04140,cloud_vm,server_lan,high,confidential,0,0,1.1,0.091,0,0,0,0,14,5,7,1,partial,23.3,low
A04141,workstation,user_lan,medium,confidential,0,0,6.0,0.261,0,0,0,0,25,4,3,3,full,33.2,medium
A04142,database,ot,low,restricted,0,0,8.0,0.562,0,0,0,0,401,5,6,1,none,64.3,high
A04143,server,server_lan,high,internal,0,0,7.6,0.215,0,0,0,0,40,3,6,0,full,7.4,low
A04144,workstation,user_lan,high,confidential,1,0,6.3,0.206,0,0,0,0,57,8,16,2,full,45.2,medium
A04145,database,dmz,medium,confidential,1,0,7.6,0.286,0,0,0,0,59,6,21,8,partial,66.7,high
A04146,workstation,user_lan,high,restricted,0,0,6.8,0.224,0,0,0,0,57,2,13,1,full,28.9,medium
A04147,server,server_lan,medium,confidential,1,1,7.8,0.391,0,0,0,0,29,8,23,5,full,69.5,high
A04148,web_app,user_lan,critical,restricted,0,1,5.2,0.279,0,0,0,0,14,5,9,2,full,51.2,medium
A04149,workstation,server_lan,high,internal,1,0,6.6,0.213,0,0,0,0,701,9,16,4,full,69.7,high
A04150,workstation,dmz,high,public,1,0,7.6,0.343,0,0,0,0,35,7,23,5,partial,66.9,high
A04151,workstation,server_lan,low,internal,1,0,4.5,0.223,0,0,0,0,83,7,16,1,full,26.2,medium
A04152,database,server_lan,medium,confidential,1,0,4.8,0.235,0,0,0,0,21,10,22,2,none,48.9,medium
A04153,workstation,user_lan,critical,public,0,1,8.2,0.228,0,0,0,0,54,2,4,2,full,35.4,medium
A04154,database,ot,low,confidential,0,1,6.6,0.127,0,0,0,0,295,7,12,0,full,37.6,medium
A04155,web_app,user_lan,medium,restricted,1,0,6.3,0.252,0,0,0,0,717,1,22,4,full,68.7,high
A04156,server,ot,high,restricted,1,1,5.3,0.256,0,0,0,0,44,13,24,3,partial,94.8,critical
A04157,cloud_vm,user_lan,high,confidential,0,1,8.1,0.555,1,0,709,1,327,5,8,3,full,62.4,high
A04158,server,dmz,high,confidential,1,0,7.9,0.504,0,0,0,0,23,8,24,3,full,55.2,high
A04159,workstation,server_lan,high,public,0,0,7.2,0.165,0,0,0,0,8,7,10,0,partial,11.1,low
A04160,server,server_lan,critical,internal,0,0,4.8,0.679,0,0,0,0,41,3,10,2,full,42.1,medium
A04161,database,server_lan,medium,internal,1,1,6.0,0.322,1,1,299,1,127,13,22,6,partial,90.7,critical
A04162,workstation,cloud,medium,confidential,1,0,2.9,0.294,0,0,0,0,59,7,29,4,full,40.1,medium
A04163,cloud_vm,user_lan,high,internal,1,0,6.9,0.218,0,0,0,0,720,9,28,2,full,44.1,medium
A04164,workstation,user_lan,high,public,1,0,7.6,0.285,0,0,0,0,78,8,20,3,full,65.5,high
A04165,web_app,user_lan,low,confidential,0,1,3.6,0.578,0,0,0,0,43,5,5,1,partial,31.6,medium
A04166,workstation,server_lan,medium,internal,1,1,9.0,0.683,0,0,0,0,31,9,24,5,partial,77.9,critical
A04167,server,user_lan,medium,restricted,0,1,7.2,0.332,0,0,0,0,9,5,9,0,partial,44.7,medium
A04168,workstation,dmz,high,internal,1,0,6.9,0.403,0,0,0,0,51,3,17,2,full,39.6,medium
A04169,database,server_lan,medium,restricted,1,0,7.9,0.418,1,0,272,1,105,10,26,12,none,100.0,critical
A04170,workstation,server_lan,high,internal,0,0,9.1,0.471,0,0,0,0,59,7,7,1,full,26.8,medium
A04171,firewall,server_lan,high,confidential,1,0,2.6,0.297,0,0,0,0,0,8,23,5,full,50.7,medium
A04172,web_app,user_lan,low,confidential,1,1,5.8,0.517,0,0,0,0,58,6,17,2,none,95.7,critical
A04173,firewall,dmz,medium,internal,1,0,6.9,0.228,0,0,0,0,39,14,17,3,full,42.8,medium
A04174,workstation,server_lan,medium,internal,1,1,4.1,0.167,0,0,0,0,554,8,17,4,full,57.9,high
A04175,cloud_vm,ot,low,restricted,1,0,4.5,0.304,0,0,0,0,1,5,19,3,partial,68.6,high
A04176,database,ot,medium,internal,1,1,5.6,0.668,0,0,0,0,46,8,22,0,none,71.9,high
A04177,web_app,user_lan,medium,confidential,1,1,8.9,0.174,0,0,0,0,577,7,26,3,none,85.5,critical
A04178,firewall,user_lan,high,public,0,0,5.6,0.851,1,1,108,1,49,4,8,6,none,72.6,critical
A04179,web_app,cloud,medium,confidential,0,0,9.3,0.507,0,0,0,0,146,5,14,1,partial,32.8,medium
A04180,cloud_vm,dmz,low,internal,1,0,4.7,0.645,0,0,0,0,44,11,21,3,full,61.5,high
A04181,web_app,user_lan,medium,confidential,0,1,5.0,0.275,0,0,0,0,443,4,11,0,full,33.8,medium
A04182,server,dmz,high,confidential,1,0,7.6,0.174,0,0,0,0,46,5,25,3,full,63.1,high
A04183,web_app,server_lan,medium,public,1,1,6.9,0.187,0,0,0,0,35,7,15,2,full,43.3,medium
A04184,database,ot,medium,internal,0,0,4.5,0.278,0,0,0,0,445,3,9,1,none,36.6,medium
A04185,cloud_vm,cloud,critical,restricted,1,0,5.6,0.439,0,0,0,0,25,13,21,3,partial,74.5,critical
A04186,cloud_vm,ot,low,confidential,1,1,6.1,0.241,0,0,0,0,421,8,22,2,none,99.9,critical
A04187,server,cloud,medium,restricted,0,1,5.7,0.314,0,0,0,0,624,5,8,1,partial,51.6,high
A04188,server,user_lan,medium,confidential,0,1,6.8,0.283,0,0,0,0,31,7,9,0,partial,25.8,medium
A04189,server,cloud,high,confidential,0,1,6.4,0.243,0,0,0,0,677,9,6,1,partial,57.6,high
A04190,database,user_lan,high,confidential,1,0,8.5,0.28,1,1,202,0,4,10,21,4,none,100.0,critical
A04191,server,user_lan,low,restricted,0,1,6.2,0.142,0,0,0,0,125,7,10,1,full,31.4,medium
A04192,web_app,server_lan,high,internal,1,1,5.9,0.28,0,0,0,0,651,6,19,5,full,80.0,critical
A04193,database,user_lan,high,internal,1,0,4.2,0.68,0,0,0,0,674,10,18,2,full,30.2,medium
A04194,cloud_vm,server_lan,critical,confidential,0,0,5.7,0.343,0,0,0,0,178,2,12,2,full,20.5,low
A04195,workstation,user_lan,critical,restricted,0,0,8.3,0.339,0,0,0,0,31,1,7,1,full,30.3,medium
A04196,database,server_lan,high,internal,0,0,7.7,0.266,0,0,0,0,40,8,9,2,full,19.1,low
A04197,server,user_lan,low,public,0,0,6.7,0.674,0,0,0,0,4,4,7,2,full,22.7,low
A04198,cloud_vm,server_lan,medium,confidential,0,0,8.3,0.488,1,0,161,1,27,6,9,4,full,44.9,medium
A04199,server,server_lan,critical,confidential,1,0,4.8,0.311,0,0,0,0,402,6,24,3,full,52.6,high
A04200,server,user_lan,medium,internal,1,0,7.3,0.655,0,0,0,0,21,5,18,6,full,58.7,high
A04201,server,server_lan,medium,confidential,0,1,6.7,0.502,0,0,0,0,6,7,8,1,partial,51.9,high
A04202,cloud_vm,ot,critical,internal,1,0,4.7,0.061,0,0,0,0,0,5,19,3,none,68.2,high
A04203,server,user_lan,high,internal,1,0,7.3,0.427,0,0,0,0,32,12,16,4,full,43.5,medium
A04204,web_app,server_lan,high,confidential,1,1,5.9,0.273,0,0,0,0,114,6,18,4,none,78.6,critical
A04205,cloud_vm,dmz,critical,internal,1,0,5.1,0.332,0,0,0,0,103,6,14,5,full,47.4,medium
A04206,cloud_vm,cloud,low,confidential,0,1,5.6,0.082,0,0,0,0,480,7,10,0,partial,38.8,medium
A04207,server,user_lan,high,public,1,0,5.7,0.198,0,0,0,0,4,8,16,7,full,52.8,high
A04208,server,server_lan,critical,confidential,0,1,8.6,0.315,0,0,0,0,12,5,9,1,full,48.1,medium
A04209,workstation,server_lan,low,internal,1,0,6.5,0.598,1,0,264,0,4,14,22,4,full,47.0,medium
A04210,server,cloud,low,restricted,1,0,4.5,0.114,0,0,0,0,20,10,18,6,partial,74.0,critical
A04211,web_app,ot,high,confidential,1,1,9.5,0.299,0,0,0,0,20,8,23,2,full,67.5,high
A04212,workstation,server_lan,medium,internal,0,0,3.4,0.227,0,0,0,0,35,3,6,4,partial,9.3,low
A04213,workstation,dmz,low,restricted,1,0,6.9,0.388,1,0,352,1,396,15,19,8,full,73.2,critical
A04214,server,dmz,low,internal,1,1,5.8,0.631,0,0,0,0,35,14,24,0,partial,71.3,high
A04215,database,dmz,medium,internal,1,1,8.2,0.399,0,0,0,0,46,12,20,3,full,68.2,high
A04216,server,cloud,medium,restricted,1,0,4.4,0.119,0,0,0,0,26,13,15,6,full,51.9,high
A04217,web_app,ot,high,restricted,1,0,7.3,0.285,0,0,0,0,438,4,17,0,none,87.4,critical
A04218,server,ot,high,confidential,1,1,4.5,0.311,0,0,0,0,25,5,11,3,partial,66.8,high
A04219,firewall,cloud,high,restricted,1,0,2.4,0.251,0,0,0,0,34,7,20,4,full,46.8,medium
A04220,web_app,server_lan,low,internal,0,0,5.7,0.192,0,0,0,0,609,5,6,1,full,5.9,low
A04221,server,ot,medium,internal,1,1,5.3,0.434,0,0,0,0,32,10,30,3,none,79.7,critical
A04222,server,server_lan,medium,public,0,0,5.8,0.482,0,0,0,0,21,3,12,1,full,9.0,low
A04223,workstation,server_lan,high,internal,0,1,5.0,0.337,0,0,0,0,19,4,9,0,full,20.6,low
A04224,server,user_lan,critical,confidential,0,0,3.3,0.153,0,0,0,0,374,2,10,0,full,12.0,low
A04225,server,dmz,medium,internal,1,0,7.4,0.482,1,1,230,1,46,9,22,2,full,73.5,critical
A04226,cloud_vm,cloud,critical,confidential,1,0,5.8,0.324,0,0,0,0,28,6,24,1,full,60.0,high
A04227,web_app,ot,low,public,1,1,7.1,0.136,1,0,341,1,361,3,17,3,none,75.6,critical
A04228,server,cloud,medium,internal,1,1,4.5,0.233,0,0,0,0,4,10,17,3,partial,74.0,critical
A04229,database,cloud,high,confidential,1,0,4.4,0.324,0,0,0,0,118,9,24,1,partial,58.8,high
A04230,workstation,server_lan,medium,public,0,0,6.9,0.337,0,0,0,0,48,1,7,1,partial,20.8,low
A04231,firewall,dmz,critical,confidential,1,0,4.3,0.241,0,0,0,0,229,11,28,3,none,94.7,critical
A04232,server,cloud,low,confidential,1,0,6.4,0.278,0,0,0,0,24,6,24,2,full,30.5,medium
A04233,web_app,user_lan,high,confidential,0,0,7.6,0.219,0,0,0,0,10,5,6,0,none,29.3,medium
A04234,cloud_vm,ot,low,restricted,0,1,4.9,0.138,0,0,0,0,16,4,9,1,partial,20.4,low
A04235,server,dmz,low,restricted,1,1,5.1,0.353,0,0,0,0,50,15,24,1,full,54.4,high
A04236,server,server_lan,medium,public,1,1,5.7,0.448,0,0,0,0,504,8,26,5,partial,76.3,critical
A04237,workstation,server_lan,critical,confidential,0,1,6.6,0.414,0,0,0,0,471,4,6,0,partial,40.6,medium
A04238,cloud_vm,user_lan,medium,internal,0,0,7.9,0.439,0,0,0,0,355,5,6,0,full,35.7,medium
A04239,database,cloud,medium,internal,1,1,9.0,0.304,0,0,0,0,31,10,21,2,partial,73.8,critical
A04240,web_app,ot,low,confidential,1,0,8.1,0.263,0,0,0,0,1,8,23,6,full,51.4,high
A04241,cloud_vm,server_lan,low,confidential,0,1,2.9,0.208,0,0,0,0,18,4,7,3,full,3.5,low
A04242,cloud_vm,user_lan,low,restricted,1,0,3.5,0.138,0,0,0,0,2,8,22,4,full,52.7,high
A04243,database,dmz,high,confidential,1,1,7.2,0.56,0,0,0,0,42,6,25,3,full,83.3,critical
A04244,database,server_lan,low,confidential,1,1,9.0,0.359,0,0,0,0,43,6,18,4,none,70.0,high
A04245,web_app,server_lan,medium,confidential,1,0,7.2,0.452,0,0,0,0,608,12,23,4,partial,85.3,critical
A04246,workstation,user_lan,medium,public,0,1,6.5,0.213,0,0,0,0,55,2,8,0,partial,19.9,low
A04247,cloud_vm,user_lan,medium,public,0,0,6.6,0.364,0,0,0,0,29,3,4,1,full,15.3,low
A04248,server,server_lan,medium,internal,0,1,7.0,0.562,0,0,0,0,31,1,9,1,partial,23.3,low
A04249,server,user_lan,low,confidential,0,0,5.5,0.313,0,0,0,0,682,5,3,0,full,20.1,low
A04250,cloud_vm,cloud,medium,public,1,1,8.4,0.342,0,0,0,0,479,8,20,4,full,50.2,medium
A04251,workstation,server_lan,high,internal,0,0,5.0,0.24,0,0,0,0,682,2,10,2,full,28.5,medium
A04252,server,server_lan,low,internal,0,0,5.5,0.254,0,0,0,0,406,5,10,5,full,13.5,low
A04253,server,user_lan,high,confidential,1,0,7.5,0.416,0,0,0,0,624,9,17,6,full,76.7,critical
A04254,database,cloud,low,internal,1,0,3.1,0.209,0,0,0,0,52,11,17,3,none,63.3,high
A04255,cloud_vm,cloud,critical,public,1,1,7.7,0.367,0,0,0,0,14,12,32,2,partial,87.6,critical
A04256,server,server_lan,critical,public,1,0,8.2,0.264,0,0,0,0,126,15,23,7,partial,71.8,high
A04257,server,user_lan,low,internal,1,1,7.9,0.177,0,0,0,0,636,9,25,2,partial,64.2,high
A04258,database,ot,medium,internal,0,0,6.6,0.586,0,0,0,0,190,6,14,2,none,45.0,medium
A04259,firewall,server_lan,medium,restricted,1,0,4.8,0.322,0,0,0,0,49,7,18,5,full,51.1,medium
A04260,workstation,user_lan,high,internal,1,1,8.0,0.415,0,0,0,0,657,10,19,4,full,58.5,high
A04261,firewall,ot,medium,internal,0,1,8.2,0.193,0,0,0,0,34,9,6,2,none,44.0,medium
A04262,cloud_vm,dmz,medium,confidential,1,0,7.3,0.404,0,0,0,0,28,11,17,2,full,64.5,high
A04263,workstation,user_lan,low,confidential,0,0,5.0,0.452,0,0,0,0,21,3,7,1,partial,29.1,medium
A04264,cloud_vm,cloud,low,internal,1,0,3.6,0.101,0,0,0,0,6,7,27,2,partial,34.8,medium
A04265,web_app,server_lan,high,public,0,0,4.7,0.457,0,0,0,0,403,6,4,2,none,49.8,medium
A04266,database,user_lan,medium,restricted,1,0,8.7,0.232,0,0,0,0,135,5,17,1,full,45.1,medium
A04267,workstation,user_lan,high,restricted,1,0,4.6,0.264,0,0,0,0,38,10,26,3,full,66.2,high
A04268,cloud_vm,cloud,high,internal,1,0,7.8,0.243,0,0,0,0,24,16,26,5,full,66.6,high
A04269,cloud_vm,ot,medium,confidential,1,0,6.2,0.406,0,0,0,0,416,7,17,6,none,65.6,high
A04270,cloud_vm,cloud,medium,public,1,0,4.9,0.328,0,0,0,0,16,9,23,3,full,31.9,medium
A04271,firewall,dmz,critical,public,0,0,5.7,0.48,0,0,0,0,44,4,9,2,partial,45.2,medium
A04272,database,cloud,high,public,1,0,4.2,0.421,0,0,0,0,37,7,19,4,partial,59.8,high
A04273,cloud_vm,ot,critical,confidential,1,1,6.1,0.298,0,0,0,0,521,7,19,3,none,100.0,critical
A04274,cloud_vm,user_lan,critical,internal,1,0,5.1,0.522,0,0,0,0,57,9,16,3,full,61.7,high
A04275,server,user_lan,medium,public,1,1,4.8,0.179,0,0,0,0,7,13,18,6,full,61.6,high
A04276,server,dmz,high,public,1,1,7.8,0.469,0,0,0,0,59,6,23,3,partial,60.6,high
A04277,workstation,cloud,high,public,0,0,3.2,0.143,0,0,0,0,21,2,4,1,partial,12.0,low
A04278,cloud_vm,dmz,low,internal,1,1,7.3,0.404,0,0,0,0,55,11,26,5,full,52.5,high
A04279,workstation,server_lan,medium,internal,0,0,7.7,0.148,0,0,0,0,37,6,10,1,full,18.0,low
A04280,web_app,ot,medium,confidential,1,0,5.7,0.186,0,0,0,0,1,8,27,6,none,64.5,high
A04281,server,ot,medium,internal,1,1,4.1,0.412,0,0,0,0,15,5,25,3,none,68.2,high
A04282,workstation,ot,low,internal,1,0,6.7,0.435,0,0,0,0,24,4,17,3,none,58.7,high
A04283,web_app,user_lan,high,confidential,0,1,4.8,0.107,0,0,0,0,0,7,7,5,full,26.3,medium
A04284,server,server_lan,high,internal,1,0,8.5,0.348,0,0,0,0,180,9,21,5,full,64.4,high
A04285,cloud_vm,user_lan,medium,internal,1,0,4.2,0.232,0,0,0,0,4,9,27,2,partial,49.1,medium
A04286,server,dmz,low,restricted,1,0,5.6,0.346,0,0,0,0,333,8,25,5,full,63.2,high
A04287,cloud_vm,cloud,medium,confidential,1,0,7.5,0.519,0,0,0,0,22,10,19,1,full,57.8,high
A04288,server,user_lan,low,internal,0,0,4.8,0.419,0,0,0,0,369,2,5,1,partial,12.3,low
A04289,firewall,server_lan,medium,internal,0,1,8.4,0.389,0,0,0,0,39,7,12,1,full,23.1,low
A04290,web_app,dmz,medium,public,1,0,8.8,0.495,0,0,0,0,20,11,24,4,none,83.1,critical
A04291,server,server_lan,critical,public,1,1,4.2,0.164,0,0,0,0,55,12,19,1,partial,67.3,high
A04292,server,cloud,medium,restricted,1,1,8.0,0.572,0,0,0,0,35,10,21,3,full,68.4,high
A04293,server,user_lan,medium,confidential,1,0,8.0,0.215,0,0,0,0,549,10,21,3,full,64.2,high
A04294,web_app,dmz,high,public,1,1,3.3,0.687,0,0,0,0,20,7,20,3,full,45.3,medium
A04295,cloud_vm,server_lan,medium,public,0,0,8.4,0.198,0,0,0,0,306,8,8,1,partial,42.0,medium
A04296,workstation,server_lan,critical,internal,0,1,5.4,0.203,0,0,0,0,36,2,5,0,full,17.4,low
A04297,workstation,dmz,low,internal,1,0,7.9,0.347,1,0,663,1,669,6,20,2,full,48.1,medium
A04298,web_app,ot,medium,internal,0,1,5.2,0.323,0,0,0,0,15,8,5,0,full,23.4,medium
A04299,database,user_lan,low,internal,1,0,6.3,0.239,0,0,0,0,0,7,25,1,none,27.7,medium
A04300,web_app,dmz,medium,restricted,1,0,8.0,0.656,0,0,0,0,59,13,20,2,full,55.3,high
A04301,database,cloud,critical,confidential,1,1,8.9,0.51,0,0,0,0,5,11,26,0,full,73.0,critical
A04302,web_app,server_lan,high,restricted,1,1,5.6,0.487,0,0,0,0,418,4,23,4,full,57.0,high
A04303,firewall,server_lan,medium,restricted,1,0,5.5,0.5,0,0,0,0,58,6,18,3,partial,57.8,high
A04304,workstation,user_lan,low,restricted,1,1,4.2,0.577,0,0,0,0,11,8,15,9,full,55.0,high
A04305,server,dmz,critical,restricted,1,1,8.9,0.201,0,0,0,0,14,15,23,2,full,96.7,critical
A04306,server,user_lan,medium,internal,1,0,5.5,0.408,0,0,0,0,728,7,27,5,full,63.0,high
A04307,database,cloud,low,public,1,0,4.2,0.138,0,0,0,0,38,7,26,2,full,35.2,medium
A04308,workstation,ot,critical,public,0,1,6.5,0.486,0,0,0,0,457,3,13,1,full,29.7,medium
A04309,firewall,server_lan,medium,confidential,0,0,5.1,0.37,0,0,0,0,83,6,14,1,none,30.8,medium
A04310,web_app,user_lan,medium,confidential,0,1,6.3,0.237,0,0,0,0,45,5,5,0,partial,42.8,medium
A04311,database,server_lan,low,public,0,0,3.9,0.342,0,0,0,0,31,7,10,0,none,14.8,low
A04312,cloud_vm,user_lan,low,confidential,0,1,4.5,0.177,0,0,0,0,175,4,8,0,partial,26.4,medium
A04313,workstation,server_lan,high,confidential,1,0,6.0,0.247,0,0,0,0,30,8,19,3,full,49.5,medium
A04314,cloud_vm,user_lan,medium,confidential,0,1,7.3,0.61,0,0,0,0,503,8,5,2,full,40.7,medium
A04315,server,server_lan,critical,internal,0,0,7.4,0.477,0,0,0,0,491,4,7,1,full,40.2,medium
A04316,web_app,ot,low,public,0,1,4.4,0.209,0,0,0,0,31,3,9,0,none,20.2,low
A04317,firewall,cloud,medium,internal,0,0,4.9,0.095,0,0,0,0,244,6,6,0,partial,10.4,low
A04318,cloud_vm,server_lan,high,public,1,0,7.5,0.298,0,0,0,0,34,7,14,3,full,38.1,medium
A04319,cloud_vm,cloud,medium,confidential,0,0,3.5,0.135,0,0,0,0,171,4,7,1,partial,15.0,low
A04320,workstation,dmz,medium,internal,1,1,7.3,0.287,0,0,0,0,59,10,26,4,full,58.0,high
A04321,cloud_vm,cloud,medium,internal,1,0,7.8,0.48,0,0,0,0,37,9,27,3,full,74.0,critical
A04322,database,server_lan,high,internal,1,0,6.4,0.505,0,0,0,0,47,11,16,2,full,50.0,medium
A04323,web_app,dmz,high,confidential,1,1,5.3,0.232,0,0,0,0,47,5,22,7,partial,98.1,critical
A04324,server,user_lan,medium,internal,1,1,5.4,0.23,0,0,0,0,591,8,10,5,full,47.8,medium
A04325,server,user_lan,medium,restricted,1,0,7.2,0.574,0,0,0,0,659,12,23,2,full,59.3,high
A04326,database,user_lan,medium,public,0,1,7.7,0.574,0,0,0,0,5,5,9,0,partial,16.5,low
A04327,server,user_lan,medium,restricted,1,0,6.3,0.505,0,0,0,0,471,16,17,4,full,61.1,high
A04328,cloud_vm,dmz,low,public,0,0,8.4,0.55,0,0,0,0,36,8,5,2,full,25.7,medium
A04329,cloud_vm,dmz,critical,public,1,1,8.4,0.348,0,0,0,0,42,9,17,5,partial,75.6,critical
A04330,firewall,user_lan,low,restricted,0,1,8.6,0.309,0,0,0,0,229,7,14,1,partial,34.7,medium
A04331,server,user_lan,low,confidential,1,1,6.9,0.26,0,0,0,0,46,6,26,7,full,56.4,high
A04332,firewall,dmz,medium,confidential,0,0,7.8,0.14,0,0,0,0,251,2,6,1,full,27.8,medium
A04333,server,server_lan,low,confidential,0,0,6.5,0.422,0,0,0,0,431,7,10,1,full,46.3,medium
A04334,database,user_lan,low,internal,1,0,5.8,0.24,0,0,0,0,6,8,16,3,full,16.5,low
A04335,cloud_vm,user_lan,low,confidential,0,0,6.8,0.186,0,0,0,0,210,1,7,0,partial,6.5,low
A04336,server,cloud,low,public,0,0,6.6,0.38,0,0,0,0,87,4,8,1,full,9.2,low
A04337,server,user_lan,medium,confidential,1,1,6.8,0.404,0,0,0,0,44,6,27,5,full,55.7,high
A04338,server,user_lan,high,restricted,0,1,5.7,0.432,0,0,0,0,45,5,4,1,full,36.7,medium
A04339,database,user_lan,medium,restricted,0,1,7.5,0.487,1,0,429,1,114,6,7,3,partial,70.5,high
A04340,cloud_vm,server_lan,medium,confidential,1,1,3.6,0.053,0,0,0,0,76,13,16,7,full,48.7,medium
A04341,server,dmz,medium,confidential,0,1,6.9,0.366,0,0,0,0,652,2,9,1,full,33.5,medium
A04342,server,dmz,medium,internal,1,0,6.3,0.547,0,0,0,0,331,12,24,4,partial,65.2,high
A04343,database,cloud,medium,internal,0,1,8.1,0.266,0,0,0,0,522,4,8,1,full,27.9,medium
A04344,server,server_lan,medium,restricted,0,1,7.6,0.421,0,0,0,0,471,7,8,0,full,30.0,medium
A04345,web_app,user_lan,medium,confidential,1,0,8.9,0.487,0,0,0,0,53,9,21,3,full,26.2,medium
A04346,firewall,user_lan,medium,internal,1,0,3.2,0.237,0,0,0,0,38,12,21,4,none,69.6,high
A04347,cloud_vm,server_lan,low,confidential,0,0,6.9,0.335,0,0,0,0,670,3,7,1,full,35.2,medium
A04348,cloud_vm,cloud,critical,public,0,1,6.4,0.406,0,0,0,0,321,5,12,0,partial,51.3,medium
A04349,database,user_lan,critical,confidential,1,1,7.1,0.359,0,0,0,0,686,13,29,2,none,100.0,critical
A04350,cloud_vm,dmz,high,confidential,1,1,7.3,0.382,0,0,0,0,44,7,15,4,full,55.9,high
A04351,server,cloud,low,internal,0,1,7.4,0.583,0,0,0,0,2,6,13,0,full,31.2,medium
A04352,server,user_lan,high,public,1,1,7.0,0.181,0,0,0,0,292,8,21,4,partial,66.4,high
A04353,web_app,server_lan,medium,confidential,0,0,4.4,0.18,0,0,0,0,50,4,8,0,none,15.1,low
A04354,server,cloud,low,public,1,0,6.5,0.443,0,0,0,0,44,11,17,5,full,36.5,medium
A04355,cloud_vm,user_lan,critical,restricted,0,1,6.9,0.27,0,0,0,0,121,4,7,0,full,36.2,medium
A04356,web_app,server_lan,high,public,1,1,6.9,0.482,0,0,0,0,645,9,21,5,full,59.2,high
A04357,firewall,ot,low,internal,0,0,7.5,0.364,0,0,0,0,588,3,8,2,none,21.3,low
A04358,workstation,user_lan,critical,public,0,0,8.6,0.549,0,0,0,0,418,5,7,2,partial,53.3,high
A04359,database,user_lan,low,confidential,0,0,6.9,0.163,0,0,0,0,553,8,10,1,full,20.0,low
A04360,cloud_vm,dmz,medium,confidential,1,0,5.1,0.232,0,0,0,0,130,8,24,0,full,46.5,medium
A04361,workstation,server_lan,low,restricted,0,0,5.9,0.255,0,0,0,0,380,6,10,0,full,28.0,medium
A04362,database,user_lan,low,restricted,0,0,5.1,0.263,0,0,0,0,38,6,8,1,full,14.5,low
A04363,web_app,user_lan,critical,confidential,0,1,6.1,0.259,0,0,0,0,724,5,8,3,full,52.8,high
A04364,firewall,user_lan,medium,internal,1,0,6.0,0.447,0,0,0,0,27,12,16,4,full,38.2,medium
A04365,cloud_vm,cloud,low,public,1,0,6.1,0.238,0,0,0,0,721,10,28,5,full,47.2,medium
A04366,server,server_lan,high,restricted,1,1,9.0,0.174,0,0,0,0,601,11,31,1,partial,93.7,critical
A04367,database,user_lan,high,internal,1,0,4.4,0.431,0,0,0,0,42,4,21,2,partial,54.4,high
A04368,web_app,cloud,critical,restricted,1,1,5.0,0.457,0,0,0,0,203,11,15,4,full,76.4,critical
A04369,server,cloud,critical,restricted,0,0,2.5,0.32,0,0,0,0,319,5,12,2,partial,55.6,high
A04370,workstation,cloud,critical,confidential,1,1,4.3,0.265,0,0,0,0,32,7,20,3,full,57.7,high
A04371,workstation,cloud,medium,confidential,1,0,5.3,0.238,0,0,0,0,520,11,25,2,full,51.7,high
A04372,server,dmz,medium,restricted,1,1,4.0,0.177,0,0,0,0,16,6,30,3,full,55.8,high
A04373,database,user_lan,critical,confidential,1,1,4.0,0.141,0,0,0,0,98,11,27,5,full,77.5,critical
A04374,server,ot,low,confidential,1,0,5.5,0.226,0,0,0,0,22,7,18,2,partial,22.6,low
A04375,web_app,user_lan,low,internal,0,1,7.7,0.294,0,0,0,0,22,5,6,2,full,20.9,low
A04376,server,server_lan,medium,internal,1,1,6.2,0.343,0,0,0,0,3,9,24,6,full,63.5,high
A04377,web_app,ot,low,internal,1,0,5.3,0.149,0,0,0,0,3,11,31,1,none,41.6,medium
A04378,server,server_lan,medium,restricted,0,0,5.7,0.21,0,0,0,0,629,11,13,1,partial,53.9,high
A04379,cloud_vm,server_lan,critical,confidential,1,0,6.1,0.137,1,0,326,0,12,13,24,5,partial,88.7,critical
A04380,server,server_lan,medium,confidential,1,1,8.8,0.426,0,0,0,0,130,12,21,4,partial,80.1,critical
A04381,database,user_lan,medium,public,1,0,4.6,0.152,0,0,0,0,390,12,20,2,none,86.2,critical
A04382,workstation,server_lan,medium,restricted,1,0,4.2,0.315,0,0,0,0,48,7,20,2,full,33.6,medium
A04383,server,user_lan,high,internal,0,0,8.7,0.384,0,0,0,0,7,6,10,1,full,30.9,medium
A04384,database,ot,low,confidential,1,1,4.2,0.266,0,0,0,0,28,3,16,2,none,61.3,high
A04385,cloud_vm,user_lan,low,public,0,0,5.0,0.383,0,0,0,0,7,6,10,0,full,0.0,low
A04386,cloud_vm,user_lan,high,restricted,1,0,7.5,0.191,0,0,0,0,17,5,31,2,full,53.5,high
A04387,workstation,cloud,medium,confidential,1,0,5.8,0.273,0,0,0,0,23,7,26,5,full,71.1,high
A04388,server,cloud,medium,internal,1,1,6.3,0.367,0,0,0,0,72,12,28,5,partial,74.6,critical
A04389,web_app,server_lan,medium,internal,1,0,3.2,0.129,0,0,0,0,55,8,19,5,none,53.8,high
A04390,web_app,dmz,low,internal,1,1,6.8,0.188,0,0,0,0,543,9,17,5,full,51.6,high
A04391,server,user_lan,high,internal,1,0,7.6,0.219,0,0,0,0,37,8,31,5,partial,67.6,high
A04392,cloud_vm,cloud,medium,public,1,0,4.2,0.148,0,0,0,0,12,15,24,3,full,34.3,medium
A04393,database,user_lan,medium,internal,1,0,4.9,0.138,0,0,0,0,101,7,26,3,partial,40.4,medium
A04394,web_app,server_lan,critical,internal,0,0,9.0,0.27,0,0,0,0,663,3,8,1,partial,40.2,medium
A04395,workstation,cloud,high,internal,1,0,4.2,0.261,0,0,0,0,45,7,24,7,partial,72.0,high
A04396,workstation,user_lan,low,confidential,0,0,7.8,0.316,1,0,137,1,209,4,6,5,full,21.3,low
A04397,server,user_lan,high,internal,1,0,4.8,0.122,0,0,0,0,1,8,23,3,full,44.4,medium
A04398,cloud_vm,cloud,low,public,1,0,7.4,0.4,0,0,0,0,30,13,14,1,full,20.0,low
A04399,server,cloud,low,restricted,0,0,7.2,0.272,0,0,0,0,160,6,5,1,full,10.1,low
A04400,cloud_vm,user_lan,high,internal,0,1,4.9,0.299,0,0,0,0,448,3,5,1,full,26.4,medium
A04401,cloud_vm,user_lan,low,confidential,0,1,8.4,0.425,0,0,0,0,17,3,8,0,full,18.6,low
A04402,cloud_vm,user_lan,low,restricted,1,1,8.8,0.527,0,0,0,0,158,7,19,3,partial,88.4,critical
A04403,server,user_lan,critical,confidential,1,0,7.3,0.34,0,0,0,0,59,13,23,3,full,51.5,high
A04404,workstation,user_lan,high,internal,0,0,7.9,0.432,0,0,0,0,37,2,4,0,partial,27.7,medium
A04405,database,user_lan,critical,internal,1,0,6.3,0.129,0,0,0,0,250,8,29,5,full,68.4,high
A04406,web_app,user_lan,critical,restricted,1,0,6.9,0.182,0,0,0,0,58,8,21,6,full,63.7,high
A04407,cloud_vm,user_lan,medium,confidential,1,0,8.7,0.313,0,0,0,0,97,12,25,7,full,74.1,critical
A04408,workstation,dmz,medium,public,1,0,4.9,0.388,0,0,0,0,12,8,20,3,partial,47.5,medium
A04409,cloud_vm,user_lan,medium,confidential,0,0,4.6,0.26,0,0,0,0,40,9,12,1,partial,33.1,medium
A04410,server,user_lan,high,restricted,0,0,3.3,0.313,0,0,0,0,682,9,11,0,full,29.5,medium
A04411,workstation,server_lan,medium,confidential,0,1,5.4,0.259,0,0,0,0,590,6,6,0,partial,32.6,medium
A04412,server,server_lan,low,public,1,0,8.4,0.391,0,0,0,0,28,16,17,3,full,59.4,high
A04413,cloud_vm,server_lan,low,internal,0,0,8.3,0.531,1,1,424,1,39,7,6,4,full,57.7,high
A04414,server,ot,high,internal,1,1,5.1,0.2,0,0,0,0,727,7,25,2,none,95.6,critical
A04415,workstation,cloud,low,internal,0,0,7.9,0.423,0,0,0,0,546,3,6,3,full,33.0,medium
A04416,cloud_vm,user_lan,medium,confidential,0,0,3.4,0.22,0,0,0,0,557,5,6,0,full,26.9,medium
A04417,database,server_lan,high,internal,0,0,7.8,0.48,0,0,0,0,53,4,5,1,full,15.9,low
A04418,server,cloud,high,internal,1,0,9.5,0.404,0,0,0,0,722,8,16,1,full,58.7,high
A04419,server,user_lan,medium,internal,0,1,7.5,0.224,0,0,0,0,3,9,4,3,partial,58.6,high
A04420,database,ot,low,restricted,0,0,6.6,0.247,1,1,335,1,43,7,13,4,full,57.1,high
A04421,workstation,dmz,critical,restricted,0,1,6.2,0.155,0,0,0,0,569,4,7,0,partial,47.8,medium
A04422,server,dmz,medium,confidential,0,1,6.6,0.193,0,0,0,0,0,7,11,0,partial,45.1,medium
A04423,web_app,user_lan,medium,restricted,1,0,9.1,0.556,1,1,193,1,607,10,21,5,full,96.0,critical
A04424,server,server_lan,critical,restricted,0,0,7.6,0.26,0,0,0,0,594,9,8,0,full,41.2,medium
A04425,web_app,user_lan,low,internal,1,0,6.0,0.31,0,0,0,0,668,8,20,6,full,44.4,medium
A04426,workstation,cloud,medium,public,1,1,2.7,0.081,0,0,0,0,22,7,21,2,partial,35.8,medium
A04427,server,dmz,low,confidential,1,0,7.9,0.161,0,0,0,0,33,2,23,6,full,49.8,medium
A04428,server,user_lan,low,confidential,1,0,8.2,0.296,0,0,0,0,238,14,20,4,partial,57.3,high
A04429,server,user_lan,medium,internal,0,0,7.2,0.18,0,0,0,0,638,5,10,0,full,25.1,medium
A04430,server,cloud,high,restricted,0,1,5.7,0.442,0,0,0,0,290,5,13,1,full,42.2,medium
A04431,workstation,user_lan,medium,internal,0,1,4.4,0.157,0,0,0,0,725,2,3,1,full,20.6,low
A04432,cloud_vm,server_lan,high,restricted,1,0,4.6,0.167,0,0,0,0,25,9,17,3,full,56.9,high
A04433,cloud_vm,user_lan,high,confidential,1,0,6.5,0.221,0,0,0,0,412,14,24,4,partial,65.4,high
A04434,workstation,user_lan,high,public,1,0,5.8,0.284,0,0,0,0,578,8,20,3,partial,76.8,critical
A04435,database,cloud,low,restricted,1,1,7.7,0.326,0,0,0,0,43,12,23,10,full,63.7,high
A04436,database,user_lan,high,confidential,0,0,6.8,0.345,0,0,0,0,593,6,9,3,full,22.6,low
A04437,cloud_vm,server_lan,low,confidential,1,0,8.7,0.387,0,0,0,0,35,7,17,8,full,54.4,high
A04438,server,cloud,high,confidential,1,0,5.0,0.424,0,0,0,0,55,11,29,2,partial,84.0,critical
A04439,workstation,user_lan,medium,public,0,0,3.9,0.471,0,0,0,0,12,7,3,0,full,0.0,low
A04440,workstation,server_lan,high,public,1,0,5.7,0.139,0,0,0,0,430,9,19,3,full,39.7,medium
A04441,server,user_lan,low,public,1,1,4.9,0.143,0,0,0,0,487,6,14,3,partial,40.3,medium
A04442,workstation,ot,high,public,1,0,6.2,0.261,0,0,0,0,171,9,21,5,none,54.1,high
A04443,cloud_vm,user_lan,low,internal,1,0,7.3,0.676,0,0,0,0,51,9,23,3,partial,53.7,high
A04444,cloud_vm,server_lan,low,internal,0,1,6.3,0.319,0,0,0,0,51,5,5,1,full,43.2,medium
A04445,server,user_lan,medium,public,0,1,3.6,0.354,0,0,0,0,37,1,8,2,full,19.7,low
A04446,workstation,server_lan,medium,internal,0,1,4.2,0.192,0,0,0,0,46,4,5,0,full,9.0,low
A04447,workstation,user_lan,high,internal,0,0,6.3,0.42,0,0,0,0,92,4,8,1,full,26.1,medium
A04448,database,user_lan,high,internal,0,0,7.7,0.349,0,0,0,0,13,3,8,0,partial,24.8,medium
A04449,database,server_lan,medium,restricted,0,1,6.6,0.617,0,0,0,0,33,9,10,2,full,33.7,medium
A04450,server,server_lan,high,restricted,0,0,5.3,0.291,0,0,0,0,19,2,11,2,full,34.9,medium
A04451,cloud_vm,ot,high,confidential,0,0,3.5,0.142,0,0,0,0,43,4,8,1,none,54.3,high
A04452,firewall,server_lan,critical,public,0,0,3.1,0.131,0,0,0,0,703,3,9,1,full,31.8,medium
A04453,web_app,cloud,low,confidential,1,0,5.5,0.29,0,0,0,0,23,10,25,3,none,59.8,high
A04454,web_app,user_lan,medium,public,1,1,7.2,0.525,1,1,617,1,24,7,27,8,partial,89.0,critical
A04455,database,user_lan,high,confidential,0,1,8.5,0.578,0,0,0,0,174,2,13,3,full,47.0,medium
A04456,workstation,dmz,low,restricted,0,0,4.6,0.247,0,0,0,0,231,3,4,3,full,25.2,medium
A04457,server,server_lan,low,internal,0,0,7.5,0.421,0,0,0,0,46,8,11,2,full,28.4,medium
A04458,web_app,server_lan,low,restricted,0,0,4.4,0.209,0,0,0,0,572,10,3,1,full,25.7,medium
A04459,server,user_lan,medium,confidential,0,1,7.2,0.297,0,0,0,0,27,5,9,0,full,32.8,medium
A04460,cloud_vm,ot,medium,internal,0,1,3.8,0.184,0,0,0,0,41,1,7,1,none,18.7,low
A04461,workstation,cloud,high,public,0,0,8.0,0.195,0,0,0,0,363,1,5,0,full,31.9,medium
A04462,workstation,dmz,medium,confidential,1,0,8.4,0.233,0,0,0,0,51,8,18,2,partial,56.7,high
A04463,workstation,server_lan,high,internal,1,0,3.4,0.454,0,0,0,0,690,11,22,3,partial,72.9,critical
A04464,firewall,server_lan,low,public,1,1,7.1,0.34,0,0,0,0,299,9,20,9,none,85.8,critical
A04465,server,ot,high,public,1,0,4.9,0.065,0,0,0,0,96,15,18,6,none,58.2,high
A04466,server,server_lan,high,restricted,1,1,7.1,0.166,0,0,0,0,44,8,17,2,full,54.2,high
A04467,server,server_lan,low,internal,1,0,8.6,0.162,0,0,0,0,41,8,8,3,full,47.0,medium
A04468,web_app,user_lan,low,restricted,0,0,5.1,0.277,0,0,0,0,58,3,7,0,partial,11.2,low
A04469,firewall,user_lan,medium,confidential,1,0,7.4,0.275,0,0,0,0,688,4,22,5,full,50.7,medium
A04470,server,server_lan,critical,internal,0,1,3.5,0.164,0,0,0,0,62,5,9,2,full,51.0,medium
A04471,cloud_vm,user_lan,medium,internal,1,0,6.1,0.427,0,0,0,0,203,14,22,4,partial,47.5,medium
A04472,workstation,dmz,low,confidential,0,1,8.1,0.262,0,0,0,0,21,5,10,0,full,35.0,medium
A04473,web_app,dmz,low,internal,1,1,4.5,0.459,0,0,0,0,12,10,22,0,full,50.6,medium
A04474,server,dmz,low,public,1,0,4.9,0.411,0,0,0,0,10,13,24,2,full,30.0,medium
A04475,database,server_lan,medium,internal,0,1,8.1,0.548,0,0,0,0,24,7,6,3,partial,39.0,medium
A04476,web_app,ot,high,restricted,1,0,4.8,0.204,0,0,0,0,61,15,23,4,none,92.3,critical
A04477,database,user_lan,medium,confidential,0,1,7.6,0.213,0,0,0,0,359,4,7,0,partial,45.7,medium
A04478,server,cloud,high,internal,0,1,6.1,0.578,0,0,0,0,666,4,10,1,full,53.2,high
A04479,cloud_vm,server_lan,low,internal,0,1,8.8,0.362,0,0,0,0,432,5,8,1,full,28.5,medium
A04480,firewall,user_lan,medium,internal,1,0,4.1,0.57,1,0,248,1,55,9,22,5,full,51.5,high
A04481,workstation,ot,high,confidential,0,1,8.0,0.406,0,0,0,0,21,6,7,0,partial,47.0,medium
A04482,web_app,server_lan,high,public,1,0,7.3,0.272,0,0,0,0,33,13,20,5,full,56.2,high
A04483,cloud_vm,ot,high,restricted,1,0,6.4,0.284,0,0,0,0,435,11,22,3,partial,80.5,critical
A04484,workstation,user_lan,low,restricted,1,0,7.7,0.465,0,0,0,0,468,7,22,3,full,56.5,high
A04485,cloud_vm,cloud,medium,internal,1,0,5.2,0.593,0,0,0,0,675,15,22,0,full,61.3,high
A04486,workstation,server_lan,high,restricted,1,0,5.4,0.261,0,0,0,0,370,5,18,4,partial,70.3,high
A04487,cloud_vm,user_lan,low,confidential,0,0,4.9,0.325,0,0,0,0,111,7,8,2,full,12.9,low
A04488,server,user_lan,high,confidential,0,0,7.9,0.56,0,0,0,0,47,4,6,1,full,33.6,medium
A04489,workstation,ot,medium,public,0,0,5.5,0.283,0,0,0,0,42,5,10,0,none,11.6,low
A04490,database,ot,low,restricted,1,1,5.3,0.299,0,0,0,0,142,9,20,5,full,41.3,medium
A04491,database,server_lan,high,internal,0,0,8.6,0.261,1,0,235,1,165,7,7,4,full,40.6,medium
A04492,cloud_vm,ot,high,confidential,1,1,5.3,0.398,0,0,0,0,29,10,22,7,partial,96.7,critical
A04493,firewall,cloud,critical,internal,1,0,5.7,0.397,0,0,0,0,40,3,20,5,full,59.9,high
A04494,server,user_lan,critical,internal,1,0,7.6,0.184,0,0,0,0,39,6,22,2,full,64.1,high
A04495,workstation,dmz,low,restricted,1,0,8.0,0.394,0,0,0,0,21,8,23,5,partial,63.9,high
A04496,workstation,server_lan,high,internal,0,1,4.7,0.082,0,0,0,0,110,4,12,1,full,37.2,medium
A04497,database,dmz,critical,public,1,1,9.0,0.445,0,0,0,0,34,6,25,3,partial,79.2,critical
A04498,database,dmz,low,confidential,1,1,6.5,0.183,1,0,210,1,273,15,20,7,full,70.9,high
A04499,cloud_vm,ot,medium,internal,1,1,7.0,0.48,0,0,0,0,19,11,16,2,partial,56.8,high
A04500,cloud_vm,server_lan,critical,restricted,1,0,6.9,0.248,1,0,329,1,33,10,27,3,full,68.7,high
A04501,server,user_lan,low,restricted,0,0,5.7,0.406,0,0,0,0,553,8,7,3,full,33.1,medium
A04502,workstation,user_lan,critical,public,0,0,7.5,0.487,0,0,0,0,42,3,4,0,full,32.4,medium
A04503,web_app,user_lan,medium,confidential,0,0,8.7,0.318,0,0,0,0,193,2,11,1,full,21.3,low
A04504,database,server_lan,critical,restricted,0,1,5.2,0.426,0,0,0,0,27,5,7,1,full,40.6,medium
A04505,server,user_lan,medium,restricted,1,1,9.3,0.362,0,0,0,0,25,14,16,1,full,69.9,high
A04506,workstation,user_lan,high,internal,0,0,5.8,0.28,0,0,0,0,217,2,4,1,full,26.4,medium
A04507,workstation,user_lan,high,confidential,0,0,8.3,0.691,1,1,107,1,55,3,8,4,full,56.1,high
A04508,server,server_lan,low,confidential,1,1,3.3,0.386,0,0,0,0,22,15,26,3,full,51.8,high
A04509,cloud_vm,cloud,medium,public,0,0,2.3,0.118,0,0,0,0,219,6,6,0,full,4.2,low
A04510,workstation,dmz,critical,confidential,1,0,4.5,0.431,0,0,0,0,648,8,21,5,full,72.7,critical
A04511,web_app,user_lan,critical,internal,0,1,6.3,0.338,0,0,0,0,193,4,5,0,full,24.1,medium
A04512,database,user_lan,critical,internal,0,1,6.6,0.443,0,0,0,0,50,5,14,1,none,67.3,high
A04513,cloud_vm,server_lan,high,internal,0,1,4.0,0.577,0,0,0,0,34,3,3,1,partial,28.4,medium
A04514,server,cloud,medium,restricted,0,0,3.5,0.175,0,0,0,0,6,2,8,0,partial,15.0,low
A04515,server,server_lan,medium,internal,0,1,7.8,0.869,1,0,541,1,32,3,9,2,full,48.3,medium
A04516,workstation,ot,medium,internal,1,0,4.9,0.352,0,0,0,0,33,6,19,1,full,34.6,medium
A04517,workstation,cloud,medium,public,0,0,5.5,0.142,0,0,0,0,44,3,7,2,full,24.9,medium
A04518,workstation,server_lan,low,public,0,1,7.0,0.653,0,0,0,0,203,3,14,1,partial,40.4,medium
A04519,cloud_vm,server_lan,low,restricted,0,1,7.0,0.172,0,0,0,0,712,2,14,2,partial,30.8,medium
A04520,workstation,dmz,medium,internal,0,0,7.9,0.439,0,0,0,0,39,3,7,1,partial,25.0,medium
A04521,server,ot,medium,public,1,0,5.6,0.236,0,0,0,0,57,9,24,4,none,58.8,high
A04522,workstation,user_lan,medium,restricted,1,0,7.5,0.152,1,1,222,1,277,5,28,6,full,86.7,critical
A04523,cloud_vm,dmz,low,public,1,0,6.9,0.434,0,0,0,0,55,12,27,4,partial,66.5,high
A04524,cloud_vm,user_lan,high,internal,0,1,7.3,0.558,0,0,0,0,51,8,11,1,full,35.7,medium
A04525,web_app,dmz,critical,confidential,1,0,8.3,0.335,0,0,0,0,49,10,18,2,none,75.0,critical
A04526,database,user_lan,medium,confidential,1,0,8.4,0.578,0,0,0,0,28,6,16,4,none,76.9,critical
A04527,web_app,user_lan,critical,public,1,0,6.2,0.366,1,0,111,1,438,13,23,6,none,96.0,critical
A04528,web_app,dmz,critical,confidential,1,0,3.5,0.364,0,0,0,0,45,12,25,4,full,51.4,high
A04529,server,cloud,low,confidential,1,0,6.2,0.147,0,0,0,0,557,8,23,3,partial,58.8,high
A04530,database,server_lan,low,confidential,0,0,5.8,0.356,0,0,0,0,7,4,10,0,full,9.1,low
A04531,cloud_vm,user_lan,low,internal,0,0,3.9,0.527,0,0,0,0,22,3,10,0,full,1.1,low
A04532,workstation,user_lan,low,confidential,1,1,6.7,0.475,0,0,0,0,344,4,24,5,full,61.4,high
A04533,web_app,ot,medium,internal,1,0,5.9,0.331,0,0,0,0,677,1,19,3,none,57.1,high
A04534,database,user_lan,low,confidential,0,1,7.8,0.445,0,0,0,0,688,8,8,0,partial,39.8,medium
A04535,database,ot,critical,restricted,1,0,4.5,0.161,0,0,0,0,148,8,25,5,partial,64.3,high
A04536,server,server_lan,medium,restricted,1,1,7.2,0.197,0,0,0,0,456,7,20,3,full,58.2,high
A04537,web_app,cloud,medium,confidential,1,0,5.3,0.36,0,0,0,0,120,8,22,5,full,60.6,high
A04538,cloud_vm,server_lan,critical,internal,1,1,6.3,0.264,0,0,0,0,21,11,22,0,full,57.5,high
A04539,server,user_lan,critical,public,1,1,4.5,0.313,0,0,0,0,3,6,25,1,full,61.6,high
A04540,workstation,dmz,high,confidential,1,0,5.0,0.678,0,0,0,0,268,8,29,3,full,55.5,high
A04541,server,ot,high,public,1,0,7.5,0.385,0,0,0,0,34,7,24,1,partial,44.0,medium
A04542,server,ot,critical,confidential,1,1,6.7,0.363,0,0,0,0,412,8,21,6,partial,74.3,critical
A04543,firewall,user_lan,medium,confidential,1,0,4.4,0.184,0,0,0,0,228,2,19,6,full,53.6,high
A04544,database,user_lan,critical,confidential,1,0,4.8,0.262,0,0,0,0,54,9,26,4,partial,66.9,high
A04545,workstation,user_lan,low,public,0,0,7.0,0.383,0,0,0,0,59,4,8,0,partial,7.7,low
A04546,workstation,server_lan,medium,restricted,0,0,6.3,0.207,0,0,0,0,47,1,9,1,full,8.7,low
A04547,firewall,user_lan,medium,confidential,1,0,5.7,0.214,0,0,0,0,92,16,33,4,full,39.0,medium
A04548,workstation,user_lan,low,internal,1,0,5.9,0.284,0,0,0,0,726,10,18,1,full,34.1,medium
A04549,web_app,user_lan,low,confidential,0,1,2.5,0.485,0,0,0,0,1,4,11,1,none,26.7,medium
A04550,workstation,server_lan,low,public,0,0,9.4,0.712,0,0,0,0,44,2,8,0,partial,25.5,medium
A04551,server,ot,low,confidential,1,0,7.4,0.389,1,0,166,1,478,8,23,7,none,86.0,critical
A04552,web_app,dmz,low,public,1,1,6.2,0.49,0,0,0,0,59,9,20,3,none,68.8,high
A04553,server,user_lan,medium,confidential,0,1,2.0,0.082,0,0,0,0,479,3,8,0,full,34.6,medium
A04554,web_app,dmz,high,public,1,0,4.1,0.323,0,0,0,0,465,8,22,2,full,39.3,medium
A04555,workstation,server_lan,medium,public,0,0,7.9,0.296,0,0,0,0,0,4,2,2,full,3.0,low
A04556,cloud_vm,dmz,high,internal,1,1,5.7,0.366,0,0,0,0,663,7,24,3,full,67.1,high
A04557,cloud_vm,server_lan,low,public,1,0,7.4,0.334,1,0,170,1,246,7,21,4,partial,66.4,high
A04558,web_app,user_lan,high,restricted,1,1,5.3,0.674,0,0,0,0,525,7,19,3,none,100.0,critical
A04559,server,user_lan,low,confidential,0,1,5.5,0.189,0,0,0,0,683,3,7,0,partial,36.5,medium
A04560,web_app,user_lan,medium,public,1,0,6.8,0.598,0,0,0,0,646,12,14,2,full,40.8,medium
A04561,firewall,user_lan,medium,public,0,1,7.3,0.203,0,0,0,0,7,4,4,0,full,18.8,low
A04562,workstation,server_lan,critical,confidential,1,0,3.7,0.3,0,0,0,0,423,8,16,2,full,61.2,high
A04563,workstation,dmz,critical,public,1,0,6.8,0.363,0,0,0,0,12,6,22,4,full,40.5,medium
A04564,cloud_vm,user_lan,high,internal,0,1,5.5,0.09,0,0,0,0,19,3,7,0,full,38.2,medium
A04565,server,user_lan,high,public,0,1,6.0,0.231,0,0,0,0,59,4,11,2,full,24.1,medium
A04566,web_app,user_lan,medium,confidential,1,0,3.7,0.431,0,0,0,0,53,7,15,10,partial,41.2,medium
A04567,cloud_vm,server_lan,high,restricted,0,0,5.0,0.365,0,0,0,0,447,7,8,2,full,48.1,medium
A04568,server,cloud,low,public,1,0,7.5,0.232,0,0,0,0,54,8,24,5,partial,48.2,medium
A04569,database,dmz,low,restricted,1,0,4.7,0.159,0,0,0,0,51,5,20,4,partial,60.9,high
A04570,database,user_lan,critical,restricted,0,0,6.3,0.198,0,0,0,0,532,3,6,1,none,65.2,high
A04571,workstation,dmz,critical,restricted,1,0,4.7,0.383,0,0,0,0,480,8,26,4,full,76.1,critical
A04572,cloud_vm,user_lan,medium,confidential,1,0,8.0,0.596,1,0,202,1,382,10,25,4,partial,98.9,critical
A04573,server,server_lan,low,restricted,0,1,6.8,0.24,0,0,0,0,50,7,15,1,partial,32.0,medium
A04574,workstation,user_lan,low,confidential,0,0,7.4,0.221,0,0,0,0,178,3,2,0,full,24.6,medium
A04575,cloud_vm,dmz,medium,restricted,1,0,8.2,0.548,0,0,0,0,622,7,17,3,full,50.8,medium
A04576,server,user_lan,low,public,1,0,6.9,0.269,0,0,0,0,22,8,19,10,full,47.8,medium
A04577,cloud_vm,server_lan,high,confidential,1,0,8.3,0.298,0,0,0,0,6,5,14,1,partial,57.2,high
A04578,server,user_lan,low,confidential,1,0,6.9,0.214,0,0,0,0,213,6,28,2,full,54.9,high
A04579,database,dmz,low,public,1,1,5.1,0.373,0,0,0,0,505,15,31,3,full,50.5,medium
A04580,server,dmz,low,internal,1,0,4.3,0.171,0,0,0,0,103,11,29,4,full,46.6,medium
A04581,web_app,user_lan,high,public,0,1,3.3,0.101,0,0,0,0,512,7,9,0,full,43.5,medium
A04582,cloud_vm,dmz,medium,internal,1,0,4.9,0.301,0,0,0,0,8,11,28,6,full,45.3,medium
A04583,cloud_vm,server_lan,medium,public,0,0,7.0,0.64,1,1,334,1,386,5,5,2,partial,46.9,medium
A04584,firewall,cloud,high,internal,1,0,5.1,0.195,0,0,0,0,31,16,21,2,full,63.3,high
A04585,web_app,cloud,high,internal,1,0,5.9,0.26,0,0,0,0,723,13,27,2,partial,86.6,critical
A04586,cloud_vm,cloud,medium,confidential,0,1,4.0,0.114,0,0,0,0,408,2,6,0,full,28.3,medium
A04587,database,server_lan,high,public,1,1,7.0,0.407,0,0,0,0,34,14,30,3,none,70.6,high
A04588,cloud_vm,user_lan,low,internal,1,1,5.1,0.429,0,0,0,0,698,9,25,3,partial,56.3,high
A04589,web_app,cloud,high,internal,1,0,3.5,0.262,0,0,0,0,113,10,20,5,none,61.4,high
A04590,cloud_vm,dmz,medium,internal,1,1,8.2,0.254,0,0,0,0,47,7,22,4,full,77.3,critical
A04591,server,cloud,critical,public,1,0,5.2,0.587,0,0,0,0,34,6,23,4,full,52.5,high
A04592,database,dmz,critical,restricted,1,1,6.5,0.334,0,0,0,0,70,9,31,7,full,80.8,critical
A04593,web_app,ot,high,internal,1,0,6.4,0.219,0,0,0,0,599,13,24,3,none,85.0,critical
A04594,server,user_lan,critical,internal,0,0,5.3,0.331,0,0,0,0,406,2,10,1,full,22.0,low
A04595,server,user_lan,low,internal,0,1,7.7,0.335,0,0,0,0,34,6,7,1,full,18.9,low
A04596,firewall,user_lan,high,restricted,0,0,8.4,0.267,0,0,0,0,13,4,8,0,full,28.7,medium
A04597,workstation,server_lan,low,internal,0,0,7.3,0.7,0,0,0,0,28,6,4,0,full,3.8,low
A04598,server,server_lan,low,internal,0,0,6.0,0.314,0,0,0,0,490,5,10,1,full,1.4,low
A04599,workstation,cloud,medium,confidential,1,1,6.5,0.214,0,0,0,0,636,7,30,1,full,63.5,high
A04600,workstation,user_lan,high,internal,1,0,4.9,0.324,0,0,0,0,39,8,26,1,partial,59.8,high
A04601,web_app,user_lan,high,internal,1,0,3.6,0.188,0,0,0,0,160,4,19,5,none,52.7,high
A04602,firewall,server_lan,high,restricted,1,1,2.8,0.179,0,0,0,0,34,3,23,3,full,64.7,high
A04603,firewall,user_lan,medium,restricted,0,1,7.7,0.24,0,0,0,0,39,2,12,1,full,24.3,medium
A04604,web_app,server_lan,critical,confidential,1,0,6.3,0.238,1,1,660,1,224,11,26,6,full,91.5,critical
A04605,web_app,server_lan,critical,public,1,1,8.6,0.463,1,0,57,1,375,13,20,9,full,95.2,critical
A04606,workstation,ot,high,confidential,1,0,8.2,0.567,0,0,0,0,9,11,19,3,none,69.1,high
A04607,cloud_vm,user_lan,low,restricted,0,1,8.0,0.154,0,0,0,0,24,1,10,0,full,14.2,low
A04608,server,user_lan,medium,restricted,1,1,5.9,0.261,0,0,0,0,7,5,23,2,full,46.9,medium
A04609,server,ot,high,public,1,0,6.4,0.168,0,0,0,0,54,15,22,4,none,67.8,high
A04610,firewall,server_lan,critical,public,1,1,7.1,0.316,0,0,0,0,5,12,17,6,partial,84.9,critical
A04611,cloud_vm,ot,low,public,1,1,2.6,0.707,0,0,0,0,699,5,23,3,partial,65.2,high
A04612,workstation,user_lan,medium,confidential,0,1,6.4,0.327,0,0,0,0,348,4,4,1,partial,31.2,medium
A04613,web_app,user_lan,medium,internal,1,1,6.7,0.608,1,1,337,1,452,11,23,2,full,99.6,critical
A04614,database,server_lan,low,internal,1,1,6.7,0.266,0,0,0,0,38,15,18,4,full,39.1,medium
A04615,workstation,dmz,high,internal,0,0,6.1,0.272,0,0,0,0,221,3,7,3,partial,31.8,medium
A04616,workstation,user_lan,low,internal,0,0,7.1,0.308,0,0,0,0,48,1,12,0,full,2.5,low
A04617,server,dmz,medium,restricted,1,1,6.7,0.217,0,0,0,0,23,13,24,5,full,87.5,critical
A04618,database,dmz,high,internal,1,1,6.1,0.416,0,0,0,0,21,8,12,3,full,56.7,high
A04619,workstation,user_lan,medium,internal,1,0,5.9,0.158,0,0,0,0,40,12,17,3,full,21.0,low
A04620,database,cloud,low,confidential,1,1,8.6,0.624,1,0,167,1,105,11,27,14,full,82.9,critical
A04621,server,server_lan,medium,confidential,1,1,7.4,0.26,0,0,0,0,20,16,19,4,full,69.7,high
A04622,firewall,cloud,medium,confidential,1,1,7.6,0.397,0,0,0,0,44,8,26,2,partial,79.8,critical
A04623,web_app,ot,critical,confidential,1,0,7.5,0.589,0,0,0,0,15,8,30,6,none,91.4,critical
A04624,cloud_vm,cloud,high,public,1,0,6.7,0.533,0,0,0,0,659,10,33,4,full,58.9,high
A04625,server,cloud,critical,public,1,1,7.8,0.505,0,0,0,0,37,5,20,8,full,79.5,critical
A04626,web_app,user_lan,low,public,1,1,8.6,0.465,0,0,0,0,51,11,28,4,partial,67.5,high
A04627,cloud_vm,server_lan,high,confidential,0,0,5.2,0.161,0,0,0,0,346,5,3,1,full,28.4,medium
A04628,workstation,server_lan,medium,restricted,1,1,8.1,0.491,0,0,0,0,11,8,21,5,full,47.1,medium
A04629,server,ot,high,internal,1,1,6.1,0.61,1,0,519,1,46,14,18,5,partial,89.6,critical
A04630,workstation,user_lan,medium,confidential,1,0,6.6,0.409,0,0,0,0,28,9,16,7,full,51.3,medium
A04631,workstation,cloud,low,confidential,0,1,7.5,0.464,0,0,0,0,43,3,7,1,full,30.8,medium
A04632,workstation,ot,low,restricted,0,0,9.1,0.846,0,0,0,0,714,3,5,2,none,49.8,medium
A04633,workstation,server_lan,high,internal,0,0,6.6,0.362,1,1,566,1,435,6,8,1,full,36.7,medium
A04634,workstation,server_lan,high,public,0,0,4.5,0.271,0,0,0,0,103,5,6,1,full,16.8,low
A04635,web_app,user_lan,low,confidential,1,0,8.0,0.362,0,0,0,0,320,6,19,3,full,54.9,high
A04636,server,dmz,high,confidential,1,1,3.9,0.28,0,0,0,0,50,6,28,1,full,53.1,high
A04637,workstation,user_lan,high,confidential,1,0,7.7,0.442,0,0,0,0,36,8,18,2,full,38.5,medium
A04638,web_app,cloud,medium,restricted,1,0,8.1,0.696,1,0,232,0,5,4,22,4,full,56.1,high
A04639,server,user_lan,medium,internal,0,1,7.1,0.362,0,0,0,0,511,7,9,0,partial,27.2,medium
A04640,server,server_lan,critical,confidential,1,1,4.6,0.408,0,0,0,0,351,5,18,3,full,63.7,high
A04641,server,cloud,high,internal,1,1,8.6,0.223,0,0,0,0,3,10,26,3,partial,75.8,critical
A04642,server,server_lan,high,internal,0,1,8.4,0.362,0,0,0,0,697,2,10,0,full,36.9,medium
A04643,database,cloud,high,internal,1,1,5.6,0.237,0,0,0,0,421,10,27,3,none,100.0,critical
A04644,server,dmz,high,public,1,0,6.0,0.609,1,0,96,1,122,5,23,8,partial,86.9,critical
A04645,workstation,cloud,low,public,1,0,7.2,0.163,0,0,0,0,8,8,33,3,full,34.4,medium
A04646,firewall,user_lan,critical,confidential,0,0,3.6,0.088,0,0,0,0,24,5,11,0,partial,27.3,medium
A04647,cloud_vm,user_lan,low,restricted,1,0,5.0,0.212,0,0,0,0,177,6,17,4,full,52.0,high
A04648,server,user_lan,high,internal,0,0,5.4,0.258,0,0,0,0,11,6,4,1,partial,35.9,medium
A04649,workstation,server_lan,critical,internal,0,1,4.0,0.329,0,0,0,0,722,2,7,0,partial,48.7,medium
A04650,database,user_lan,high,public,0,0,6.6,0.406,0,0,0,0,46,7,5,2,full,43.1,medium
A04651,cloud_vm,cloud,medium,internal,0,0,4.9,0.183,0,0,0,0,48,7,14,0,full,19.9,low
A04652,cloud_vm,cloud,low,internal,0,0,7.4,0.275,0,0,0,0,4,6,9,0,partial,21.7,low
A04653,server,server_lan,medium,confidential,1,0,5.7,0.372,0,0,0,0,31,8,17,1,full,53.1,high
A04654,server,user_lan,medium,restricted,1,1,9.2,0.335,0,0,0,0,41,10,19,3,full,63.9,high
A04655,workstation,cloud,low,internal,0,0,7.5,0.266,0,0,0,0,51,3,7,1,partial,8.2,low
A04656,cloud_vm,cloud,low,confidential,1,0,3.2,0.675,0,0,0,0,532,4,23,2,full,43.5,medium
A04657,cloud_vm,user_lan,critical,confidential,0,0,3.7,0.344,0,0,0,0,582,4,7,1,partial,46.5,medium
A04658,server,dmz,medium,public,1,1,6.9,0.259,1,0,223,1,323,17,14,5,full,85.9,critical
A04659,database,ot,medium,internal,1,1,6.2,0.405,0,0,0,0,30,8,22,6,full,65.4,high
A04660,server,server_lan,low,public,1,0,7.0,0.566,1,1,365,1,480,14,20,2,partial,86.1,critical
A04661,web_app,server_lan,high,internal,1,1,4.5,0.289,0,0,0,0,55,7,22,5,partial,74.1,critical
A04662,cloud_vm,cloud,medium,restricted,1,0,6.3,0.3,0,0,0,0,280,10,20,4,partial,79.5,critical
A04663,workstation,server_lan,high,internal,0,1,7.1,0.454,0,0,0,0,10,1,6,1,partial,40.5,medium
A04664,server,cloud,medium,internal,1,1,5.9,0.269,0,0,0,0,498,6,19,5,partial,61.7,high
A04665,database,dmz,low,public,1,0,7.2,0.389,0,0,0,0,40,12,18,3,full,43.7,medium
A04666,workstation,cloud,medium,internal,1,0,8.3,0.41,0,0,0,0,683,7,16,3,full,58.6,high
A04667,cloud_vm,ot,low,restricted,1,0,5.6,0.381,0,0,0,0,154,11,22,3,none,66.0,high
A04668,workstation,ot,high,internal,1,0,7.0,0.462,0,0,0,0,64,4,18,2,none,63.2,high
A04669,cloud_vm,ot,low,confidential,1,0,6.4,0.221,0,0,0,0,35,3,22,2,none,36.0,medium
A04670,workstation,cloud,low,public,1,0,5.3,0.295,1,0,166,0,11,4,28,6,full,39.5,medium
A04671,server,server_lan,medium,public,0,0,6.7,0.543,0,0,0,0,56,6,10,0,partial,28.8,medium
A04672,workstation,ot,low,internal,0,0,4.1,0.186,0,0,0,0,18,4,9,0,none,34.1,medium
A04673,server,ot,medium,restricted,0,0,8.4,0.373,0,0,0,0,687,7,9,0,none,49.4,medium
A04674,workstation,user_lan,medium,public,0,0,6.8,0.259,0,0,0,0,187,4,9,2,full,9.3,low
A04675,web_app,server_lan,critical,confidential,1,0,4.0,0.649,1,1,523,1,51,10,17,5,full,100.0,critical
A04676,server,dmz,low,public,1,0,8.5,0.156,0,0,0,0,622,10,21,5,partial,81.3,critical
A04677,server,user_lan,medium,confidential,1,0,7.3,0.267,0,0,0,0,55,12,25,0,full,64.0,high
A04678,server,user_lan,high,confidential,0,0,3.5,0.219,0,0,0,0,47,5,10,1,full,9.7,low
A04679,server,server_lan,low,confidential,1,0,7.3,0.43,0,0,0,0,622,8,18,7,full,69.1,high
A04680,cloud_vm,server_lan,medium,internal,0,0,4.2,0.143,0,0,0,0,8,5,6,0,partial,16.8,low
A04681,firewall,user_lan,high,public,0,1,6.4,0.266,0,0,0,0,338,4,8,2,partial,55.7,high
A04682,server,dmz,high,restricted,1,1,6.4,0.131,0,0,0,0,29,9,15,4,partial,80.0,critical
A04683,cloud_vm,ot,critical,confidential,1,0,5.7,0.202,0,0,0,0,16,10,20,2,partial,75.6,critical
A04684,web_app,server_lan,high,public,0,1,5.9,0.078,0,0,0,0,580,8,11,1,partial,43.4,medium
A04685,firewall,server_lan,medium,internal,1,1,4.9,0.359,1,0,531,1,50,9,26,8,partial,94.3,critical
A04686,workstation,dmz,critical,public,1,1,9.0,0.217,0,0,0,0,42,6,24,3,partial,70.1,high
A04687,workstation,cloud,low,internal,0,1,4.9,0.298,0,0,0,0,5,1,4,1,full,28.1,medium
A04688,workstation,cloud,medium,internal,1,0,9.0,0.642,1,0,260,1,447,10,31,6,partial,96.6,critical
A04689,cloud_vm,dmz,high,public,0,0,5.3,0.385,0,0,0,0,48,6,8,1,partial,17.8,low
A04690,web_app,server_lan,high,internal,0,0,4.6,0.109,0,0,0,0,51,2,5,0,partial,18.2,low
A04691,database,user_lan,critical,confidential,0,1,7.6,0.375,0,0,0,0,24,6,13,1,full,23.3,low
A04692,workstation,server_lan,low,restricted,1,0,6.5,0.313,0,0,0,0,327,6,21,2,full,48.2,medium
A04693,web_app,cloud,high,confidential,1,1,6.5,0.234,0,0,0,0,720,10,15,1,partial,80.4,critical
A04694,cloud_vm,dmz,low,internal,1,1,5.9,0.224,0,0,0,0,32,11,25,4,full,54.8,high
A04695,workstation,user_lan,high,confidential,0,1,4.0,0.225,0,0,0,0,50,3,9,0,partial,48.1,medium
A04696,web_app,server_lan,high,internal,1,0,8.1,0.396,1,1,586,1,694,12,24,6,full,86.3,critical
A04697,workstation,user_lan,low,confidential,0,1,7.6,0.488,0,0,0,0,48,9,5,1,full,31.1,medium
A04698,database,user_lan,high,public,0,0,5.5,0.439,0,0,0,0,41,3,4,1,full,34.2,medium
A04699,database,server_lan,medium,public,1,1,7.2,0.326,0,0,0,0,709,8,27,2,full,69.0,high
A04700,cloud_vm,server_lan,medium,confidential,0,1,7.4,0.23,0,0,0,0,50,5,10,1,full,39.1,medium
A04701,firewall,dmz,critical,public,1,0,7.5,0.137,0,0,0,0,8,7,25,6,full,52.5,high
A04702,workstation,dmz,high,confidential,1,0,6.9,0.542,0,0,0,0,550,9,25,3,full,84.9,critical
A04703,workstation,ot,medium,confidential,1,0,6.8,0.2,0,0,0,0,166,5,20,4,none,64.4,high
A04704,workstation,server_lan,low,public,0,0,7.1,0.434,0,0,0,0,12,2,7,2,full,17.4,low
A04705,server,server_lan,low,internal,0,0,6.9,0.517,0,0,0,0,190,3,1,0,full,20.3,low
A04706,workstation,dmz,low,confidential,1,0,7.6,0.61,1,0,218,1,223,8,20,11,partial,95.7,critical
A04707,server,cloud,medium,confidential,1,0,8.7,0.319,0,0,0,0,3,10,25,5,partial,78.8,critical
A04708,workstation,ot,medium,confidential,1,0,7.2,0.527,0,0,0,0,29,6,15,3,full,48.2,medium
A04709,server,cloud,medium,internal,1,1,4.3,0.223,0,0,0,0,4,7,22,2,full,56.1,high
A04710,workstation,user_lan,high,confidential,1,0,4.3,0.42,0,0,0,0,21,7,28,6,full,52.8,high
A04711,cloud_vm,cloud,low,internal,0,0,7.2,0.615,0,0,0,0,25,4,12,1,full,20.9,low
A04712,workstation,server_lan,medium,public,0,0,6.6,0.178,0,0,0,0,66,7,10,1,full,6.4,low
A04713,web_app,cloud,critical,confidential,1,0,5.9,0.238,0,0,0,0,260,5,18,2,partial,68.7,high
A04714,cloud_vm,cloud,low,internal,0,0,5.4,0.483,0,0,0,0,12,5,6,0,partial,5.8,low
A04715,database,dmz,high,public,1,0,7.5,0.414,0,0,0,0,8,7,28,2,none,74.8,critical
A04716,server,user_lan,low,internal,0,1,1.2,0.093,0,0,0,0,431,3,5,3,full,18.8,low
A04717,workstation,server_lan,medium,confidential,0,1,7.7,0.148,0,0,0,0,52,3,7,0,partial,28.5,medium
A04718,web_app,dmz,high,restricted,1,0,8.4,0.336,0,0,0,0,405,8,19,2,full,55.7,high
A04719,database,cloud,low,restricted,1,1,7.3,0.77,0,0,0,0,20,7,20,6,none,96.1,critical
A04720,server,dmz,medium,internal,1,0,5.7,0.153,0,0,0,0,40,7,18,5,full,41.2,medium
A04721,workstation,cloud,high,internal,0,0,3.8,0.291,0,0,0,0,444,1,5,2,full,26.9,medium
A04722,database,ot,low,confidential,1,0,8.8,0.3,0,0,0,0,624,7,36,1,partial,67.7,high
A04723,workstation,user_lan,high,internal,1,1,4.7,0.164,0,0,0,0,23,8,23,6,partial,61.5,high
A04724,web_app,server_lan,medium,internal,1,0,5.8,0.467,0,0,0,0,55,9,20,5,partial,50.3,medium
A04725,server,user_lan,low,internal,1,1,5.4,0.157,0,0,0,0,672,13,16,5,full,41.0,medium
A04726,workstation,cloud,high,confidential,1,0,6.9,0.449,0,0,0,0,111,5,23,5,full,67.1,high
A04727,cloud_vm,server_lan,medium,confidential,1,1,7.1,0.164,0,0,0,0,18,8,19,6,full,59.6,high
A04728,workstation,server_lan,low,internal,0,0,8.5,0.523,0,0,0,0,137,5,5,2,full,22.7,low
A04729,web_app,user_lan,critical,public,0,0,5.7,0.316,0,0,0,0,4,5,4,1,full,12.6,low
A04730,workstation,ot,medium,confidential,1,0,5.0,0.18,0,0,0,0,53,7,26,5,full,55.0,high
A04731,workstation,server_lan,high,confidential,0,0,6.9,0.444,1,1,26,1,52,1,8,2,partial,44.4,medium
A04732,cloud_vm,server_lan,low,public,0,1,5.3,0.265,0,0,0,0,304,5,14,1,full,11.2,low
A04733,workstation,ot,low,internal,1,0,6.7,0.246,0,0,0,0,28,7,17,5,none,49.8,medium
A04734,server,server_lan,high,restricted,1,0,6.4,0.186,0,0,0,0,43,6,26,5,partial,61.4,high
A04735,cloud_vm,dmz,high,confidential,1,1,7.8,0.48,0,0,0,0,56,8,24,4,partial,75.7,critical
A04736,cloud_vm,user_lan,low,confidential,0,1,6.7,0.37,0,0,0,0,261,7,5,0,full,16.6,low
A04737,web_app,dmz,high,confidential,1,0,5.8,0.118,0,0,0,0,32,5,16,3,full,29.1,medium
A04738,server,server_lan,medium,restricted,1,1,8.2,0.503,0,0,0,0,620,7,24,4,full,79.6,critical
A04739,server,user_lan,medium,internal,0,1,7.0,0.192,1,0,268,1,52,1,3,2,full,28.2,medium
A04740,web_app,user_lan,high,internal,1,0,8.3,0.301,0,0,0,0,26,14,20,5,full,53.0,high
A04741,server,user_lan,medium,internal,0,0,5.4,0.355,0,0,0,0,13,2,12,1,full,33.3,medium
A04742,server,server_lan,medium,confidential,1,0,8.7,0.509,0,0,0,0,10,12,23,7,full,76.8,critical
A04743,cloud_vm,user_lan,high,public,0,0,6.0,0.403,0,0,0,0,134,6,4,1,full,17.8,low
A04744,workstation,user_lan,medium,public,0,0,7.2,0.317,0,0,0,0,11,5,7,1,full,19.0,low
A04745,server,cloud,critical,internal,1,1,2.9,0.297,0,0,0,0,6,6,23,3,full,54.1,high
A04746,server,cloud,high,confidential,0,0,4.6,0.425,0,0,0,0,41,2,8,3,full,31.5,medium
A04747,workstation,user_lan,medium,confidential,1,0,9.0,0.29,0,0,0,0,34,3,22,1,full,26.8,medium
A04748,web_app,cloud,medium,internal,1,1,5.0,0.283,0,0,0,0,47,9,13,6,full,46.3,medium
A04749,cloud_vm,cloud,critical,internal,1,0,8.0,0.521,0,0,0,0,394,7,20,4,full,59.1,high
A04750,server,dmz,critical,confidential,1,0,9.1,0.225,0,0,0,0,49,6,23,3,full,64.6,high
A04751,server,ot,low,public,1,0,6.4,0.214,0,0,0,0,364,7,22,6,none,84.8,critical
A04752,database,cloud,low,confidential,1,1,5.2,0.219,0,0,0,0,9,6,28,1,full,49.9,medium
A04753,workstation,server_lan,medium,public,0,0,7.9,0.26,0,0,0,0,3,1,4,3,full,0.0,low
A04754,database,dmz,high,restricted,1,0,4.2,0.318,0,0,0,0,567,7,25,1,full,63.3,high
A04755,firewall,user_lan,critical,internal,1,1,4.2,0.147,0,0,0,0,28,9,30,4,full,67.7,high
A04756,database,user_lan,high,confidential,1,0,5.6,0.459,0,0,0,0,286,10,17,6,full,55.3,high
A04757,workstation,cloud,low,public,0,1,4.1,0.41,0,0,0,0,282,4,6,1,full,15.5,low
A04758,firewall,user_lan,critical,internal,1,1,9.0,0.218,1,0,185,1,686,10,18,4,partial,100.0,critical
A04759,server,dmz,low,confidential,1,0,5.1,0.509,0,0,0,0,181,8,21,5,full,73.2,critical
A04760,firewall,server_lan,medium,internal,0,0,5.7,0.265,0,0,0,0,252,1,4,0,partial,21.7,low
A04761,database,cloud,medium,confidential,1,1,5.7,0.302,0,0,0,0,43,4,18,1,full,46.9,medium
A04762,database,dmz,medium,confidential,0,1,8.3,0.507,0,0,0,0,551,2,16,1,full,52.2,high
A04763,firewall,cloud,medium,confidential,1,0,7.5,0.368,0,0,0,0,8,4,16,6,none,90.1,critical
A04764,database,server_lan,low,restricted,0,1,6.2,0.393,0,0,0,0,37,4,7,2,full,34.8,medium
A04765,workstation,user_lan,low,internal,1,0,6.5,0.382,0,0,0,0,610,8,14,2,partial,49.8,medium
A04766,workstation,user_lan,high,restricted,1,0,4.6,0.4,0,0,0,0,3,7,18,1,full,42.7,medium
A04767,web_app,server_lan,low,internal,1,0,6.4,0.442,0,0,0,0,7,3,19,3,partial,44.2,medium
A04768,database,user_lan,medium,internal,0,0,6.1,0.133,0,0,0,0,483,7,6,0,full,6.8,low
A04769,server,user_lan,low,confidential,0,1,3.6,0.513,0,0,0,0,297,4,6,1,partial,36.0,medium
A04770,web_app,dmz,medium,public,1,1,4.0,0.235,0,0,0,0,83,6,20,1,full,16.9,low
A04771,web_app,server_lan,low,public,0,0,7.6,0.294,0,0,0,0,90,1,8,2,full,19.1,low
A04772,workstation,cloud,high,public,1,1,6.2,0.462,0,0,0,0,24,7,23,6,full,64.8,high
A04773,server,cloud,medium,internal,1,1,6.5,0.169,0,0,0,0,54,5,15,3,full,54.8,high
A04774,workstation,user_lan,low,confidential,1,0,9.1,0.753,0,0,0,0,359,6,12,3,full,76.0,critical
A04775,server,cloud,high,public,0,1,5.8,0.193,0,0,0,0,665,7,8,1,full,34.7,medium
A04776,server,dmz,low,public,1,0,7.6,0.374,0,0,0,0,16,6,20,4,full,48.6,medium
A04777,workstation,dmz,high,internal,1,0,7.1,0.347,0,0,0,0,24,8,13,3,full,55.7,high
A04778,server,user_lan,low,internal,0,1,4.8,0.267,0,0,0,0,29,6,11,0,partial,14.9,low
A04779,workstation,user_lan,critical,public,0,0,9.1,0.439,0,0,0,0,8,2,6,2,full,16.5,low
A04780,web_app,cloud,low,public,1,1,3.5,0.536,0,0,0,0,601,7,30,2,full,55.7,high
A04781,workstation,server_lan,medium,restricted,0,0,5.3,0.374,0,0,0,0,264,1,9,1,full,33.7,medium
A04782,firewall,user_lan,medium,confidential,1,1,5.8,0.28,0,0,0,0,648,6,13,3,partial,63.2,high
A04783,cloud_vm,user_lan,medium,internal,0,0,7.5,0.122,0,0,0,0,20,7,9,2,partial,23.0,low
A04784,web_app,server_lan,high,internal,1,1,6.5,0.441,0,0,0,0,324,8,23,3,full,65.4,high
A04785,firewall,user_lan,low,public,0,0,4.5,0.511,0,0,0,0,718,2,10,1,full,29.0,medium
A04786,cloud_vm,user_lan,medium,internal,0,0,5.0,0.158,0,0,0,0,28,2,4,2,partial,16.5,low
A04787,workstation,server_lan,high,internal,1,0,5.4,0.301,0,0,0,0,20,13,12,3,full,38.2,medium
A04788,cloud_vm,server_lan,critical,restricted,1,0,9.2,0.306,0,0,0,0,56,17,25,3,partial,84.2,critical
A04789,server,server_lan,medium,confidential,1,1,6.7,0.532,0,0,0,0,22,8,22,5,full,57.3,high
A04790,web_app,ot,medium,internal,0,0,8.5,0.738,0,0,0,0,445,9,9,1,none,56.4,high
A04791,database,server_lan,high,public,0,1,7.5,0.205,0,0,0,0,27,3,12,2,full,24.3,medium
A04792,server,dmz,high,confidential,1,1,6.9,0.46,0,0,0,0,639,9,27,5,full,63.9,high
A04793,workstation,dmz,critical,restricted,0,0,7.1,0.329,0,0,0,0,584,1,7,2,full,52.2,high
A04794,firewall,dmz,high,public,1,0,3.1,0.242,0,0,0,0,678,8,15,7,full,57.8,high
A04795,workstation,server_lan,medium,restricted,0,0,6.0,0.418,1,1,218,1,319,3,9,5,full,28.9,medium
A04796,server,user_lan,high,public,0,0,7.1,0.253,0,0,0,0,611,5,12,0,full,33.5,medium
A04797,server,dmz,medium,confidential,1,0,5.3,0.235,0,0,0,0,221,10,25,5,partial,68.0,high
A04798,database,server_lan,low,public,1,1,7.8,0.325,0,0,0,0,190,9,17,5,full,54.1,high
A04799,cloud_vm,dmz,high,confidential,1,0,5.2,0.197,0,0,0,0,58,9,20,10,full,76.7,critical
A04800,cloud_vm,server_lan,medium,internal,1,0,6.6,0.251,0,0,0,0,499,11,32,4,partial,66.6,high
A04801,workstation,dmz,low,internal,1,0,6.9,0.818,0,0,0,0,53,10,26,5,full,57.1,high
A04802,server,user_lan,high,confidential,1,1,6.9,0.173,0,0,0,0,27,10,20,5,full,67.8,high
A04803,server,user_lan,low,confidential,0,0,3.7,0.271,0,0,0,0,252,5,3,1,partial,21.9,low
A04804,database,cloud,low,confidential,1,0,6.9,0.252,0,0,0,0,443,7,29,3,full,55.4,high
A04805,cloud_vm,server_lan,medium,public,1,1,6.6,0.211,0,0,0,0,247,8,24,3,full,48.8,medium
A04806,web_app,cloud,high,confidential,0,1,4.0,0.259,0,0,0,0,21,4,10,1,none,39.1,medium
A04807,workstation,user_lan,medium,public,0,1,6.7,0.322,0,0,0,0,400,1,16,2,full,19.1,low
A04808,web_app,dmz,low,confidential,1,1,6.7,0.199,0,0,0,0,309,7,22,7,full,68.5,high
A04809,workstation,user_lan,medium,public,1,1,6.1,0.147,0,0,0,0,5,4,17,2,partial,53.1,high
A04810,database,cloud,low,internal,1,0,8.2,0.254,0,0,0,0,257,7,23,0,full,34.6,medium
A04811,database,server_lan,critical,internal,0,0,8.0,0.712,0,0,0,0,37,7,9,5,full,45.6,medium
A04812,web_app,server_lan,low,restricted,1,1,3.0,0.194,0,0,0,0,187,8,20,2,none,62.3,high
A04813,database,user_lan,high,confidential,0,0,4.2,0.639,0,0,0,0,65,2,11,2,none,47.2,medium
A04814,firewall,dmz,low,public,1,0,5.4,0.214,0,0,0,0,448,12,27,4,none,79.7,critical
A04815,workstation,ot,low,confidential,0,1,7.3,0.333,0,0,0,0,628,2,3,1,none,53.4,high
A04816,server,server_lan,medium,public,1,0,8.1,0.41,0,0,0,0,55,13,17,2,full,43.4,medium
A04817,server,dmz,high,internal,1,0,4.7,0.181,0,0,0,0,607,9,25,2,full,70.7,high
A04818,database,dmz,critical,internal,1,1,4.3,0.337,0,0,0,0,58,10,28,5,partial,82.0,critical
A04819,database,server_lan,medium,confidential,1,1,5.4,0.129,1,0,304,1,73,10,22,4,full,77.2,critical
A04820,database,cloud,medium,restricted,0,0,4.4,0.345,0,0,0,0,24,9,14,1,partial,28.9,medium
A04821,web_app,cloud,low,restricted,0,1,7.1,0.314,0,0,0,0,350,5,8,4,full,43.9,medium
A04822,workstation,ot,medium,public,1,0,6.5,0.32,0,0,0,0,2,12,19,5,none,76.9,critical
A04823,web_app,user_lan,medium,public,0,0,5.6,0.463,0,0,0,0,590,5,9,0,none,23.7,medium
A04824,web_app,user_lan,critical,confidential,1,0,9.4,0.466,0,0,0,0,545,11,18,4,none,100.0,critical
A04825,workstation,server_lan,medium,internal,0,0,3.9,0.121,0,0,0,0,580,3,5,1,full,15.9,low
A04826,workstation,dmz,high,confidential,1,1,7.0,0.504,0,0,0,0,70,5,29,0,full,60.9,high
A04827,server,ot,high,restricted,1,1,7.8,0.316,0,0,0,0,298,8,13,3,partial,90.2,critical
A04828,workstation,user_lan,low,public,1,0,4.0,0.097,0,0,0,0,419,8,20,6,full,33.9,medium
A04829,cloud_vm,user_lan,medium,internal,1,0,4.8,0.186,0,0,0,0,448,11,16,7,full,52.9,high
A04830,cloud_vm,user_lan,critical,restricted,0,0,5.5,0.291,0,0,0,0,51,5,9,1,partial,43.1,medium
A04831,web_app,cloud,medium,confidential,1,1,5.6,0.211,0,0,0,0,15,11,24,2,full,69.7,high
A04832,workstation,server_lan,medium,restricted,1,0,5.0,0.441,0,0,0,0,479,3,27,5,full,64.7,high
A04833,web_app,user_lan,high,confidential,0,1,6.7,0.371,0,0,0,0,474,7,5,1,full,44.2,medium
A04834,cloud_vm,user_lan,low,internal,1,1,7.9,0.315,0,0,0,0,48,10,17,5,full,56.7,high
A04835,workstation,cloud,critical,confidential,1,0,5.1,0.397,0,0,0,0,425,7,24,4,full,56.2,high
A04836,cloud_vm,dmz,medium,confidential,1,0,6.4,0.371,1,1,215,0,11,3,28,5,full,88.2,critical
A04837,server,server_lan,medium,restricted,1,0,7.8,0.407,0,0,0,0,607,9,18,4,full,68.7,high
A04838,server,user_lan,medium,internal,0,0,8.0,0.233,0,0,0,0,53,5,8,0,partial,29.7,medium
A04839,server,cloud,medium,internal,1,0,7.6,0.302,0,0,0,0,636,1,27,4,full,54.6,high
A04840,server,ot,low,internal,1,1,5.5,0.25,0,0,0,0,14,7,14,1,none,69.0,high
A04841,cloud_vm,user_lan,low,internal,0,1,6.8,0.223,0,0,0,0,22,6,7,0,partial,13.4,low
A04842,workstation,server_lan,medium,restricted,1,0,6.0,0.314,0,0,0,0,36,10,14,1,full,44.6,medium
A04843,workstation,server_lan,medium,restricted,0,0,4.6,0.211,0,0,0,0,353,4,5,1,full,23.1,low
A04844,workstation,user_lan,medium,internal,0,0,5.0,0.171,0,0,0,0,47,4,7,2,partial,28.9,medium
A04845,workstation,server_lan,low,restricted,0,0,3.5,0.186,0,0,0,0,49,3,12,0,full,8.8,low
A04846,workstation,user_lan,low,internal,0,0,4.1,0.246,0,0,0,0,166,3,7,1,full,0.9,low
A04847,server,cloud,low,restricted,0,1,8.5,0.622,0,0,0,0,14,6,8,1,full,28.0,medium
A04848,web_app,server_lan,medium,confidential,1,1,7.6,0.497,0,0,0,0,8,10,26,4,none,89.9,critical
A04849,server,server_lan,low,confidential,0,1,8.3,0.289,0,0,0,0,554,2,11,1,full,26.9,medium
A04850,cloud_vm,dmz,low,confidential,1,1,6.6,0.385,0,0,0,0,18,7,16,7,partial,62.3,high
A04851,server,server_lan,medium,confidential,0,1,8.4,0.458,0,0,0,0,42,5,8,1,partial,43.0,medium
A04852,web_app,user_lan,high,restricted,0,1,8.2,0.108,0,0,0,0,672,2,6,0,full,30.6,medium
A04853,cloud_vm,server_lan,high,internal,1,1,5.8,0.381,0,0,0,0,155,11,16,4,full,46.6,medium
A04854,server,server_lan,low,restricted,1,0,8.8,0.32,0,0,0,0,10,10,19,4,partial,55.4,high
A04855,server,dmz,high,public,0,1,4.2,0.232,0,0,0,0,213,4,11,1,full,48.4,medium
A04856,firewall,dmz,medium,public,1,0,4.2,0.37,0,0,0,0,651,6,21,0,partial,57.4,high
A04857,database,user_lan,medium,confidential,0,0,2.5,0.194,0,0,0,0,533,3,4,0,full,12.2,low
A04858,web_app,user_lan,low,confidential,1,0,5.3,0.549,0,0,0,0,405,3,24,4,partial,60.4,high
A04859,server,user_lan,low,restricted,0,0,7.5,0.356,0,0,0,0,38,3,9,0,partial,31.5,medium
A04860,workstation,user_lan,medium,internal,1,0,5.7,0.203,0,0,0,0,35,6,19,4,partial,55.5,high
A04861,database,server_lan,low,public,0,1,3.1,0.062,0,0,0,0,57,3,8,0,partial,0.0,low
A04862,cloud_vm,user_lan,high,internal,1,0,4.5,0.14,0,0,0,0,485,3,22,4,full,50.7,medium
A04863,workstation,dmz,medium,restricted,0,0,7.4,0.175,0,0,0,0,53,5,6,0,full,23.5,medium
A04864,cloud_vm,ot,low,restricted,0,0,5.8,0.324,0,0,0,0,59,6,4,0,full,24.3,medium
A04865,web_app,dmz,low,restricted,1,0,6.2,0.271,1,0,210,1,36,9,27,9,full,63.2,high
A04866,server,user_lan,low,internal,0,0,6.4,0.202,0,0,0,0,125,2,8,1,full,6.6,low
A04867,workstation,dmz,medium,restricted,1,0,3.1,0.349,1,0,193,1,707,5,19,4,full,63.0,high
A04868,server,cloud,low,public,1,1,8.2,0.448,0,0,0,0,57,9,18,0,partial,40.1,medium
A04869,workstation,server_lan,medium,restricted,1,0,6.5,0.231,0,0,0,0,461,7,18,7,partial,71.2,high
A04870,web_app,ot,low,confidential,1,0,5.0,0.297,0,0,0,0,224,9,28,3,partial,53.1,high
A04871,workstation,dmz,medium,internal,1,0,7.0,0.248,0,0,0,0,564,8,24,2,partial,56.8,high
A04872,workstation,cloud,critical,confidential,0,0,5.8,0.364,0,0,0,0,417,5,5,2,partial,41.8,medium
A04873,web_app,user_lan,high,confidential,0,0,7.2,0.364,0,0,0,0,353,3,8,1,full,18.8,low
A04874,web_app,server_lan,medium,internal,1,1,3.5,0.098,0,0,0,0,25,4,18,5,full,45.9,medium
A04875,database,server_lan,medium,public,0,0,8.4,0.551,0,0,0,0,7,7,6,2,full,24.6,medium
A04876,database,server_lan,high,confidential,0,0,5.0,0.345,0,0,0,0,433,7,8,0,partial,33.6,medium
A04877,server,cloud,critical,restricted,1,0,5.0,0.054,0,0,0,0,59,9,25,3,full,55.4,high
A04878,web_app,cloud,medium,confidential,1,0,7.0,0.289,0,0,0,0,36,11,21,3,full,50.4,medium
A04879,workstation,server_lan,low,public,0,0,6.0,0.793,1,0,46,1,38,5,8,2,full,28.6,medium
A04880,workstation,server_lan,high,confidential,1,1,7.3,0.16,0,0,0,0,36,11,28,2,full,65.7,high
A04881,server,server_lan,low,public,1,0,8.6,0.197,0,0,0,0,32,9,22,3,full,35.0,medium
A04882,web_app,dmz,high,internal,0,1,6.8,0.218,0,0,0,0,252,5,9,0,full,34.3,medium
A04883,web_app,user_lan,low,public,0,1,7.6,0.251,0,0,0,0,425,4,3,0,full,24.8,medium
A04884,workstation,server_lan,low,internal,0,1,6.2,0.63,0,0,0,0,156,1,10,1,full,27.1,medium
A04885,cloud_vm,server_lan,high,internal,0,1,6.8,0.318,0,0,0,0,31,3,11,0,partial,26.7,medium
A04886,cloud_vm,cloud,high,public,1,0,6.5,0.374,1,0,134,0,17,8,22,4,full,65.0,high
A04887,server,cloud,medium,internal,1,1,6.3,0.389,0,0,0,0,250,9,24,6,partial,65.2,high
A04888,web_app,cloud,high,confidential,0,1,7.5,0.349,1,0,175,1,418,1,10,4,full,67.3,high
A04889,workstation,dmz,high,internal,1,0,7.0,0.487,0,0,0,0,209,10,19,6,full,65.8,high
A04890,firewall,ot,medium,public,1,0,4.0,0.12,0,0,0,0,8,5,21,0,partial,30.4,medium
A04891,server,user_lan,critical,internal,1,0,7.6,0.471,0,0,0,0,42,8,24,6,full,69.8,high
A04892,workstation,user_lan,medium,confidential,0,0,7.5,0.246,0,0,0,0,614,2,11,1,full,25.9,medium
A04893,workstation,dmz,low,confidential,1,0,8.0,0.233,0,0,0,0,55,9,26,3,full,45.3,medium
A04894,workstation,cloud,high,internal,0,0,6.5,0.495,0,0,0,0,481,4,5,2,full,46.1,medium
A04895,web_app,user_lan,medium,confidential,1,0,7.3,0.57,0,0,0,0,25,5,20,1,partial,72.7,critical
A04896,database,cloud,high,confidential,1,1,5.6,0.203,0,0,0,0,52,7,15,2,full,39.6,medium
A04897,server,user_lan,low,confidential,1,1,5.9,0.405,1,0,180,0,8,6,30,6,full,66.0,high
A04898,database,cloud,low,internal,0,0,6.8,0.409,0,0,0,0,53,5,8,0,full,16.8,low
A04899,cloud_vm,user_lan,low,public,0,0,6.3,0.307,0,0,0,0,48,4,3,0,full,0.0,low
A04900,cloud_vm,ot,medium,internal,0,0,6.0,0.306,0,0,0,0,418,6,9,0,none,70.7,high
A04901,database,server_lan,high,internal,1,0,3.7,0.298,0,0,0,0,34,9,28,5,full,51.6,high
A04902,workstation,server_lan,medium,internal,1,0,4.3,0.32,0,0,0,0,21,5,19,4,full,25.5,medium
A04903,server,user_lan,low,restricted,1,1,7.8,0.341,0,0,0,0,34,10,20,1,full,53.9,high
A04904,cloud_vm,user_lan,medium,public,0,1,4.8,0.107,0,0,0,0,581,1,11,1,partial,43.2,medium
A04905,web_app,user_lan,medium,internal,1,0,3.2,0.411,0,0,0,0,23,11,24,3,partial,66.0,high
A04906,database,user_lan,high,restricted,0,1,3.2,0.179,0,0,0,0,15,4,4,1,partial,65.5,high
A04907,cloud_vm,user_lan,high,confidential,1,0,5.0,0.393,1,0,219,0,13,10,19,3,partial,78.0,critical
A04908,server,cloud,low,public,1,1,5.2,0.414,0,0,0,0,69,14,21,2,partial,39.3,medium
A04909,web_app,server_lan,medium,restricted,1,1,5.2,0.427,0,0,0,0,53,12,22,2,full,54.1,high
A04910,server,cloud,high,internal,1,0,6.0,0.264,0,0,0,0,12,8,22,2,full,43.9,medium
A04911,server,dmz,low,public,1,1,8.4,0.317,0,0,0,0,0,18,21,4,full,54.3,high
A04912,database,user_lan,medium,internal,1,1,7.2,0.306,0,0,0,0,30,13,25,3,full,46.7,medium
A04913,workstation,cloud,medium,internal,1,1,5.5,0.461,0,0,0,0,2,5,24,3,partial,47.6,medium
A04914,firewall,server_lan,medium,confidential,0,1,4.1,0.492,0,0,0,0,58,1,7,1,full,20.3,low
A04915,workstation,server_lan,low,public,1,0,4.8,0.193,0,0,0,0,566,13,22,10,full,50.1,medium
A04916,cloud_vm,server_lan,low,confidential,0,0,5.8,0.405,0,0,0,0,127,4,8,0,partial,36.4,medium
A04917,cloud_vm,user_lan,high,public,0,0,5.6,0.353,0,0,0,0,24,6,9,2,full,30.4,medium
A04918,web_app,server_lan,low,restricted,1,1,7.0,0.255,0,0,0,0,656,3,18,2,full,59.0,high
A04919,firewall,dmz,high,public,1,0,7.3,0.375,0,0,0,0,166,11,15,3,partial,61.4,high
A04920,workstation,cloud,medium,restricted,1,0,5.3,0.412,0,0,0,0,48,5,15,3,full,47.2,medium
A04921,workstation,server_lan,medium,public,1,1,8.1,0.282,0,0,0,0,693,7,15,4,full,58.4,high
A04922,server,user_lan,high,restricted,1,0,5.7,0.399,0,0,0,0,53,10,19,2,full,46.0,medium
A04923,workstation,user_lan,medium,confidential,0,0,5.1,0.347,0,0,0,0,460,3,7,0,partial,13.2,low
A04924,cloud_vm,dmz,low,confidential,1,0,9.0,0.219,0,0,0,0,49,10,12,6,full,48.6,medium
A04925,database,dmz,low,public,1,0,8.1,0.594,0,0,0,0,45,8,20,2,full,40.8,medium
A04926,workstation,ot,high,confidential,0,0,6.8,0.318,0,0,0,0,468,6,8,1,full,25.8,medium
A04927,server,user_lan,medium,confidential,1,1,8.2,0.186,0,0,0,0,41,12,13,2,full,58.2,high
A04928,database,dmz,high,internal,1,0,3.8,0.186,0,0,0,0,537,14,22,2,full,56.5,high
A04929,web_app,cloud,medium,confidential,1,0,6.2,0.397,0,0,0,0,287,5,9,7,full,46.6,medium
A04930,workstation,user_lan,medium,restricted,1,0,5.3,0.369,0,0,0,0,247,6,18,4,full,43.4,medium
A04931,cloud_vm,dmz,low,restricted,0,0,5.2,0.335,0,0,0,0,157,8,6,0,partial,46.5,medium
A04932,web_app,user_lan,low,internal,1,1,5.1,0.298,0,0,0,0,53,12,25,4,partial,68.3,high
A04933,cloud_vm,user_lan,high,public,1,0,8.1,0.509,0,0,0,0,13,9,16,3,full,42.1,medium
A04934,workstation,server_lan,low,public,0,0,7.8,0.59,0,0,0,0,718,1,5,2,partial,16.6,low
A04935,web_app,cloud,critical,confidential,0,1,9.6,0.521,0,0,0,0,6,1,4,3,partial,65.6,high
A04936,server,server_lan,low,restricted,1,0,8.7,0.476,0,0,0,0,18,13,28,3,full,63.9,high
A04937,workstation,server_lan,medium,internal,0,0,5.2,0.267,0,0,0,0,51,5,9,1,partial,5.5,low
A04938,web_app,server_lan,low,public,0,0,6.5,0.376,0,0,0,0,663,7,3,0,partial,9.1,low
A04939,web_app,cloud,high,internal,0,0,7.9,0.278,0,0,0,0,45,4,7,0,full,19.5,low
A04940,server,user_lan,low,internal,1,1,8.9,0.508,0,0,0,0,476,12,26,2,full,64.4,high
A04941,cloud_vm,ot,medium,restricted,0,1,5.3,0.375,0,0,0,0,11,4,8,0,none,42.0,medium
A04942,server,server_lan,critical,confidential,1,1,7.8,0.188,0,0,0,0,415,10,22,2,partial,99.5,critical
A04943,web_app,cloud,high,public,1,0,5.6,0.334,0,0,0,0,690,9,14,1,full,55.1,high
A04944,firewall,user_lan,low,internal,1,1,4.6,0.358,0,0,0,0,42,12,24,5,full,34.7,medium
A04945,database,server_lan,high,public,1,0,7.5,0.213,1,0,534,0,15,5,15,5,full,64.4,high
A04946,cloud_vm,dmz,medium,confidential,1,0,8.4,0.237,0,0,0,0,19,13,14,2,full,60.9,high
A04947,web_app,cloud,low,confidential,1,0,4.7,0.294,0,0,0,0,622,11,27,3,full,62.3,high
A04948,cloud_vm,server_lan,medium,public,1,1,5.8,0.228,0,0,0,0,407,12,21,2,partial,67.9,high
A04949,web_app,user_lan,high,internal,0,1,6.1,0.467,0,0,0,0,23,7,9,0,none,52.3,high
A04950,web_app,user_lan,medium,restricted,1,0,7.0,0.53,1,1,129,1,34,6,32,4,partial,90.1,critical
A04951,server,dmz,high,confidential,1,0,8.6,0.257,0,0,0,0,12,8,24,2,partial,85.0,critical
A04952,cloud_vm,ot,high,confidential,0,1,6.8,0.2,0,0,0,0,703,7,7,0,full,46.3,medium
A04953,server,cloud,medium,internal,1,1,5.8,0.598,0,0,0,0,661,9,24,2,partial,71.3,high
A04954,firewall,user_lan,medium,restricted,0,0,8.9,0.253,0,0,0,0,729,10,11,0,full,46.3,medium
A04955,server,user_lan,high,confidential,0,0,3.4,0.102,0,0,0,0,566,6,9,0,partial,29.6,medium
A04956,server,user_lan,medium,restricted,0,0,5.2,0.19,0,0,0,0,52,3,7,1,full,9.5,low
A04957,cloud_vm,cloud,low,public,1,1,5.6,0.258,0,0,0,0,53,4,31,4,partial,48.3,medium
A04958,workstation,dmz,medium,public,1,0,4.3,0.299,0,0,0,0,13,9,16,4,full,20.3,low
A04959,workstation,user_lan,high,public,0,1,8.6,0.444,0,0,0,0,420,4,12,0,full,43.0,medium
A04960,web_app,server_lan,low,restricted,1,0,7.8,0.344,0,0,0,0,384,11,18,2,full,64.2,high
A04961,server,user_lan,low,confidential,1,1,7.9,0.277,0,0,0,0,16,9,21,5,partial,52.9,high
A04962,server,user_lan,low,public,1,1,6.3,0.405,0,0,0,0,271,11,27,3,partial,60.7,high
A04963,database,server_lan,low,restricted,0,1,8.8,0.483,0,0,0,0,170,6,10,2,full,28.2,medium
A04964,workstation,ot,critical,restricted,1,1,7.9,0.244,0,0,0,0,48,10,21,3,none,98.3,critical
A04965,server,dmz,medium,internal,1,1,7.8,0.344,0,0,0,0,10,11,24,5,full,54.8,high
A04966,server,dmz,high,confidential,1,0,8.0,0.572,0,0,0,0,315,13,25,2,full,75.3,critical
A04967,workstation,server_lan,high,confidential,1,0,4.8,0.207,0,0,0,0,29,8,20,4,partial,58.2,high
A04968,workstation,user_lan,medium,public,0,0,5.9,0.682,0,0,0,0,144,3,9,1,partial,16.4,low
A04969,server,server_lan,high,confidential,0,1,7.0,0.147,0,0,0,0,45,4,4,3,full,21.7,low
A04970,web_app,user_lan,critical,internal,1,0,5.7,0.422,0,0,0,0,40,10,26,8,full,53.9,high
A04971,web_app,cloud,high,restricted,1,0,5.8,0.267,0,0,0,0,685,10,16,2,full,57.7,high
A04972,server,dmz,high,confidential,1,0,7.2,0.183,0,0,0,0,15,10,20,3,full,59.9,high
A04973,workstation,ot,medium,restricted,0,1,8.0,0.533,1,0,182,1,460,3,10,5,none,92.5,critical
A04974,cloud_vm,server_lan,high,confidential,1,0,4.6,0.225,0,0,0,0,19,9,20,7,full,63.7,high
A04975,web_app,user_lan,low,public,1,1,5.1,0.231,0,0,0,0,407,8,21,1,partial,53.8,high
A04976,workstation,dmz,high,internal,0,1,6.2,0.447,0,0,0,0,549,4,6,0,partial,52.9,high
A04977,database,user_lan,medium,confidential,0,1,7.0,0.495,0,0,0,0,49,5,10,2,full,43.6,medium
A04978,server,cloud,medium,internal,1,0,6.8,0.473,1,0,170,1,45,8,29,2,full,44.3,medium
A04979,cloud_vm,dmz,critical,confidential,1,1,6.8,0.492,0,0,0,0,36,4,31,3,full,87.3,critical
A04980,cloud_vm,dmz,medium,internal,1,1,4.1,0.321,1,1,310,1,335,12,20,7,full,90.6,critical
A04981,cloud_vm,server_lan,low,public,1,0,2.4,0.142,0,0,0,0,53,10,27,3,partial,33.0,medium
A04982,server,dmz,high,internal,1,1,4.9,0.117,0,0,0,0,46,6,16,2,partial,74.3,critical
A04983,workstation,ot,critical,confidential,0,1,7.3,0.226,0,0,0,0,52,2,4,0,partial,56.4,high
A04984,server,user_lan,high,internal,0,0,5.7,0.092,0,0,0,0,725,8,5,0,full,49.6,medium
A04985,workstation,user_lan,high,confidential,0,0,4.8,0.552,0,0,0,0,689,3,5,1,full,7.5,low
A04986,workstation,ot,high,internal,1,1,5.5,0.496,0,0,0,0,89,10,28,5,full,76.4,critical
A04987,web_app,cloud,high,confidential,1,1,4.5,0.149,0,0,0,0,59,3,24,3,full,56.5,high
A04988,server,cloud,medium,confidential,0,1,8.3,0.339,0,0,0,0,444,2,8,2,partial,71.9,high
A04989,cloud_vm,server_lan,medium,confidential,1,0,3.2,0.061,0,0,0,0,186,8,25,4,partial,41.6,medium
A04990,server,server_lan,high,internal,1,0,5.8,0.237,0,0,0,0,56,7,22,3,full,29.8,medium
A04991,server,server_lan,critical,internal,0,1,9.5,0.225,0,0,0,0,514,5,5,1,full,46.6,medium
A04992,cloud_vm,server_lan,low,public,0,0,4.4,0.248,1,0,680,1,690,6,6,4,full,12.5,low
A04993,web_app,server_lan,low,confidential,1,0,7.1,0.437,0,0,0,0,383,8,15,4,full,56.6,high
A04994,workstation,server_lan,medium,public,1,0,7.7,0.235,0,0,0,0,8,9,23,2,partial,18.0,low
A04995,web_app,server_lan,high,restricted,1,0,5.7,0.346,0,0,0,0,58,9,24,3,none,83.2,critical
A04996,server,user_lan,high,confidential,1,0,7.4,0.27,0,0,0,0,34,9,27,6,full,59.2,high
A04997,server,server_lan,medium,internal,1,0,3.1,0.178,0,0,0,0,351,1,25,1,full,42.0,medium
A04998,database,server_lan,low,restricted,1,0,5.7,0.304,0,0,0,0,530,8,18,2,full,52.1,high
A04999,workstation,server_lan,medium,confidential,1,0,8.1,0.307,0,0,0,0,591,4,21,2,full,48.9,medium
A05000,web_app,user_lan,high,public,0,1,7.3,0.418,0,0,0,0,46,2,8,1,partial,22.1,low
