url_length,num_dots,num_hyphens,num_digits,num_subdomains,num_params,domain_age_days,has_ip,has_at_symbol,https,shortened,brand_in_subdomain,host_entropy,tld,is_phishing
62,3,0,3,1,0,726,0,0,1,0,0,3.177,com,0
28,2,0,2,2,0,2032,0,0,1,0,0,3.037,com,0
31,1,1,1,1,0,1851,0,0,1,0,0,3.529,com,0
22,3,1,5,0,2,983,0,0,1,0,0,2.37,com,0
122,2,1,1,1,0,1121,0,0,1,0,0,2.382,com,0
39,4,1,4,1,2,323,0,1,0,0,0,3.341,info,1
38,3,0,3,3,0,1229,0,0,1,0,0,3.164,org,0
42,3,1,1,0,0,1147,0,0,1,0,0,2.498,com,0
72,4,0,1,1,1,1604,0,0,1,0,1,2.689,com,0
58,1,3,2,3,1,199,1,0,1,0,0,3.058,top,1
75,4,3,3,1,3,505,0,0,1,0,1,4.09,tk,1
33,2,0,0,1,0,1783,0,0,1,0,0,2.633,com,0
19,1,0,1,2,0,4644,0,0,1,0,0,2.542,com,0
71,2,1,2,1,0,676,0,0,1,0,0,3.677,com,0
16,4,1,1,1,2,398,0,0,1,0,0,2.404,fr,0
52,1,0,1,2,2,1499,0,0,1,0,0,2.845,fr,0
70,2,0,2,1,3,2740,0,0,1,0,0,3.145,com,0
39,5,2,5,2,2,325,0,0,1,0,0,3.297,xyz,1
50,10,0,4,7,3,116,1,0,1,0,0,3.974,com,1
49,3,0,1,0,1,1488,0,0,1,0,0,3.246,com,0
47,2,2,2,2,1,1098,0,0,1,1,0,3.173,net,0
92,1,2,3,1,1,884,0,0,1,0,0,2.852,com,0
67,2,1,2,1,2,996,0,0,1,0,1,2.77,com,0
72,1,1,4,0,0,2098,0,0,1,0,0,3.547,fr,0
59,3,2,2,2,3,1249,0,0,1,0,0,3.299,com,0
29,1,0,1,1,0,1905,0,0,1,0,0,3.371,edu,0
66,2,0,0,0,1,954,0,0,1,0,0,2.474,edu,0
44,3,1,0,0,1,1499,0,0,1,0,0,2.839,net,0
59,4,1,0,1,1,679,0,0,1,0,0,2.522,net,0
66,1,1,2,1,0,1116,0,0,1,0,0,3.111,org,0
69,3,0,0,0,0,890,0,0,1,0,0,2.718,net,0
45,3,1,5,0,1,139,1,0,1,1,0,3.935,com,1
50,1,0,1,2,0,1413,0,0,1,0,0,3.245,com,0
115,1,4,4,2,1,138,0,1,1,0,0,3.666,xyz,1
28,1,1,1,2,1,949,0,0,1,0,0,2.597,com,0
54,1,0,3,1,0,715,1,0,1,0,0,2.879,net,0
51,1,1,3,2,1,1950,0,0,1,1,0,3.187,gov,0
108,5,3,3,4,3,159,0,1,0,0,0,3.42,zip,1
84,1,0,1,1,0,1191,0,0,1,0,0,2.454,com,0
72,2,3,4,1,0,241,0,0,1,0,1,4.011,net,1
72,3,2,2,4,1,301,0,0,1,0,0,3.22,fr,0
47,3,3,8,2,2,203,1,0,0,0,0,3.586,xyz,1
53,1,3,2,0,1,2037,0,0,1,0,0,2.742,com,0
37,1,0,0,2,1,1842,0,0,1,0,0,3.241,org,0
74,4,0,3,3,0,1264,0,0,1,0,0,2.592,org,0
64,1,2,0,1,1,1405,0,0,1,0,0,3.521,com,0
57,1,1,1,1,0,539,0,0,1,0,1,3.37,com,0
64,2,0,1,1,0,2650,0,0,1,1,0,2.498,fr,0
59,3,1,1,0,0,838,0,0,1,0,0,2.892,com,0
75,2,1,3,2,0,823,0,0,1,0,0,2.844,com,0
68,1,0,3,3,0,2351,0,0,1,0,0,3.565,gov,0
68,2,5,5,0,1,67,0,0,1,0,0,4.051,tk,1
44,1,0,2,0,1,1465,0,0,1,0,0,2.368,net,0
77,3,1,1,1,0,696,0,0,1,0,0,2.946,com,0
46,1,1,2,2,2,1569,0,0,1,0,0,3.005,com,0
79,3,0,4,0,0,1211,0,0,1,0,0,3.529,net,0
56,6,0,1,0,1,1071,0,0,1,0,0,3.449,com,0
32,1,2,1,2,2,363,0,0,1,0,0,2.986,click,1
42,2,1,1,1,1,978,0,0,1,0,0,2.6,com,0
15,1,0,2,0,0,1172,1,0,1,0,0,3.321,net,0
55,1,0,1,1,1,1102,0,0,1,0,0,3.206,net,0
42,1,0,1,0,1,522,0,0,1,0,0,3.268,com,0
72,1,0,3,2,4,1184,0,0,0,0,0,3.418,com,0
49,3,0,0,1,1,1478,0,0,1,0,0,4.008,com,0
60,3,0,2,0,3,665,0,0,1,0,0,2.883,net,0
29,2,0,1,2,2,1809,0,0,1,0,0,2.734,fr,0
36,2,0,2,3,0,1128,1,0,1,0,0,2.851,com,0
60,2,1,2,1,1,2343,0,0,1,0,0,2.537,gov,0
48,3,0,0,2,0,518,0,0,1,0,0,3.117,fr,0
52,1,0,0,2,1,615,0,0,1,0,0,2.684,com,0
58,1,1,6,0,0,1865,0,0,1,0,0,3.399,com,0
41,2,2,1,1,0,1029,0,0,1,0,0,2.903,fr,0
52,3,1,1,1,1,1282,0,0,1,0,0,3.832,com,0
34,3,1,4,2,0,381,0,0,1,0,0,2.688,com,0
31,3,2,2,1,1,1029,0,0,1,1,0,2.52,net,0
38,1,0,0,0,1,1190,0,0,1,0,0,3.405,com,0
33,2,0,1,2,0,2237,1,0,0,0,0,2.153,fr,0
27,2,0,1,0,1,1749,0,0,1,0,1,3.079,fr,0
30,6,1,0,2,1,714,0,0,1,1,0,3.609,com,0
67,2,0,2,2,1,1155,0,0,1,0,1,2.707,net,0
52,7,1,7,2,1,299,0,0,1,1,1,3.79,xyz,1
48,6,1,0,0,2,1460,0,1,1,0,0,3.292,com,0
45,3,1,1,1,0,2044,0,0,0,0,0,2.96,com,0
47,1,2,5,3,2,291,0,0,1,0,0,4.228,xyz,1
58,2,1,2,3,1,2070,0,0,1,0,0,2.874,com,0
59,3,3,3,0,0,2239,0,0,0,0,0,2.233,com,0
71,1,2,2,2,2,692,0,0,1,0,1,4.007,top,1
57,1,0,4,1,0,2005,0,0,0,0,0,3.329,com,0
45,1,0,0,0,2,492,1,0,1,0,0,3.232,net,0
48,1,0,2,1,1,779,0,0,1,0,0,3.007,com,0
99,1,2,2,1,2,401,1,0,1,0,0,3.419,tk,1
37,4,2,4,1,0,54,0,0,1,0,0,4.386,xyz,1
54,1,1,4,1,2,1415,0,0,1,0,0,3.392,edu,0
56,2,2,0,1,0,856,0,0,1,0,0,3.214,net,0
47,1,0,3,0,1,193,0,0,0,0,0,3.263,com,0
67,3,1,1,3,0,386,0,0,1,0,0,3.255,gov,0
79,3,1,4,1,1,1896,0,0,1,0,0,2.888,org,0
32,3,1,0,4,0,1048,0,0,1,1,0,2.943,com,0
45,1,2,1,2,0,1917,0,0,0,0,0,2.503,com,0
62,5,1,0,0,4,2231,0,0,1,0,0,3.251,gov,0
64,1,1,1,2,1,1134,0,0,1,0,0,2.931,com,0
74,2,2,1,2,0,2477,0,0,1,0,0,3.101,com,0
111,2,0,5,5,4,279,0,0,1,1,0,3.309,info,1
90,3,2,2,2,3,207,0,0,1,1,0,3.576,com,0
67,1,1,1,0,1,2628,0,0,0,0,0,3.239,net,0
35,1,0,3,0,3,1134,0,0,1,0,0,2.925,fr,0
18,1,1,2,2,0,236,0,0,0,0,0,2.384,fr,0
54,2,0,0,0,3,680,1,0,1,0,0,2.85,org,0
81,2,3,3,3,3,505,0,0,0,0,0,3.077,xyz,1
80,2,1,1,0,0,740,0,0,1,0,0,2.929,org,0
62,2,0,2,1,2,858,0,0,1,0,0,3.145,org,0
64,1,0,2,0,0,714,0,0,1,0,0,4.073,com,0
32,1,0,0,0,2,1524,0,0,1,0,0,3.121,com,0
60,2,0,2,0,0,1679,0,0,0,0,0,3.138,net,0
70,2,0,2,3,2,786,0,0,1,0,0,3.619,com,0
12,1,0,2,0,1,1338,0,0,1,0,0,2.242,gov,0
66,2,0,2,2,1,718,0,1,1,0,0,3.926,com,0
26,1,1,3,1,0,1135,0,0,1,0,0,3.289,net,0
89,2,1,5,1,3,138,0,0,0,0,0,2.996,net,1
57,2,3,3,0,0,2626,0,0,1,0,0,4.077,com,0
38,3,1,1,0,1,688,0,0,0,0,0,3.27,com,0
54,1,0,2,2,1,1058,0,0,1,0,0,2.912,com,0
24,2,0,1,1,0,892,0,0,1,0,0,2.325,gov,0
80,3,0,2,1,2,1236,0,0,1,0,0,2.6,com,0
21,2,0,1,2,3,1441,0,0,1,1,0,2.839,fr,0
85,4,0,1,1,2,1141,0,0,1,0,0,3.055,org,0
16,2,1,3,1,3,1666,0,0,1,0,0,2.764,com,0
31,1,0,3,0,1,1625,0,0,1,0,0,2.953,com,0
73,1,1,6,1,1,243,0,0,0,1,0,2.087,xyz,1
49,1,0,2,1,1,1744,0,0,1,0,0,3.438,com,0
67,5,0,2,2,3,1303,0,0,0,0,0,2.992,com,0
64,2,1,4,2,0,1434,0,0,1,0,0,3.187,net,0
13,6,0,1,1,2,1443,0,0,1,0,0,2.792,net,0
56,4,1,3,2,3,272,0,0,1,0,0,4.266,xyz,1
90,3,2,4,4,0,171,0,0,0,0,1,2.96,info,1
89,2,2,7,2,1,134,0,0,1,0,1,3.522,com,1
95,1,1,2,2,2,50,0,1,1,1,0,3.185,tk,1
72,3,0,3,2,1,1764,0,0,1,0,0,2.432,com,0
34,3,0,0,0,1,1675,0,0,1,0,0,2.894,com,0
55,2,0,0,0,1,637,0,0,1,1,0,3.264,com,0
32,2,1,1,1,2,675,0,0,1,0,0,2.222,com,0
48,1,0,2,2,1,2425,0,0,1,0,0,2.45,org,0
58,2,0,2,1,1,829,0,0,1,0,0,2.215,net,0
65,1,0,2,3,2,534,0,0,1,0,0,2.902,com,0
44,1,0,0,0,1,1121,0,0,1,0,0,2.931,net,0
43,4,0,4,0,1,903,0,0,1,0,0,3.348,com,0
135,4,2,7,3,1,222,0,0,0,0,0,3.599,xyz,1
60,3,0,2,2,0,856,0,0,1,0,0,2.824,com,0
49,1,0,1,2,2,1243,0,0,1,0,0,3.017,com,0
56,2,1,1,2,1,961,0,0,1,0,0,3.536,org,0
100,4,1,4,1,1,131,0,0,1,0,0,2.684,top,1
65,1,0,1,0,1,333,0,0,1,0,0,3.531,com,0
68,1,0,3,1,1,1772,0,0,1,0,0,3.296,com,0
74,2,3,7,1,0,359,0,0,1,1,0,4.6,top,1
52,3,0,2,0,0,1588,0,0,1,1,0,3.281,com,0
50,1,0,4,1,1,1435,0,0,0,0,0,3.011,org,0
15,2,1,2,1,2,1628,0,0,0,0,0,2.987,com,0
47,1,0,0,0,1,494,0,0,1,0,0,2.692,com,0
52,1,1,2,2,0,2293,0,0,1,0,0,2.921,com,0
48,3,1,0,1,0,1205,0,0,1,0,0,3.564,org,0
87,1,2,1,2,0,1926,0,0,0,0,0,3.108,com,0
58,1,0,0,1,0,895,0,0,1,0,0,2.913,com,0
45,2,0,1,1,1,1195,0,0,1,0,0,3.363,net,0
52,1,2,4,1,1,1795,0,0,1,0,0,2.72,com,0
59,2,1,4,0,1,183,0,1,1,1,0,3.731,tk,1
71,3,0,7,3,0,219,0,0,0,0,1,3.836,top,1
67,3,0,1,1,1,1108,0,0,1,0,0,2.909,com,0
59,3,0,0,0,2,1623,0,0,1,0,0,2.344,edu,0
39,1,1,2,0,3,1193,0,0,0,0,1,2.928,fr,0
26,4,0,1,0,2,1357,0,0,1,0,0,2.86,com,0
41,4,0,4,3,1,55,0,0,0,1,0,3.676,click,1
40,2,0,3,2,1,466,0,0,0,0,0,2.868,fr,0
66,4,1,4,5,0,152,0,0,0,0,0,4.369,click,1
50,1,0,1,0,3,955,0,0,1,0,0,3.256,com,0
14,4,1,0,1,2,756,0,0,1,0,0,2.896,net,0
51,1,0,3,2,1,341,0,0,1,0,0,2.837,gov,0
19,3,0,5,1,0,2181,0,0,0,0,0,3.109,com,0
57,2,0,2,1,0,377,0,0,1,0,0,3.234,com,0
34,4,0,3,1,1,1680,0,0,1,0,0,2.245,org,0
61,2,1,2,3,0,742,0,0,1,0,0,3.733,org,0
54,2,0,1,1,0,783,0,0,1,0,1,2.73,gov,0
16,1,2,0,1,1,1408,0,0,1,0,0,2.349,com,0
70,1,0,1,2,1,318,0,0,1,0,0,3.538,net,0
28,1,0,3,1,0,2414,0,0,1,0,0,2.97,fr,0
60,1,0,2,0,2,1463,0,0,1,0,0,2.791,com,0
58,2,1,6,4,0,535,0,0,0,0,0,2.739,net,0
69,1,0,2,1,0,2605,0,0,1,0,0,3.009,com,0
63,2,2,8,4,0,66,0,0,0,0,0,3.466,info,1
51,2,0,4,2,2,856,0,0,1,1,0,3.302,org,0
50,3,1,1,3,3,980,0,1,1,0,0,1.975,edu,0
41,1,0,2,0,0,791,0,0,1,0,0,3.044,com,0
102,1,2,5,3,2,129,0,0,1,0,0,2.575,tk,1
36,2,0,3,1,1,1175,0,0,1,0,0,2.406,com,0
25,1,0,1,0,4,849,0,0,1,0,0,3.546,com,0
67,4,1,6,1,2,1456,0,0,1,0,0,3.444,com,0
18,2,0,2,0,0,1839,0,0,1,0,0,2.212,com,0
72,3,2,7,0,0,257,0,0,1,0,1,3.791,tk,1
66,1,0,1,1,3,1016,0,0,1,0,1,2.786,net,0
66,1,1,1,1,3,283,0,0,1,0,1,4.086,xyz,1
80,2,1,1,0,0,1037,0,0,1,0,0,2.912,com,0
44,2,1,1,3,3,561,0,0,1,1,0,3.303,com,0
44,1,1,2,1,3,1044,0,0,0,0,0,3.563,com,0
65,1,1,0,2,0,851,0,0,1,0,0,2.638,fr,0
82,1,0,5,3,1,231,0,0,0,0,0,4.094,top,1
26,3,1,0,0,1,1142,0,0,1,0,0,2.437,com,0
66,1,0,1,0,2,687,0,0,1,0,0,2.608,com,0
43,2,0,3,1,2,1346,0,0,1,0,0,3.492,com,0
25,4,0,3,0,0,1224,0,0,1,0,0,3.358,fr,0
40,2,0,1,1,0,1438,0,0,1,0,0,3.26,net,0
78,4,1,2,0,1,338,0,0,0,0,0,3.305,com,0
61,1,1,3,1,1,535,0,0,1,1,0,3.029,com,0
82,2,1,2,3,1,1164,0,0,1,0,0,3.356,fr,0
89,2,0,5,1,1,383,0,0,1,0,1,2.977,com,1
59,1,0,0,2,2,1251,0,0,1,0,0,2.642,org,0
82,1,0,2,1,1,752,0,0,1,0,0,3.602,com,0
75,4,1,1,1,2,938,0,0,1,0,0,2.773,com,0
84,1,0,1,3,2,348,0,0,1,0,0,2.336,com,0
50,4,2,2,1,0,1796,0,0,1,0,0,3.627,com,0
18,2,0,2,0,0,837,0,0,1,0,0,3.137,com,0
79,2,1,0,2,1,654,0,0,1,0,0,3.305,com,0
81,1,5,8,1,0,119,0,0,1,0,0,3.287,click,1
41,3,0,2,0,0,2778,0,0,0,0,0,3.05,com,0
55,2,0,2,0,0,1556,0,0,1,1,1,3.036,com,0
41,4,2,7,4,2,303,1,0,1,0,0,3.952,click,1
32,1,1,2,1,1,452,0,0,1,0,0,2.562,com,0
48,2,1,0,1,1,1072,0,0,1,0,0,2.972,com,0
42,1,0,1,0,1,350,0,0,1,0,0,3.605,edu,0
82,2,1,5,2,2,57,0,0,1,0,0,3.731,net,1
33,2,0,2,1,2,457,0,0,1,0,0,2.924,fr,0
47,3,2,5,4,2,328,0,0,1,1,0,3.646,net,1
79,3,0,8,1,1,822,0,0,0,0,0,4.147,click,1
54,4,0,1,0,2,2524,0,0,1,0,0,2.98,fr,0
108,1,3,9,3,2,386,0,1,1,1,0,4.044,com,1
92,2,3,3,3,2,434,0,1,1,1,1,3.63,net,1
89,5,1,3,1,0,930,0,0,1,1,0,2.654,com,0
51,2,1,1,3,0,1383,0,0,1,0,0,3.148,com,0
75,6,0,2,1,2,401,0,0,1,1,0,2.823,click,1
69,1,2,1,1,1,1842,0,0,1,0,0,3.186,org,0
36,2,2,2,1,0,1061,0,0,1,0,0,3.419,org,0
48,4,2,2,5,3,110,0,0,1,0,0,4.067,zip,1
44,1,1,1,1,1,518,0,0,1,1,0,3.233,org,0
90,3,3,6,3,4,148,1,0,1,0,0,2.965,top,1
43,2,2,3,0,0,526,0,0,1,0,0,2.922,com,0
38,1,1,3,2,0,1576,0,0,1,0,0,3.843,com,0
73,2,4,1,1,1,645,0,0,1,0,0,2.774,fr,0
89,2,4,5,2,3,133,0,1,1,1,0,3.455,top,1
65,1,0,4,0,1,787,0,0,1,0,0,3.156,net,0
35,3,0,2,1,2,2263,0,0,1,0,0,3.069,com,0
57,2,0,2,1,0,1184,0,0,1,0,0,2.848,net,0
76,2,2,0,1,2,928,0,0,0,0,0,2.985,com,0
14,2,0,0,1,2,393,0,0,1,0,0,3.283,fr,0
86,5,2,1,0,1,606,0,0,1,1,0,2.848,fr,0
62,3,1,5,2,0,236,0,0,1,0,0,2.972,tk,1
68,3,1,5,2,0,470,0,0,0,1,0,3.268,click,1
78,2,0,2,1,3,2133,0,0,1,0,0,3.039,net,0
64,2,2,5,1,1,419,0,0,0,0,0,2.851,com,0
53,1,1,0,1,0,344,0,0,1,0,1,3.582,com,0
107,3,0,2,1,2,139,0,0,1,0,1,2.304,zip,1
51,6,1,4,4,2,141,1,0,1,0,0,3.085,com,1
80,2,2,5,1,1,107,0,1,0,0,1,3.814,zip,1
51,1,0,2,2,0,1080,0,0,0,0,0,2.471,net,0
68,5,0,8,1,3,249,0,0,0,0,0,3.305,xyz,1
22,3,1,3,2,0,1363,0,0,1,0,0,3.558,net,0
68,4,0,1,0,1,593,0,0,1,0,0,2.028,fr,0
28,1,1,0,6,0,1492,0,0,0,0,0,3.429,edu,0
39,5,0,1,0,1,1118,0,1,1,0,0,2.546,com,0
108,3,4,4,2,2,274,0,0,0,0,0,3.507,xyz,1
64,1,0,3,1,1,947,0,0,1,0,1,2.966,com,0
43,2,0,2,0,3,638,0,0,1,0,0,3.094,edu,0
32,1,1,0,0,1,1790,0,0,1,0,1,2.676,com,0
34,2,0,1,0,0,1546,0,0,1,0,0,2.312,com,0
73,3,2,3,2,2,126,0,0,1,0,0,2.413,top,1
98,3,1,8,3,3,169,1,1,0,0,0,4.197,info,1
49,5,0,2,1,0,1059,0,0,1,0,0,3.268,fr,0
59,1,0,2,3,1,539,0,0,0,0,0,2.921,com,0
15,2,4,4,3,2,1032,0,0,1,0,0,2.594,info,1
74,3,2,1,0,0,793,0,0,1,0,0,3.289,edu,0
64,2,0,3,1,1,759,0,0,1,0,0,2.929,org,0
52,1,1,0,2,1,1060,0,0,1,0,0,3.221,fr,0
94,1,0,4,0,3,964,0,0,1,0,0,2.931,com,0
66,1,1,2,3,2,1066,0,0,1,0,0,3.258,com,0
40,1,0,3,0,2,854,0,0,1,0,0,2.713,fr,0
45,4,0,3,2,0,1526,0,0,1,0,0,3.463,com,0
75,3,1,1,1,1,1383,0,0,1,0,0,2.638,com,0
88,2,1,5,2,3,187,0,0,1,0,0,3.754,top,1
90,3,0,0,0,0,410,0,0,1,1,0,2.675,fr,0
25,1,0,1,1,0,1425,0,0,1,0,0,2.476,org,0
90,5,3,4,1,1,218,0,0,1,0,0,3.153,tk,1
50,1,2,0,1,1,712,1,0,1,0,0,3.794,com,0
27,1,0,3,4,0,1327,0,0,0,0,0,3.703,net,0
78,4,1,3,0,2,103,0,1,0,0,1,4.411,xyz,1
53,4,3,3,4,3,429,0,0,0,0,0,3.833,net,1
62,1,0,3,2,0,800,0,0,1,0,0,3.218,com,0
36,3,2,2,1,0,1017,0,0,1,1,0,3.399,fr,0
64,3,1,1,2,3,570,0,0,1,0,0,2.883,com,0
32,2,2,3,2,1,794,0,0,1,0,0,3.074,fr,0
73,1,0,1,1,1,882,0,0,1,0,0,2.923,org,0
42,3,0,1,3,0,1747,0,0,1,0,0,2.58,fr,0
15,4,1,1,3,0,2372,0,0,1,0,0,2.905,org,0
98,1,3,2,1,0,1473,0,0,1,0,1,2.89,com,0
50,1,0,3,1,0,1078,0,0,1,0,0,3.243,com,0
58,1,0,1,0,1,1090,1,0,1,0,0,2.632,net,0
57,1,0,0,1,1,1202,0,0,1,0,0,3.28,org,0
29,1,0,1,0,1,1183,0,0,1,0,0,3.611,org,0
66,1,0,5,3,2,58,0,0,0,0,0,3.827,xyz,1
80,2,1,1,0,0,1328,0,1,1,0,0,2.865,fr,0
72,2,0,2,2,0,682,0,0,1,0,1,2.175,com,0
28,2,2,2,0,2,1400,0,0,1,0,0,3.304,org,0
80,1,0,2,2,0,2118,0,0,0,0,0,2.727,fr,0
50,4,1,7,2,3,172,0,0,1,1,0,3.458,net,1
52,3,2,3,1,4,533,1,0,0,0,0,3.839,zip,1
46,2,2,4,4,1,54,0,1,1,0,0,4.378,tk,1
66,2,4,4,2,2,527,0,1,0,0,1,2.947,xyz,1
25,2,2,8,2,2,185,0,0,1,0,0,3.395,xyz,1
45,2,1,2,0,2,1070,0,0,1,0,0,3.662,fr,0
21,1,1,2,1,2,1011,0,0,1,0,0,2.713,net,0
97,1,0,5,1,3,723,0,0,1,0,0,3.866,net,0
77,2,0,1,1,1,2117,0,1,1,0,0,3.185,com,0
61,1,1,2,1,1,162,0,0,1,0,0,3.375,top,1
60,1,1,0,1,1,902,0,0,1,0,0,2.447,com,0
28,6,0,1,2,1,1940,0,0,1,0,0,3.217,com,0
47,4,0,3,0,0,1472,0,0,1,0,0,3.063,org,0
63,4,1,1,0,0,1181,0,0,1,0,1,3.278,com,0
52,4,0,2,0,1,639,0,0,1,0,0,2.789,net,0
33,2,1,3,1,1,1185,0,0,1,0,0,3.262,net,0
76,1,1,3,0,1,661,0,0,1,0,0,3.175,com,0
18,5,1,3,3,0,1046,0,0,0,0,1,3.098,org,0
80,3,1,4,1,1,461,0,0,0,0,0,3.282,com,1
63,3,2,1,1,2,827,0,0,1,0,0,3.091,gov,0
61,1,0,2,2,1,745,0,0,1,0,0,2.94,fr,0
70,2,0,1,3,1,1539,0,0,1,1,0,2.987,net,0
55,2,0,0,1,0,523,0,0,1,0,0,3.74,edu,0
68,2,0,0,1,0,1806,0,0,1,0,0,2.985,org,0
23,3,0,2,0,0,1463,0,0,1,0,0,3.213,com,0
95,1,1,2,1,0,757,0,0,1,0,0,3.5,com,0
41,1,1,5,2,1,512,0,0,1,0,0,2.684,com,0
116,1,1,3,1,0,666,0,0,0,0,0,3.893,net,1
86,4,1,2,0,2,93,1,0,1,0,0,3.891,info,1
78,2,0,2,2,1,1957,0,0,1,0,0,3.234,com,0
70,1,0,3,1,2,2112,0,0,1,0,0,3.837,net,0
62,2,0,1,1,1,826,0,0,1,0,0,2.858,net,0
52,1,0,0,1,2,743,0,0,1,0,0,2.808,net,0
76,1,0,3,1,2,3323,0,0,1,1,0,3.299,com,0
57,3,1,1,1,0,373,0,0,1,0,0,3.348,com,0
37,1,0,2,1,1,1593,0,0,1,0,0,2.192,com,0
73,4,0,0,0,1,1072,0,0,1,0,0,3.167,com,0
66,1,1,3,1,0,1839,1,0,1,0,0,2.862,org,0
45,1,1,3,0,0,670,0,0,1,0,0,3.85,com,0
64,2,0,1,1,2,1703,0,0,1,0,0,3.445,com,0
99,1,1,2,1,1,835,0,0,1,0,0,3.326,com,0
45,3,0,1,1,1,728,0,0,1,0,0,3.083,fr,0
59,3,0,3,0,1,1418,0,0,1,0,0,2.529,com,0
34,1,0,0,1,2,936,0,0,1,0,0,2.224,com,0
69,3,1,0,2,1,1575,0,0,1,0,0,2.386,com,0
70,5,0,1,1,1,869,0,0,1,0,0,3.28,com,0
45,1,0,5,1,2,559,0,0,1,0,0,3.819,info,1
53,1,0,4,2,0,635,0,0,1,0,0,3.044,gov,0
39,3,1,2,1,0,980,0,0,1,0,0,2.898,com,0
78,1,0,5,4,0,120,0,0,1,1,1,3.754,com,1
27,3,1,0,3,1,1016,0,0,1,0,0,2.896,net,0
55,2,0,1,0,1,860,0,0,1,0,0,2.744,com,0
51,3,2,7,2,0,38,1,0,0,0,1,3.426,click,1
35,4,2,5,0,3,107,0,0,0,0,0,4.01,top,1
53,1,1,2,3,2,1721,0,0,1,0,0,2.367,org,0
94,3,1,4,1,1,1141,0,0,1,0,0,3.241,fr,0
45,1,2,3,2,1,964,0,0,1,0,0,3.394,com,0
39,2,0,1,0,4,1480,0,0,1,0,0,3.048,fr,0
91,2,1,2,0,4,122,0,0,1,0,0,3.604,top,1
57,2,1,1,0,0,1037,0,0,1,0,0,3.541,net,0
51,1,0,5,1,0,694,0,0,1,0,1,2.854,com,0
69,2,0,1,2,0,785,0,1,1,0,0,3.421,com,0
47,1,0,3,1,2,1353,0,0,1,0,0,3.05,com,0
42,2,1,0,2,1,1541,0,0,1,0,0,2.53,com,0
50,5,1,1,2,0,911,0,0,1,0,0,2.224,fr,0
49,1,0,1,2,2,761,0,0,1,1,0,4.199,com,0
42,1,0,1,0,0,2234,0,0,1,1,0,2.739,com,0
58,1,2,5,6,4,289,0,0,1,0,1,3.923,click,1
48,4,1,1,0,0,252,0,0,1,1,0,2.381,com,0
40,5,1,4,1,2,665,0,0,1,0,0,3.488,net,0
36,2,0,2,2,0,736,0,0,1,0,0,2.769,org,0
67,1,1,2,1,0,859,0,0,1,0,0,2.315,com,0
23,2,1,1,0,0,3979,0,0,1,0,0,3.14,net,0
50,2,1,4,3,3,483,0,0,1,0,1,3.87,tk,1
25,3,1,0,0,0,1128,0,0,1,0,0,3.301,com,0
44,3,1,3,2,1,1216,0,0,1,0,0,3.149,net,0
50,1,1,2,1,0,780,0,0,1,0,0,3.028,org,0
50,4,0,2,0,1,2470,0,0,1,0,0,2.478,com,0
74,3,3,0,6,5,532,0,0,1,0,0,2.817,xyz,1
58,3,0,1,1,0,718,0,0,1,0,0,2.895,gov,0
25,1,0,1,1,0,397,0,0,1,0,0,2.827,fr,0
12,1,0,0,1,3,1042,0,1,1,0,0,3.333,com,0
22,1,0,4,2,0,990,1,0,1,0,0,2.969,net,0
12,3,1,2,3,0,947,0,0,1,0,0,2.738,fr,0
64,4,0,4,0,1,182,0,0,1,1,0,2.785,top,1
68,4,0,3,3,1,1378,0,0,1,0,0,3.428,com,0
63,1,3,7,1,0,270,0,0,0,0,0,4.605,zip,1
40,2,0,1,0,0,974,0,0,1,0,0,3.341,com,0
33,2,0,2,0,0,1455,0,0,1,0,0,3.551,com,0
68,1,0,4,3,1,1093,0,0,1,0,0,3.195,com,0
71,1,0,1,2,0,1054,0,0,1,0,0,3.275,com,0
43,1,1,1,1,1,704,0,0,1,0,0,3.2,net,0
39,2,2,1,1,0,1298,0,0,0,0,0,3.031,fr,0
65,5,0,4,1,2,283,1,0,1,0,0,3.092,top,1
78,2,1,2,2,0,605,0,0,1,0,0,2.633,com,0
37,3,0,3,2,0,689,0,0,1,0,0,2.633,com,0
106,5,2,4,1,1,170,0,0,0,1,1,3.93,tk,1
92,4,4,4,3,4,141,0,0,1,0,0,4.67,click,1
106,3,1,4,4,2,545,0,0,0,0,0,3.397,click,1
61,1,2,5,7,3,454,0,0,0,1,0,4.402,top,1
18,2,0,1,0,1,722,0,0,1,0,0,3.435,gov,0
57,1,0,3,2,0,1269,0,0,1,0,0,3.334,com,0
57,2,0,2,0,1,844,0,0,1,0,0,2.96,com,0
27,2,3,3,0,0,1576,0,0,1,0,0,3.323,fr,0
64,2,2,2,4,0,329,0,1,1,1,0,4.192,click,1
70,1,0,2,1,0,1254,0,0,1,0,0,2.358,org,0
48,5,2,2,0,1,207,0,0,1,0,1,3.405,top,1
48,2,0,2,0,0,1851,0,0,1,0,0,2.499,com,0
56,1,1,4,2,1,780,0,0,1,0,0,2.865,org,0
81,1,2,0,1,2,374,1,1,1,0,0,3.126,com,0
40,1,1,1,0,1,454,0,0,1,0,0,2.812,org,0
120,1,0,6,4,0,55,0,0,1,1,1,2.915,top,1
45,1,0,0,1,0,382,0,0,1,0,0,2.438,fr,0
53,1,0,3,0,1,733,0,0,1,0,0,2.762,net,0
59,1,0,0,1,1,1563,0,0,1,0,0,2.992,com,0
46,1,0,2,1,2,1071,0,0,1,0,0,2.793,fr,0
48,1,1,4,2,0,975,0,0,1,0,0,3.935,org,0
99,3,1,1,3,2,694,0,0,1,0,0,3.081,com,0
63,2,1,2,1,1,1215,0,0,1,0,0,3.369,net,0
80,1,0,2,1,1,1508,0,0,1,0,0,3.172,com,0
13,1,0,0,1,2,2723,0,0,1,0,0,3.227,fr,0
87,2,0,4,1,1,674,0,0,0,0,0,2.826,fr,0
57,3,1,3,0,0,2081,0,0,1,0,0,2.807,com,0
47,1,0,1,2,2,1528,0,0,1,0,0,2.838,org,0
60,1,3,2,0,1,121,0,0,0,1,0,4.202,com,1
45,2,0,1,0,0,1367,0,0,1,0,0,3.043,com,0
48,1,0,1,0,1,1831,0,0,1,0,0,2.163,com,0
50,5,0,1,2,0,1075,0,0,1,1,0,3.314,com,0
56,1,1,4,1,1,1690,0,0,0,0,0,2.484,com,0
29,1,1,1,4,0,497,1,0,1,0,0,3.347,com,0
39,2,1,1,3,1,801,0,0,1,0,0,3.151,org,0
31,1,1,1,1,0,904,0,0,1,0,0,2.655,gov,0
53,3,1,4,2,1,90,0,0,1,0,0,3.426,info,1
105,1,0,1,0,0,1198,0,0,1,0,0,3.214,com,0
57,1,1,1,0,0,571,0,0,0,0,0,3.305,com,0
42,1,0,1,0,0,252,0,0,1,0,0,2.887,com,0
18,3,1,0,0,1,1320,0,0,1,0,0,3.474,com,0
48,3,0,1,2,0,1362,0,0,1,0,0,3.203,fr,0
43,1,2,2,1,2,126,0,0,1,1,0,2.808,net,1
42,5,2,4,0,2,110,0,0,0,0,0,3.418,com,1
97,4,0,1,3,2,77,0,0,1,0,0,3.499,info,1
41,3,0,2,0,1,861,0,0,0,0,0,2.682,com,0
64,1,0,1,1,1,762,0,0,0,0,0,3.365,com,0
83,1,0,0,1,0,592,0,0,1,0,0,2.884,com,0
56,1,2,1,1,1,103,0,0,1,1,0,3.088,click,1
74,1,0,1,2,1,1107,0,0,1,0,0,3.901,org,0
81,1,0,1,3,2,1372,0,0,1,0,1,2.855,com,0
31,3,0,1,1,0,701,0,0,0,0,1,2.4,org,0
61,4,0,2,4,0,1880,0,0,1,0,0,2.921,com,0
55,6,0,0,0,0,1399,0,0,1,0,0,2.734,net,0
79,1,1,1,0,1,1816,0,0,1,0,0,1.717,fr,0
12,2,1,1,3,1,1847,0,0,0,0,0,3.222,com,0
60,2,1,2,1,0,1855,0,0,1,0,0,3.648,net,0
46,2,1,3,1,5,2084,0,0,1,0,0,3.144,fr,0
44,2,0,4,1,2,742,0,0,1,1,1,2.861,com,0
62,7,1,3,3,0,1396,0,0,1,0,1,2.593,com,0
37,2,0,2,2,1,1760,0,0,1,1,0,3.221,com,0
60,1,0,2,1,0,2008,0,0,1,0,0,3.424,gov,0
56,3,0,4,1,0,1280,0,0,1,0,0,3.227,com,0
43,4,0,1,2,2,525,0,0,1,0,0,3.303,com,0
45,3,0,0,1,1,745,0,0,1,1,0,2.598,com,0
20,4,4,4,3,2,48,0,0,0,0,1,3.781,com,1
26,3,0,3,1,1,2018,0,0,1,0,0,2.841,com,0
86,4,3,6,3,2,559,0,0,1,1,0,2.954,xyz,1
63,2,2,2,0,1,1009,0,0,1,0,0,3.532,edu,0
48,1,0,2,1,1,1447,0,0,1,0,0,3.274,org,0
27,1,0,4,0,0,1102,0,0,1,0,0,2.897,com,0
66,1,0,1,2,1,697,0,0,1,0,0,3.536,com,0
56,1,2,3,0,2,145,0,0,1,0,0,3.016,info,1
61,4,1,2,1,0,1138,1,0,0,0,0,2.993,net,0
90,1,2,2,1,0,1017,0,0,1,1,0,3.591,org,0
35,1,0,3,0,0,1159,0,0,1,0,0,2.921,com,0
97,2,2,7,3,2,135,0,0,1,1,0,3.572,info,1
94,5,0,5,2,0,53,0,0,1,1,0,3.116,xyz,1
61,1,1,5,1,0,1051,0,0,1,0,0,3.857,com,0
106,4,3,5,0,3,199,0,0,0,0,0,4.534,click,1
28,1,0,1,2,2,1457,0,0,1,0,0,2.832,com,0
52,1,2,2,1,0,1140,0,0,1,1,0,3.475,org,0
40,2,0,5,0,0,1332,0,0,1,0,0,2.63,com,0
61,2,1,2,0,0,1111,0,0,1,1,0,3.55,com,0
33,2,1,3,1,3,1388,0,0,1,0,0,2.793,net,0
21,2,0,3,1,2,1576,0,0,1,0,0,3.1,fr,0
58,1,0,0,2,0,1675,0,0,0,0,0,2.741,com,0
44,3,0,2,0,0,655,0,0,1,0,1,3.434,fr,0
43,4,0,3,1,0,702,0,0,1,1,0,3.346,com,0
60,2,0,3,5,1,1164,0,0,1,0,0,2.568,com,0
70,1,1,2,1,2,736,0,0,1,0,0,3.729,org,0
77,1,1,4,0,1,1065,0,0,1,1,0,3.02,com,0
82,1,1,1,1,2,626,0,0,1,0,0,3.225,edu,0
70,4,3,5,1,0,455,0,0,0,0,0,3.825,top,1
42,3,0,2,2,0,273,0,0,1,0,0,2.588,com,0
67,3,1,4,1,1,346,0,0,1,0,0,2.757,com,0
64,1,2,1,2,0,1026,0,0,1,0,0,3.081,net,0
43,3,1,2,0,0,1074,0,0,1,0,0,2.912,com,0
66,2,0,2,1,2,1005,0,0,1,0,1,3.505,org,0
92,3,2,5,0,1,487,0,1,0,0,0,3.637,xyz,1
45,2,0,5,0,1,755,0,0,1,0,0,2.878,fr,0
57,1,0,0,1,0,703,0,1,1,0,0,2.35,org,0
30,1,0,2,1,0,1368,0,0,1,0,0,2.326,com,0
73,1,1,1,0,4,1667,0,0,1,0,0,2.769,com,0
45,4,0,1,0,3,1247,0,0,1,0,0,3.317,edu,0
50,3,0,2,1,0,894,1,0,1,0,0,2.996,com,0
86,1,0,4,1,0,384,0,0,1,0,0,3.312,com,0
19,3,0,1,1,0,1664,0,0,0,0,0,3.211,com,0
70,1,0,2,1,1,943,0,0,1,0,0,2.952,com,0
46,3,0,0,0,1,811,0,0,1,0,0,3.721,edu,0
40,3,0,4,2,1,860,0,0,0,0,0,2.987,net,0
74,1,3,4,3,1,708,0,0,0,0,1,4.419,com,1
37,1,1,1,1,0,1544,0,0,1,1,0,3.138,com,0
59,1,0,2,1,1,1354,0,0,1,0,0,2.882,org,0
33,5,0,2,0,2,2954,0,0,1,0,0,3.086,com,0
71,2,1,3,2,1,866,0,0,1,0,0,3.445,org,0
48,3,0,0,1,0,1969,0,0,1,0,0,2.498,org,0
62,4,0,2,1,2,2246,0,0,1,0,0,2.147,com,0
77,2,0,5,1,2,105,0,0,1,0,0,3.916,top,1
50,3,1,0,4,1,254,0,0,1,1,1,3.473,net,1
14,3,0,1,1,2,733,0,0,1,0,0,3.752,com,0
31,3,0,0,2,1,1422,0,0,1,0,0,3.154,org,0
66,1,0,1,3,3,499,0,0,1,0,1,2.873,net,0
86,1,0,2,0,0,529,0,1,1,0,0,3.144,com,0
78,5,2,5,2,3,158,0,0,0,1,0,3.864,xyz,1
56,2,0,0,2,1,337,0,0,1,0,0,3.237,fr,0
84,1,1,4,2,1,210,0,0,1,0,1,3.883,tk,1
23,2,1,0,0,1,499,0,0,1,0,0,3.336,com,0
63,6,0,0,0,2,776,0,0,1,0,0,2.844,com,0
60,1,0,3,3,1,796,0,0,1,0,0,3.498,com,0
64,1,0,0,2,0,675,0,0,0,0,0,3.241,com,0
34,1,1,0,1,1,1391,0,0,1,0,0,2.645,com,0
89,3,3,1,3,1,161,0,0,1,0,1,3.77,xyz,1
33,1,1,6,0,2,2464,0,0,1,0,0,2.436,com,0
91,7,1,2,1,1,1608,0,0,1,0,0,3.029,com,0
52,1,0,2,0,1,805,0,0,1,0,0,3.886,com,0
32,3,2,1,2,1,568,0,0,1,0,0,3.642,com,0
31,4,1,6,1,4,23,0,0,0,1,0,3.119,tk,1
59,1,0,3,1,1,15,0,0,0,0,0,4.197,xyz,1
59,2,0,3,0,1,1332,0,0,1,0,1,2.975,com,0
70,1,0,1,0,1,1176,0,0,1,0,0,3.202,com,0
74,2,1,0,2,2,901,0,0,1,1,0,3.65,org,0
30,1,0,3,3,1,1124,0,0,1,0,0,3.213,net,0
79,1,1,2,1,1,1301,0,0,1,0,0,3.088,org,0
51,1,2,2,4,5,274,0,1,1,0,0,3.369,com,1
48,3,1,1,0,0,1028,0,0,1,0,0,2.616,com,0
35,4,2,3,2,2,653,0,0,1,0,1,2.158,com,0
40,1,0,1,2,0,1181,0,0,1,0,0,2.795,org,0
61,1,0,4,1,2,1527,0,0,1,0,0,2.851,com,0
58,1,2,0,0,2,1488,0,0,1,0,0,3.27,com,0
32,2,1,2,1,0,2144,0,0,1,0,0,3.179,com,0
38,4,0,3,1,0,1108,0,0,1,0,0,2.689,com,0
31,3,0,3,2,0,672,0,0,1,0,0,3.025,org,0
28,1,0,2,0,3,708,0,0,1,1,0,2.8,com,0
27,1,2,2,3,2,4043,0,0,1,0,0,1.836,com,0
41,1,0,2,2,1,728,0,0,1,0,0,3.106,com,0
50,3,1,2,1,1,773,0,0,1,1,0,2.826,gov,0
109,1,1,3,3,3,135,0,0,0,0,0,4.891,top,1
62,6,3,0,2,2,1337,0,0,1,0,1,3.414,org,0
33,5,0,1,1,0,888,0,0,1,0,0,2.948,net,0
59,1,0,1,2,1,584,0,0,1,0,0,3.327,gov,0
71,8,0,3,0,0,331,0,0,1,0,1,3.088,xyz,1
68,4,0,7,1,3,506,0,0,1,0,1,3.431,tk,1
96,1,1,2,0,0,2386,0,0,1,0,0,2.915,com,0
61,2,1,1,1,1,778,0,0,1,0,0,3.586,fr,0
66,1,0,2,0,0,1933,0,0,1,0,0,3.171,com,0
51,2,2,6,7,0,73,0,0,0,0,0,3.128,com,1
59,2,1,1,2,0,595,0,0,1,0,1,3.117,fr,0
30,1,4,0,1,0,2566,0,0,1,0,0,3.009,com,0
76,2,2,3,0,0,572,0,0,1,0,0,2.713,org,0
110,2,2,3,0,2,1391,0,0,1,0,0,2.602,fr,0
24,4,1,3,1,1,534,0,0,1,0,0,3.098,com,0
52,1,1,4,1,0,1890,0,0,1,0,0,2.654,net,0
68,3,0,2,1,1,636,0,0,1,0,0,2.93,com,0
103,2,0,6,1,1,134,0,0,0,0,0,3.573,xyz,1
30,5,1,1,2,0,2085,0,0,1,0,0,2.895,com,0
79,3,0,4,1,1,761,0,0,1,0,0,3.518,xyz,1
12,2,1,0,2,0,1461,0,0,1,1,0,2.574,fr,0
48,2,0,1,1,1,1549,0,0,1,0,0,2.832,net,0
73,2,0,1,0,0,507,0,0,1,0,0,2.711,com,0
68,2,0,2,0,0,1967,0,0,1,0,0,3.62,com,0
54,3,1,2,2,0,933,0,0,1,0,0,3.204,com,0
84,4,5,4,1,1,290,0,0,1,0,1,2.871,info,1
97,2,0,1,2,1,1057,0,0,1,0,0,2.327,com,0
80,4,1,2,8,1,162,0,0,1,0,1,3.422,zip,1
49,2,1,0,0,0,1027,0,0,0,0,0,2.939,org,0
56,1,1,1,0,2,380,0,0,1,0,0,2.947,fr,0
73,1,3,9,1,1,29,0,0,1,0,1,2.049,com,1
37,1,1,3,0,0,1593,0,0,1,0,0,3.428,org,0
19,3,2,1,0,1,552,0,0,1,0,0,3.239,com,0
45,3,0,1,0,0,1504,0,0,1,0,0,3.122,net,0
42,1,0,0,1,0,2543,0,0,1,0,1,3.366,org,0
107,1,1,5,4,0,929,0,0,1,0,0,3.715,xyz,1
65,1,0,2,2,2,1318,0,0,1,0,0,3.175,com,0
58,3,1,2,0,2,1286,0,0,1,0,0,2.907,com,0
84,3,2,3,3,0,610,0,0,1,0,1,3.146,xyz,1
97,1,1,2,1,0,160,0,0,1,0,0,3.045,xyz,1
45,2,2,3,2,1,731,0,0,1,0,0,4.166,net,0
29,3,0,1,2,1,2510,0,0,1,0,0,2.841,org,0
66,4,2,3,1,3,405,0,1,0,0,1,4.325,net,1
44,1,2,0,2,1,760,1,0,1,0,0,3.389,com,0
81,3,2,3,2,1,117,0,1,1,0,1,4.064,com,1
53,4,1,4,1,0,1509,0,0,1,0,0,2.311,fr,0
83,2,0,3,3,0,209,0,0,0,0,0,4.244,info,1
45,4,1,0,0,0,2511,0,0,1,0,0,3.11,com,0
76,2,1,6,0,1,1336,0,0,1,0,1,3.597,com,0
82,2,2,5,0,0,118,0,1,0,0,0,4.273,tk,1
12,1,0,1,1,0,441,0,0,1,0,0,3.457,com,0
75,1,0,1,0,1,1672,0,0,1,1,0,3.875,com,0
78,1,0,1,0,4,738,0,0,1,0,0,2.9,org,0
78,1,2,3,2,2,1876,0,0,1,0,0,3.105,net,0
82,2,1,1,2,2,854,0,0,1,0,0,3.385,edu,0
31,2,0,2,0,1,312,0,0,0,1,1,2.458,com,0
12,1,0,5,1,1,1293,0,0,1,0,0,2.906,com,0
74,1,0,2,0,1,1808,0,0,1,0,0,3.513,net,0
91,2,1,7,1,3,342,0,0,1,1,0,3.439,net,1
31,2,0,0,0,1,1029,0,0,1,0,0,3.63,com,0
49,2,2,1,5,1,122,0,0,1,1,0,3.848,xyz,1
39,3,1,6,4,2,499,0,0,1,0,0,3.401,top,1
97,2,1,2,2,0,565,0,0,0,0,0,2.926,fr,0
39,1,0,3,3,1,570,0,0,1,0,0,3.136,com,0
80,3,1,1,1,2,606,0,0,1,0,0,3.211,fr,0
82,2,2,4,0,0,2843,0,0,1,0,0,3.025,com,0
69,1,2,1,0,0,1052,0,0,1,0,0,2.952,edu,0
67,1,0,2,1,1,1402,0,0,1,0,0,2.239,com,0
57,3,0,3,2,1,771,0,1,1,1,0,3.732,net,0
103,5,4,8,4,0,157,0,0,0,0,0,2.601,xyz,1
88,1,0,1,1,2,498,0,0,1,0,1,3.042,com,0
55,1,0,0,0,1,1136,0,0,0,0,0,3.011,net,0
75,1,0,2,3,1,751,1,0,1,0,0,3.14,net,0
47,1,0,1,2,0,1693,0,0,0,0,0,3.569,com,0
58,1,0,2,2,1,2319,0,0,1,0,0,2.833,org,0
53,1,0,4,2,0,646,0,0,1,0,0,3.405,com,0
73,3,1,2,2,2,465,0,0,1,0,0,2.925,com,0
47,1,0,2,0,0,891,0,0,0,0,1,2.801,org,0
41,1,1,0,2,1,470,0,0,1,0,0,2.77,fr,0
74,4,1,1,0,2,189,0,0,1,0,0,4.367,click,1
56,1,0,3,1,1,1260,0,0,1,0,0,3.049,org,0
95,1,0,3,3,1,787,1,0,1,0,0,2.997,org,0
63,1,0,4,1,0,1330,0,0,1,0,0,2.928,fr,0
59,4,0,1,0,2,1529,0,0,1,0,0,3.593,com,0
58,2,1,6,0,2,1526,0,0,1,0,0,2.747,net,0
86,1,1,1,1,1,569,0,0,1,0,0,3.264,com,0
63,2,0,1,1,1,988,0,0,1,0,0,2.945,gov,0
45,1,0,0,1,1,1831,0,0,1,0,0,2.861,org,0
51,1,2,1,1,0,1871,0,0,0,0,0,3.183,com,0
26,1,0,3,1,0,2127,0,0,1,0,0,1.961,com,0
62,1,1,1,4,2,957,0,0,1,0,0,3.531,fr,0
80,3,0,1,0,1,1461,0,0,1,0,1,3.274,com,0
15,1,0,0,0,1,749,0,0,1,0,0,2.431,fr,0
39,2,0,1,3,0,1751,0,0,1,1,0,3.271,com,0
60,2,0,2,1,0,1661,0,0,1,0,0,2.188,fr,0
70,2,0,1,0,0,1709,0,0,1,0,0,2.942,com,0
65,1,1,2,2,2,585,0,0,1,1,0,3.009,net,0
73,1,2,1,1,0,1081,0,0,1,0,1,2.423,com,0
57,2,1,6,1,0,3348,0,0,1,0,0,2.664,edu,0
65,8,1,4,2,1,112,0,0,0,0,0,4.18,tk,1
19,2,2,0,2,0,1350,0,0,1,0,0,3.171,fr,0
107,1,1,2,1,0,2398,0,0,1,0,0,2.556,org,0
12,1,0,0,1,1,1383,0,0,1,0,0,3.171,net,0
58,3,0,3,2,0,1146,0,0,1,0,0,2.945,com,0
64,1,0,2,1,0,1169,0,0,1,0,0,3.369,gov,0
100,3,2,10,1,1,90,1,0,0,1,0,3.89,top,1
79,2,0,0,2,2,966,0,0,1,0,0,3.714,com,0
58,4,2,2,1,0,1280,0,0,1,1,0,3.264,com,0
52,1,1,1,2,2,692,1,0,1,0,0,3.533,net,0
30,1,0,2,0,2,1681,0,0,1,0,0,2.587,org,0
22,4,0,2,0,2,1066,1,0,1,0,0,3.453,com,0
47,3,1,2,0,1,1210,0,0,1,0,0,2.136,fr,0
84,4,1,2,0,2,1352,0,0,1,0,1,3.535,org,0
87,1,0,1,1,0,399,0,0,1,0,0,2.708,com,0
55,1,1,1,1,0,853,0,0,1,0,0,3.503,edu,0
43,2,0,1,1,1,1568,0,0,1,0,0,2.314,com,0
38,3,0,2,0,1,444,0,0,1,0,1,2.654,net,0
31,5,1,1,1,2,1000,0,0,1,0,0,3.091,com,0
64,2,1,2,0,2,365,0,0,1,0,1,2.974,com,0
77,3,0,4,0,0,2569,0,0,1,0,0,2.677,com,0
34,3,1,1,3,1,141,0,0,0,0,0,2.975,xyz,1
59,3,0,2,5,0,2054,0,0,1,1,0,2.898,com,0
24,3,2,0,2,0,1277,0,0,1,0,0,2.486,com,0
31,1,0,0,1,0,1646,0,0,1,0,0,3.261,com,0
52,5,3,4,3,1,224,0,1,0,1,0,3.538,top,1
55,7,1,2,3,2,1335,0,0,1,0,0,3.611,com,0
35,1,0,0,0,0,1299,0,0,1,0,0,3.221,fr,0
36,2,1,1,1,1,920,0,0,1,0,0,3.411,org,0
29,2,1,2,1,2,1435,0,0,1,0,0,3.427,net,0
62,2,1,2,1,2,469,0,0,1,1,1,2.849,com,0
112,5,3,4,3,2,150,0,0,0,1,0,3.862,top,1
70,3,0,3,1,1,1700,0,0,1,0,0,3.466,com,0
81,2,1,2,3,1,442,0,0,1,0,1,2.778,tk,1
62,3,0,7,4,1,95,0,0,1,1,0,3.49,com,1
53,1,1,4,2,0,1867,0,0,1,0,0,3.424,com,0
67,3,0,0,0,1,1837,0,0,1,0,0,3.366,com,0
61,1,1,1,0,1,1720,0,0,1,0,0,2.824,com,0
49,5,3,2,3,2,126,0,1,1,1,1,3.648,xyz,1
50,1,0,1,1,1,2229,0,0,1,1,0,3.07,net,0
82,2,0,2,3,2,1243,0,0,1,0,0,2.472,com,0
47,1,0,1,0,0,1607,0,0,1,0,0,3.518,gov,0
71,2,1,2,1,3,750,0,0,1,0,0,2.094,org,0
44,1,3,2,0,2,1654,0,0,1,0,0,3.056,fr,0
44,2,1,0,1,1,1547,1,0,1,0,0,3.108,com,0
61,3,2,2,2,1,296,1,0,1,0,0,3.613,net,0
38,4,0,1,1,0,795,0,0,1,0,0,3.886,net,0
77,3,2,7,3,1,411,0,0,1,0,0,2.94,com,1
51,1,0,1,0,1,2700,0,0,1,0,0,2.078,com,0
51,1,1,1,0,1,1395,0,0,1,0,0,3.102,com,0
75,5,1,3,3,1,386,1,0,1,0,0,3.854,click,1
26,2,0,1,0,1,1443,0,0,1,0,0,2.614,org,0
31,1,2,6,1,2,393,0,0,0,0,0,3.351,tk,1
65,1,0,1,0,1,1187,0,0,1,0,1,3.07,org,0
17,5,0,2,1,0,2252,0,0,1,1,0,4.001,com,0
95,2,1,2,0,0,904,0,0,1,1,0,2.73,net,0
100,5,0,2,1,2,991,0,0,1,0,0,2.769,fr,0
76,4,5,2,1,1,358,0,0,0,0,0,3.466,info,1
42,2,2,5,3,2,278,0,0,0,0,0,3.438,top,1
12,6,1,2,2,1,494,0,1,1,0,0,3.28,fr,0
45,2,1,0,2,1,560,0,0,0,0,0,3.175,net,0
52,1,1,4,1,1,537,0,0,1,0,0,3.007,zip,1
18,3,0,1,2,0,1630,0,0,1,0,0,3.198,net,0
29,1,0,0,0,1,459,0,0,0,1,0,2.581,com,0
80,2,1,2,1,0,2275,0,0,1,0,0,3.209,fr,0
89,3,1,5,4,5,131,0,0,1,1,0,3.848,xyz,1
70,1,2,0,3,0,1011,0,0,0,0,0,2.376,net,0
67,3,0,2,1,1,982,0,0,1,0,0,2.098,fr,0
29,1,0,2,2,0,807,0,0,1,0,0,3.136,net,0
20,3,0,4,1,0,1144,0,0,1,0,0,3.059,com,0
59,1,0,3,0,0,1190,0,0,1,0,0,2.726,net,0
98,2,0,10,4,0,562,0,0,1,0,0,3.054,info,1
54,1,1,3,4,1,699,0,0,1,0,0,2.749,org,0
22,1,0,1,2,2,1509,0,0,1,0,0,2.538,net,0
52,4,1,1,2,0,1209,0,0,1,0,0,2.089,org,0
53,2,1,3,4,0,1165,0,0,1,0,0,2.966,com,0
102,3,0,4,2,5,258,0,0,1,0,0,4.002,click,1
64,3,0,1,0,1,2868,0,0,1,1,0,3.272,com,0
78,4,1,2,3,2,352,0,0,0,1,0,2.743,info,1
63,1,0,3,1,0,1398,0,0,1,0,0,3.406,fr,0
107,3,1,5,1,1,456,0,0,1,0,0,3.218,com,1
38,1,0,2,3,1,1007,0,0,1,0,0,2.599,com,0
64,4,0,0,1,1,1727,0,0,1,0,0,3.263,org,0
51,1,1,1,1,1,941,0,0,1,0,0,3.703,net,0
57,1,1,2,0,1,1469,0,0,1,0,1,3.466,org,0
59,1,1,4,2,2,222,0,0,0,1,0,3.017,top,1
69,1,1,2,1,3,1548,0,0,1,1,0,2.883,com,0
53,4,2,1,0,1,1429,0,0,1,0,0,3.247,com,0
52,3,2,4,0,0,482,0,0,1,0,0,2.832,org,0
93,2,2,8,2,1,88,0,0,1,1,1,2.986,top,1
58,5,1,2,0,3,429,0,0,1,0,0,2.966,com,0
12,3,1,0,1,1,1173,0,0,1,0,0,3.254,com,0
17,2,1,3,2,0,1828,0,0,1,0,0,2.866,fr,0
59,2,0,1,2,0,1150,0,0,1,0,0,3.053,com,0
66,3,2,1,0,1,1281,0,0,1,0,0,2.943,com,0
54,1,1,0,1,0,1754,0,1,1,0,0,3.116,com,0
56,4,2,2,1,0,248,0,0,1,0,1,4.891,tk,1
12,1,0,3,2,2,1258,0,1,1,0,0,1.956,net,0
60,1,1,8,1,5,58,0,0,1,0,1,3.712,top,1
76,2,1,0,2,2,1809,0,0,0,0,0,2.886,com,0
66,1,1,5,1,3,119,0,0,0,0,0,3.249,tk,1
97,5,1,6,2,0,213,0,0,1,0,0,2.898,click,1
67,5,1,2,1,1,641,0,0,0,1,0,3.067,com,0
18,1,0,4,5,1,904,0,0,1,0,0,2.606,com,0
52,3,1,2,1,0,847,0,0,0,1,0,2.612,fr,0
48,4,0,2,2,1,1178,0,0,1,1,0,3.63,com,0
42,1,1,1,0,0,1676,0,0,1,0,0,2.855,org,0
66,2,2,1,1,1,1146,0,0,1,1,0,2.754,com,0
17,2,1,0,2,2,887,0,0,1,0,0,2.637,org,0
28,2,0,2,0,2,935,0,0,1,0,0,3.531,fr,0
21,5,0,1,1,0,637,1,0,1,0,1,2.844,com,0
42,1,0,0,1,0,540,0,0,1,0,0,3.353,com,0
59,4,0,2,0,1,2964,0,0,1,0,0,3.921,org,0
48,3,0,1,2,1,2118,0,0,1,0,0,2.823,com,0
63,1,2,3,0,4,156,1,0,0,0,1,3.505,info,1
37,1,0,1,1,0,782,0,0,1,1,0,3.309,org,0
92,5,1,7,1,1,205,0,0,1,0,0,3.28,com,1
54,1,0,2,1,0,1104,0,0,1,0,0,3.559,org,0
15,1,2,1,2,3,134,0,0,1,0,1,3.313,info,1
84,5,2,7,1,1,357,0,0,1,0,0,3.503,com,1
35,1,0,0,1,2,837,0,0,1,0,0,2.694,fr,0
79,1,0,1,0,1,676,0,0,1,0,0,3.414,com,0
60,2,3,4,3,4,297,0,1,0,0,0,2.743,xyz,1
24,4,1,2,1,1,1212,0,0,1,0,0,1.893,edu,0
78,3,0,2,1,2,1048,0,0,1,0,0,3.557,gov,0
39,3,1,3,0,1,1709,0,0,0,0,0,2.963,net,0
68,1,1,7,1,4,870,0,0,1,0,0,2.336,fr,0
28,2,0,1,2,0,126,0,0,1,0,0,2.194,fr,0
31,4,0,0,4,1,391,0,0,1,0,0,2.757,com,0
52,1,1,1,0,0,1464,0,0,0,0,0,3.225,fr,0
43,1,2,0,1,0,823,0,0,1,0,0,2.43,org,0
40,2,2,0,0,2,1001,0,0,1,0,1,3.135,com,0
41,1,0,0,2,5,1946,0,0,1,0,0,3.434,com,0
74,6,1,3,2,2,320,1,0,1,0,1,3.843,zip,1
60,1,0,2,1,1,403,0,0,0,0,0,3.21,com,0
94,2,0,6,0,1,545,0,0,0,0,0,2.374,xyz,1
45,1,3,4,1,2,428,1,0,0,0,0,3.831,tk,1
32,2,0,0,2,0,804,0,0,1,0,0,2.99,com,0
45,1,0,1,1,1,567,0,0,1,0,0,3.393,com,0
35,1,0,1,2,1,1557,0,0,1,0,0,2.274,fr,0
82,2,0,2,2,2,1496,0,0,1,0,0,3.336,com,0
89,4,1,3,1,2,421,0,0,1,1,0,3.681,net,1
80,1,1,6,1,3,988,0,0,1,1,1,4.029,net,1
57,3,0,0,0,2,981,0,0,1,0,0,3.832,com,0
54,3,0,1,0,1,460,0,0,1,1,0,3.546,fr,0
61,5,1,6,1,1,453,0,0,1,0,1,4.266,info,1
99,2,0,0,1,1,325,0,0,1,0,0,2.982,fr,0
115,1,1,4,1,1,1253,0,0,1,0,0,3.328,com,0
73,1,0,4,1,0,1071,0,0,1,0,0,3.076,net,0
28,1,0,2,0,2,1617,0,0,1,0,0,3.088,org,0
78,4,0,3,2,1,730,0,0,1,0,0,3.484,edu,0
58,2,3,2,1,0,568,0,0,1,0,0,2.898,edu,0
84,1,2,7,3,1,283,0,0,1,1,0,3.51,xyz,1
49,2,1,3,1,1,1098,0,0,1,0,0,2.773,org,0
69,1,0,0,1,3,1168,0,0,1,0,0,2.721,com,0
55,1,3,1,3,1,914,0,0,1,0,0,2.939,net,0
34,2,1,2,1,2,322,0,0,1,0,0,2.746,org,0
43,4,0,2,3,3,1768,0,0,1,0,0,3.456,org,0
62,1,0,3,1,2,196,0,0,0,0,0,3.309,zip,1
33,2,0,1,0,1,1176,1,0,1,0,1,3.711,com,0
16,1,1,5,3,0,566,0,0,1,0,0,2.823,net,0
25,3,1,1,1,0,444,0,0,1,0,0,3.486,com,0
41,3,0,5,1,2,812,0,0,1,0,0,3.125,com,0
79,1,0,1,1,0,771,0,0,0,0,0,3.746,net,0
77,1,0,2,1,0,871,0,0,1,0,0,3.248,com,0
47,3,0,2,0,2,637,0,0,1,0,0,3.329,com,0
43,1,0,1,3,2,880,0,0,1,0,0,3.306,com,0
59,3,0,1,2,1,637,0,0,1,0,0,3.012,com,0
44,1,1,2,4,0,1025,1,0,1,0,0,3.833,xyz,1
40,1,0,1,1,1,2212,0,0,1,0,0,3.013,com,0
69,2,3,1,1,1,1525,0,0,0,0,0,3.026,com,0
40,2,1,1,1,1,456,0,0,1,0,0,3.215,net,0
60,4,0,2,1,0,970,0,0,1,0,0,3.032,net,0
32,1,0,4,1,3,2650,0,0,1,0,0,2.898,com,0
51,3,0,0,1,2,1123,0,0,1,0,0,2.562,com,0
38,1,1,0,0,1,2488,0,0,1,0,0,3.368,com,0
57,1,1,4,1,1,1070,0,0,1,0,0,3.065,com,0
63,2,0,2,1,2,1460,0,0,1,0,0,2.834,net,0
43,1,1,1,0,0,1236,0,0,1,0,0,2.424,com,0
53,1,2,4,2,1,749,0,0,1,0,0,2.56,com,0
82,1,1,3,0,0,1162,0,0,1,0,0,3.217,com,0
64,1,1,2,1,3,535,0,0,0,0,0,3.011,org,0
68,1,0,1,3,2,1126,0,1,1,0,0,2.263,fr,0
77,1,1,5,3,3,172,0,0,1,1,0,3.993,info,1
63,1,0,0,1,0,1134,0,0,1,0,0,2.99,com,0
74,3,0,0,1,1,1845,0,0,1,0,0,3.135,net,0
58,1,1,2,2,2,572,1,0,1,1,0,2.747,click,1
90,1,0,1,0,1,475,0,0,1,0,0,3.978,net,0
39,3,0,0,0,2,1182,0,0,1,0,0,3.801,gov,0
61,1,0,2,0,0,1276,0,0,0,0,0,3.394,com,0
52,3,0,3,3,1,221,1,0,0,0,0,3.515,tk,1
78,1,3,5,3,1,125,0,0,1,0,0,3.548,net,1
32,2,1,2,1,0,847,0,0,1,0,0,3.075,com,0
53,1,0,0,0,3,874,0,0,1,0,0,3.138,net,0
42,5,1,1,1,2,1647,0,0,1,0,0,3.258,net,0
56,1,0,1,0,0,2158,0,0,1,0,0,3.832,com,0
85,3,2,3,3,4,378,0,0,1,0,0,3.714,top,1
48,1,0,5,3,1,222,0,0,1,1,0,4.067,zip,1
38,1,0,1,0,1,1724,0,0,1,1,0,3.637,fr,0
55,1,0,0,2,0,1055,0,0,1,0,0,2.878,com,0
89,1,1,2,1,2,660,0,0,1,0,0,4.33,xyz,1
66,2,0,1,0,0,1623,0,0,1,0,0,2.696,com,0
93,1,1,0,1,1,1141,0,0,1,0,0,2.816,com,0
46,1,0,2,1,0,1572,0,0,1,0,0,2.919,fr,0
69,1,0,0,1,1,776,0,0,1,0,0,2.297,fr,0
69,2,1,1,2,1,705,0,0,1,0,0,3.266,com,0
40,2,3,4,2,3,488,0,0,1,0,0,3.928,zip,1
93,2,3,0,4,1,290,0,0,1,0,0,3.64,fr,0
36,4,0,2,0,2,2781,0,0,1,0,0,3.502,fr,0
64,1,1,5,1,2,413,0,0,1,1,0,3.045,info,1
53,3,2,2,1,2,1257,0,1,0,0,0,3.313,org,0
63,3,2,3,1,2,2544,0,0,1,0,0,2.529,net,0
52,1,1,1,1,1,1039,0,0,1,0,0,2.469,com,0
30,3,1,2,2,2,1301,0,0,1,0,0,3.617,edu,0
89,1,3,5,2,2,268,1,0,1,0,0,3.347,net,1
49,1,1,0,2,0,455,0,0,1,0,0,2.011,net,0
23,1,6,5,2,1,447,0,0,0,0,0,4.398,info,1
67,4,2,6,5,2,229,0,0,1,1,0,3.35,click,1
53,3,0,2,0,0,2219,1,0,0,0,0,2.735,org,0
56,1,0,3,4,0,3084,0,0,1,0,0,2.893,com,0
24,3,3,0,2,0,1220,0,0,1,0,0,2.641,com,0
48,1,1,2,2,1,2306,1,0,1,0,0,2.524,net,0
80,2,2,1,2,2,319,0,0,1,0,0,3.583,com,1
103,1,0,5,1,2,294,0,0,1,1,0,3.921,top,1
66,3,1,2,0,4,1708,0,0,0,0,0,2.586,com,0
76,3,0,1,0,1,2684,0,0,1,0,0,3.36,com,0
23,1,0,4,1,3,817,0,0,1,1,0,3.196,net,0
85,3,3,2,1,3,75,0,0,1,0,0,4.251,com,1
26,3,1,3,0,0,723,0,0,1,0,0,3.033,com,0
51,1,0,2,2,0,1337,0,0,1,0,0,3.2,com,0
32,1,2,1,0,6,1544,0,0,1,1,0,3.258,com,0
76,2,2,9,1,0,184,0,0,1,0,0,3.671,xyz,1
37,5,0,1,2,0,2304,0,0,1,0,0,2.617,fr,0
48,2,1,2,0,2,3053,0,0,0,0,0,2.827,fr,0
79,2,2,4,4,1,31,0,0,1,0,0,4.788,xyz,1
50,1,2,6,2,0,131,0,0,1,0,0,3.909,tk,1
59,2,0,1,2,4,839,0,0,1,1,0,2.631,org,0
70,1,1,2,2,0,523,0,0,1,0,0,3.332,gov,0
62,4,1,0,0,1,736,0,0,1,0,0,3.764,gov,0
64,4,2,6,2,1,102,0,0,1,0,1,3.616,com,1
42,2,0,1,1,1,2221,0,0,1,0,0,3.062,edu,0
60,2,1,6,2,0,917,0,0,1,1,1,3.884,top,1
60,2,2,2,3,1,1006,0,0,1,0,0,3.076,fr,0
69,1,1,5,1,2,318,0,0,1,0,0,3.93,click,1
40,1,0,2,1,0,1242,0,0,1,0,1,2.73,org,0
36,3,0,2,1,0,822,1,0,1,0,0,2.833,com,0
74,1,0,1,0,3,1705,0,0,1,0,1,2.003,net,0
44,3,0,3,0,0,2202,0,0,1,0,0,3.05,fr,0
77,1,0,2,1,1,3045,0,0,1,0,0,3.047,fr,0
48,1,2,1,1,0,938,0,0,1,0,0,3.291,org,0
75,3,2,2,1,2,2157,0,0,1,0,0,3.099,fr,0
24,1,0,0,1,1,675,0,0,1,0,0,3.708,com,0
70,2,1,3,1,1,301,0,1,1,0,0,3.904,net,0
88,2,0,2,1,0,1027,0,0,1,0,0,2.714,com,0
78,3,0,1,1,2,784,0,0,1,0,0,3.338,com,0
58,1,2,4,2,0,1404,0,0,1,0,0,3.047,com,0
79,3,0,4,1,1,632,0,0,1,0,0,3.365,com,0
18,2,1,1,2,1,1360,0,0,1,0,0,3.178,com,0
67,2,2,1,2,0,170,1,0,1,0,0,3.827,net,1
71,2,0,6,1,1,1179,0,0,1,0,0,2.904,edu,0
52,3,1,5,2,1,535,0,0,1,0,1,4.004,net,1
117,1,2,3,1,0,51,0,0,1,1,0,3.195,zip,1
23,1,1,7,0,1,1156,0,0,1,0,0,3.853,fr,0
62,2,0,2,1,0,291,0,0,0,0,0,2.951,com,0
98,2,1,5,1,3,325,0,1,1,0,1,3.143,top,1
94,1,3,1,4,4,151,0,0,0,0,0,3.572,click,1
23,3,0,2,2,0,1032,0,0,1,0,0,3.271,net,0
64,2,5,3,3,0,340,0,0,1,0,1,3.217,info,1
43,1,1,2,0,1,1586,0,0,1,0,0,2.566,com,0
81,2,0,1,1,1,1142,0,0,1,0,1,3.472,fr,0
47,7,0,2,0,1,1127,0,0,1,0,0,2.943,com,0
83,3,1,0,1,0,1337,1,0,1,0,0,3.178,gov,0
64,1,2,3,1,2,676,0,0,1,0,0,2.951,org,0
81,2,1,1,0,1,1189,0,0,1,0,0,4.206,org,0
48,1,0,2,2,0,665,0,0,1,0,0,2.999,com,0
27,1,1,2,1,0,691,0,0,1,1,0,2.536,com,0
53,1,1,0,2,0,1940,0,0,1,0,0,3.586,edu,0
31,2,0,2,0,1,538,0,1,1,0,0,2.857,fr,0
33,2,0,0,2,1,1707,0,0,1,0,0,3.403,com,0
48,1,0,1,1,1,1392,0,0,1,0,0,2.883,com,0
57,5,1,2,1,1,417,0,0,1,0,0,3.235,fr,0
35,1,0,3,0,1,479,0,0,1,0,0,2.444,fr,0
41,2,0,1,1,0,303,0,0,1,1,0,2.987,net,0
49,1,0,1,0,1,1265,0,0,1,0,0,3.572,org,0
81,4,4,4,2,0,291,0,0,1,0,1,3.043,tk,1
63,4,0,1,1,2,908,0,0,1,0,0,3.285,gov,0
66,1,1,0,0,1,1177,0,0,1,0,0,2.492,com,0
31,1,0,1,1,3,1397,0,0,1,0,0,3.044,fr,0
96,3,2,5,2,2,173,0,0,1,0,0,3.374,com,1
49,1,0,3,2,0,926,0,0,1,0,0,3.291,com,0
48,1,0,0,0,2,933,0,0,1,0,0,3.451,com,0
24,2,2,6,1,6,504,1,0,1,0,0,3.393,xyz,1
112,1,1,5,1,1,128,0,0,1,1,1,3.203,xyz,1
50,1,5,3,1,1,36,0,0,1,1,1,3.088,top,1
69,1,0,3,0,0,1080,0,0,0,0,0,3.252,com,0
51,7,1,2,0,0,2613,0,0,1,1,0,3.114,fr,0
61,1,2,2,3,1,276,0,0,0,0,1,3.598,net,1
33,1,1,1,3,1,1339,0,0,1,0,0,3.342,fr,0
66,4,0,0,0,1,385,0,0,0,1,0,2.336,gov,0
67,4,0,1,0,1,541,0,0,1,0,0,2.322,fr,0
27,1,0,2,0,0,898,0,0,1,0,0,1.934,gov,0
34,2,0,0,0,0,969,0,0,1,0,0,2.457,com,0
72,1,2,3,1,1,1661,0,0,1,0,0,3.158,fr,0
41,2,1,1,1,0,896,0,0,1,0,0,2.677,org,0
60,2,0,1,4,0,1816,0,0,1,0,0,3.307,org,0
43,1,3,1,4,1,1946,0,0,1,0,0,3.205,net,0
21,1,0,6,2,3,462,0,0,0,1,0,3.775,top,1
45,3,0,5,1,2,939,0,0,1,0,0,3.198,net,0
54,1,0,2,3,1,498,0,0,1,0,0,2.79,org,0
36,1,1,7,3,0,99,0,0,1,0,0,3.388,xyz,1
48,2,1,2,2,0,570,0,0,1,0,0,2.364,fr,0
62,3,1,0,1,0,1526,0,0,1,0,0,3.13,net,0
40,1,0,0,1,0,1581,0,0,0,0,0,3.494,edu,0
46,1,1,2,0,2,259,0,0,1,0,0,2.87,com,0
70,1,1,1,1,1,666,0,0,1,0,0,3.284,com,0
44,3,0,3,2,0,577,0,0,1,0,0,3.024,com,0
45,2,1,2,0,2,2224,0,0,1,0,0,2.584,com,0
32,2,2,5,1,0,765,0,0,0,1,0,3.331,xyz,1
47,1,1,1,2,1,323,0,0,1,0,0,3.308,org,0
12,1,1,1,3,0,1492,0,0,1,0,0,3.391,com,0
80,1,1,0,0,1,563,0,0,1,0,0,3.262,com,0
73,4,0,3,2,3,741,0,0,1,0,0,2.92,org,0
94,3,0,8,3,3,149,0,0,1,1,0,3.996,xyz,1
43,1,1,0,2,0,1253,0,0,1,0,1,2.151,com,0
12,2,2,1,1,0,919,0,0,1,0,0,2.532,net,0
20,2,0,2,2,1,764,0,0,1,0,0,3.529,com,0
68,2,1,2,1,0,1750,0,0,1,0,0,3.17,com,0
72,4,0,1,2,1,971,0,0,1,0,0,3.592,fr,0
50,1,0,6,5,3,249,0,0,1,0,1,3.536,tk,1
52,1,4,3,1,2,244,1,0,1,0,0,2.959,top,1
64,2,1,2,1,1,1376,0,0,1,0,1,2.358,com,0
110,2,3,6,3,1,100,0,1,1,0,0,2.97,click,1
64,4,2,1,2,0,1510,0,0,0,0,0,3.061,org,0
57,2,2,0,2,1,1659,0,0,1,0,0,3.102,org,0
23,3,0,1,1,0,1194,0,0,1,0,0,3.367,org,0
73,1,0,1,1,1,1023,0,0,1,0,0,2.877,gov,0
73,1,1,7,2,0,120,0,1,1,0,1,3.024,zip,1
100,4,2,2,7,3,421,0,0,1,0,0,4.073,zip,1
78,4,0,2,0,0,1226,0,0,0,0,0,3.309,com,0
103,6,2,5,3,3,158,0,0,0,0,0,3.239,click,1
65,1,1,8,2,0,177,1,0,1,1,0,3.003,info,1
20,3,1,6,2,3,323,0,0,0,0,0,3.918,info,1
119,1,2,4,0,1,738,1,0,1,0,1,3.979,top,1
87,1,0,0,1,2,1078,0,0,1,0,0,2.213,net,0
26,4,0,2,1,0,2160,0,0,0,0,0,3.268,com,0
57,5,1,5,4,1,225,0,0,1,0,0,4.152,xyz,1
51,3,0,0,0,0,811,0,0,1,0,0,3.719,com,0
27,1,0,0,2,0,1002,0,0,1,0,0,3.041,com,0
55,1,1,1,1,0,502,0,0,1,0,0,3.024,edu,0
33,2,2,2,1,0,1503,0,0,1,0,0,2.64,com,0
70,3,1,7,5,0,373,0,0,0,0,1,3.064,info,1
45,3,1,0,1,3,1074,0,0,1,0,0,3.809,com,0
61,3,0,0,1,0,1196,0,0,1,0,1,3.045,com,0
43,1,1,3,0,1,1816,0,0,1,0,0,3.176,fr,0
39,3,0,1,1,1,288,0,0,0,0,0,2.6,com,0
24,3,2,2,0,2,662,0,0,1,0,0,2.735,com,0
33,1,0,1,0,1,756,0,0,0,0,0,3.521,com,0
33,1,1,2,0,2,1819,0,0,1,1,0,3.202,net,0
103,3,1,2,3,1,1966,0,0,1,0,0,3.809,com,0
49,2,2,1,3,0,959,0,0,1,1,0,3.509,com,0
54,1,1,3,2,1,1540,0,0,1,0,0,3.081,com,0
70,3,0,2,0,1,441,0,0,0,0,0,2.885,fr,0
40,4,0,2,2,2,1516,0,0,1,0,0,2.627,com,0
77,1,0,0,0,0,3777,0,0,1,0,0,3.136,edu,0
77,1,4,2,0,1,2416,0,0,1,0,0,2.364,com,0
66,3,1,4,2,1,236,0,0,1,0,0,3.375,top,1
58,3,1,1,0,1,918,0,0,1,0,0,3.248,com,0
58,2,1,0,0,0,1178,0,0,1,0,0,3.036,org,0
52,1,0,5,2,1,1157,0,0,1,0,0,2.583,org,0
57,1,1,0,2,0,647,0,0,1,0,0,3.216,com,0
67,3,2,2,0,1,1397,0,0,1,0,1,2.959,com,0
79,1,3,5,3,1,112,0,0,1,0,1,4.391,com,1
15,3,2,1,2,3,441,0,0,0,0,1,3.33,top,1
39,3,0,2,0,1,889,0,1,0,0,0,2.953,com,0
30,1,0,1,1,0,976,1,0,1,0,0,2.77,gov,0
58,2,0,0,3,2,719,0,0,1,0,0,3.377,com,0
96,2,0,5,1,0,266,0,0,1,0,0,3.635,xyz,1
33,2,3,4,3,2,337,0,0,1,0,1,3.242,net,1
72,2,0,2,0,0,548,0,0,1,0,0,3.239,fr,0
67,1,1,4,1,0,1900,0,0,0,0,0,2.905,org,0
70,2,1,4,0,1,1157,0,0,1,0,0,3.492,gov,0
60,5,1,7,2,1,225,0,0,1,0,0,3.635,com,1
36,2,1,2,1,0,676,0,0,1,0,0,2.927,com,0
46,1,3,4,2,0,1525,0,1,1,0,0,3.15,org,0
46,2,0,1,0,0,541,0,0,1,0,0,2.894,net,0
13,2,0,3,2,0,1178,0,0,0,0,0,2.955,com,0
12,1,0,0,3,1,1934,1,0,1,0,0,3.047,com,0
22,2,2,3,0,0,1149,0,0,1,0,0,3.337,com,0
64,1,0,0,0,0,2019,0,1,1,0,0,2.147,com,0
60,1,1,1,1,1,240,0,0,1,0,0,3.578,com,0
38,2,0,2,2,1,107,0,0,1,1,0,3.762,net,1
56,5,1,1,1,0,1122,0,0,1,0,0,2.432,gov,0
28,4,0,0,0,1,753,0,0,1,0,0,3.285,net,0
42,3,0,3,4,2,1489,0,0,1,0,0,3.125,gov,0
36,2,2,3,0,0,867,0,0,1,0,0,2.362,com,0
99,4,1,2,2,0,1842,0,0,1,0,0,3.075,com,0
66,1,0,4,2,0,1139,0,0,0,0,0,2.435,com,0
32,1,0,6,0,1,305,1,0,1,1,1,3.111,tk,1
37,2,0,2,2,1,2107,0,0,1,0,0,3.059,com,0
57,2,0,2,2,1,543,0,0,1,0,0,2.143,com,0
20,1,0,0,0,0,767,0,0,1,0,0,3.213,fr,0
78,2,2,1,4,1,2740,0,0,1,0,0,2.935,com,0
70,2,1,1,3,2,1253,0,1,1,0,0,3.019,edu,0
66,3,2,3,4,1,77,0,0,0,0,0,3.765,tk,1
58,2,2,1,1,1,1430,0,0,1,0,0,2.561,com,0
50,2,0,1,3,2,2404,0,0,1,0,0,3.078,edu,0
105,4,1,3,1,3,1332,0,0,1,0,0,3.082,com,0
38,1,0,0,0,3,1247,0,0,1,0,0,3.532,fr,0
79,1,1,5,0,1,1082,0,0,1,0,1,2.9,net,0
70,3,3,4,3,1,200,0,0,1,0,0,3.286,zip,1
54,4,0,5,3,1,828,0,0,1,0,0,3.649,info,1
52,1,0,6,1,2,328,0,0,1,1,0,3.276,xyz,1
77,4,0,2,0,1,1355,0,0,0,0,0,2.926,net,0
44,1,0,1,3,1,1024,0,0,1,0,0,3.256,com,0
55,2,0,2,2,1,1384,0,0,1,0,0,2.727,net,0
69,1,0,2,1,2,1634,0,0,0,0,0,3.826,com,0
42,2,1,3,3,1,807,0,0,1,0,0,3.565,com,0
78,2,1,3,3,2,161,0,0,0,0,1,2.866,xyz,1
23,3,0,0,2,0,352,0,0,1,0,0,3.395,com,0
63,2,0,1,1,0,1344,0,0,0,0,0,2.453,org,0
50,3,0,4,2,1,73,0,0,1,0,0,4.566,xyz,1
66,5,1,3,4,2,839,0,0,1,0,0,2.614,com,0
55,1,0,2,3,1,432,0,0,1,0,0,2.761,org,0
29,2,2,2,1,2,871,0,0,1,0,0,2.135,fr,0
64,2,2,4,1,0,891,0,0,1,0,0,3.048,net,0
46,1,0,2,0,1,1180,0,0,1,0,1,2.697,gov,0
90,2,1,2,4,1,2275,0,0,1,0,0,3.509,org,0
13,1,0,3,1,0,997,0,0,1,0,0,2.811,com,0
12,1,1,1,1,0,367,0,0,1,0,0,2.994,net,0
19,1,1,2,1,0,703,0,0,1,0,0,2.554,com,0
42,3,1,1,1,2,1048,0,0,1,0,0,4.035,com,0
39,1,0,4,2,1,1366,0,0,0,0,0,2.728,com,0
74,3,0,1,1,0,812,0,0,1,0,0,3.652,org,0
44,2,0,2,0,1,902,0,0,1,0,0,3.16,com,0
116,4,2,2,0,0,1860,0,0,1,0,0,2.799,fr,0
51,1,1,2,0,0,2629,0,0,1,0,1,2.309,com,0
29,2,0,0,1,1,2247,0,0,0,0,0,3.956,net,0
51,3,0,2,2,0,87,0,1,0,0,0,3.352,top,1
58,1,1,4,2,1,1105,0,0,1,0,0,3.482,org,0
27,4,0,7,0,0,1469,0,0,1,0,0,2.776,fr,0
57,1,1,1,1,2,1489,0,0,1,0,0,3.626,gov,0
95,4,1,1,1,2,114,0,0,1,0,0,2.944,top,1
30,2,3,4,2,1,1254,0,0,1,0,0,2.641,com,0
63,4,0,1,2,1,1181,0,0,1,0,0,2.86,fr,0
74,2,1,2,1,0,839,0,0,1,0,0,2.982,edu,0
91,1,2,2,3,0,1543,0,0,0,1,0,2.965,fr,0
122,3,1,6,4,2,254,0,0,0,1,0,3.596,com,1
61,1,0,3,5,3,544,0,0,1,0,0,2.846,com,0
96,4,0,2,1,0,811,0,0,1,0,0,2.835,com,0
60,3,0,1,0,1,1543,0,0,1,0,0,2.624,com,0
57,5,2,1,2,1,2363,0,0,1,0,0,2.527,com,0
47,6,0,1,3,0,623,0,0,1,0,0,2.774,net,0
86,3,1,8,3,4,477,0,0,1,0,0,3.529,click,1
124,3,3,7,2,2,338,0,0,0,0,0,3.346,xyz,1
21,2,0,2,1,1,1127,1,0,1,0,0,3.202,com,0
57,1,2,7,1,0,232,0,0,1,1,0,4.809,xyz,1
15,4,2,6,2,1,434,0,0,0,1,0,4.132,zip,1
33,2,0,1,1,3,1734,0,0,1,0,0,2.478,com,0
41,1,1,3,1,1,921,0,0,1,0,0,3.196,org,0
58,1,2,2,0,0,2083,0,1,1,0,0,3.14,com,0
84,3,3,3,2,1,310,0,0,0,0,0,2.849,top,1
61,2,1,1,1,1,1210,0,0,0,0,0,3.008,com,0
40,3,2,4,0,0,175,0,0,1,0,0,3.51,xyz,1
81,3,2,3,0,0,832,0,0,1,0,0,2.9,fr,0
36,4,0,1,2,0,246,0,1,1,0,0,3.176,com,0
68,2,0,3,2,0,1168,0,0,1,0,1,2.852,fr,0
27,1,2,1,3,0,2030,0,0,1,1,0,2.779,gov,0
53,3,0,5,2,0,320,0,0,1,0,0,2.483,com,0
62,1,1,5,0,2,117,0,0,1,0,0,3.8,top,1
68,1,1,3,0,1,1758,0,0,1,0,0,3.278,edu,0
114,4,2,7,1,2,91,0,0,1,0,0,4.097,com,1
116,2,3,8,2,1,145,0,0,1,0,0,5.322,click,1
113,1,2,3,4,2,145,1,0,0,0,1,3.565,zip,1
62,3,2,0,2,0,2120,0,0,1,0,0,3.363,org,0
57,1,0,3,1,3,1688,0,0,1,0,0,2.569,org,0
69,1,0,0,0,1,1129,0,0,1,1,0,2.99,com,0
77,3,1,5,0,0,47,0,0,1,0,1,3.685,com,1
47,2,0,1,0,0,2247,0,0,1,0,0,2.946,com,0
33,1,1,0,0,1,1381,0,0,0,0,0,3.101,org,0
81,4,0,5,4,1,2231,0,0,1,0,1,2.692,com,0
74,2,0,0,0,0,1347,0,0,1,0,0,3.255,com,0
37,1,1,1,1,1,975,0,0,1,0,0,3.685,net,0
70,3,1,2,3,0,2617,0,0,1,0,1,2.656,com,0
76,2,1,0,1,0,1663,0,0,1,0,0,2.806,net,0
92,1,0,1,1,2,768,0,0,1,0,0,2.98,edu,0
42,1,1,0,3,1,565,0,0,1,0,0,3.433,gov,0
42,2,0,1,2,0,765,0,0,0,0,0,2.714,com,0
56,3,1,0,0,1,1322,0,0,1,0,0,2.751,org,0
65,2,0,6,1,0,336,0,0,1,0,0,3.902,xyz,1
60,1,1,1,0,1,1675,0,0,1,0,0,2.7,edu,0
12,3,0,1,1,1,1203,0,0,1,0,0,2.774,com,0
36,3,0,4,2,3,182,0,0,1,0,1,3.533,info,1
97,5,2,4,0,2,466,0,1,1,0,0,3.369,xyz,1
90,2,1,1,0,0,1754,0,0,1,0,0,2.655,com,0
59,3,0,1,2,1,1198,0,0,1,0,0,2.648,org,0
32,1,0,2,2,1,1723,0,0,1,0,0,2.437,gov,0
52,3,0,2,0,0,1201,0,0,1,0,0,3.298,com,0
23,1,0,1,3,1,1147,0,0,1,1,0,3.01,com,0
44,2,0,1,1,1,649,0,0,1,0,0,3.131,net,0
46,2,0,1,1,0,983,0,0,1,0,0,2.953,net,0
38,6,0,0,2,0,1232,0,0,1,0,0,3.415,com,0
50,1,0,2,1,1,2273,0,0,1,1,0,3.178,com,0
76,3,1,3,3,2,248,1,1,1,0,0,2.33,xyz,1
33,1,1,3,1,0,1048,0,0,1,0,0,3.259,com,0
67,3,0,2,1,0,1867,0,0,1,0,0,2.861,net,0
31,2,0,4,0,2,407,0,0,1,0,0,3.076,fr,0
43,1,1,4,0,0,775,0,0,1,1,0,3.045,com,0
36,1,2,2,0,2,364,0,0,0,0,0,3.244,net,0
60,1,0,1,2,0,940,0,0,1,0,0,3.32,com,0
36,2,0,3,1,2,562,0,0,1,0,0,3.196,com,0
41,2,1,1,0,2,1328,0,0,1,0,0,2.824,com,0
78,2,1,1,3,1,733,1,0,1,0,0,3.202,com,0
53,1,1,3,1,1,1490,0,0,1,1,0,2.909,com,0
58,1,1,3,1,3,703,0,0,0,0,0,3.7,fr,0
62,1,2,6,0,1,103,0,0,1,0,1,2.455,com,1
64,3,4,3,3,3,291,1,0,1,0,1,3.278,xyz,1
62,4,1,5,2,0,1235,0,0,1,1,0,1.979,com,0
50,3,1,1,1,0,1096,0,0,1,0,0,3.508,com,0
72,1,1,6,5,1,269,0,0,0,0,1,3.695,xyz,1
44,2,0,0,2,1,902,0,0,1,0,0,3.081,net,0
51,2,0,5,1,0,1079,0,0,1,0,1,3.236,org,0
42,3,2,0,0,1,1554,0,0,1,0,0,3.182,fr,0
30,2,1,6,0,0,1703,0,0,1,0,0,3.554,com,0
48,1,0,0,3,2,1799,0,0,0,0,0,2.821,com,0
41,2,0,2,2,1,1591,0,0,1,0,0,3.093,fr,0
53,3,0,3,2,2,605,0,0,0,0,0,2.522,com,0
20,2,0,1,2,1,564,0,0,1,0,0,2.486,net,0
47,1,0,2,1,1,1046,0,0,1,0,0,2.229,edu,0
39,3,1,3,1,1,1024,0,0,1,1,0,2.815,com,0
61,3,4,1,0,1,1036,0,0,0,0,0,3.256,org,0
51,2,0,0,1,1,1188,0,0,1,0,0,2.959,fr,0
33,1,1,1,1,2,87,0,0,1,0,0,2.972,com,0
73,3,0,2,0,1,1797,0,0,1,0,0,2.69,org,0
57,7,1,2,1,1,6,0,0,1,0,0,3.358,top,1
61,2,1,2,0,1,1034,0,0,1,0,0,3.259,com,0
36,1,0,2,0,0,1215,0,0,1,0,0,2.314,com,0
40,3,0,0,0,0,568,0,0,1,0,0,2.389,fr,0
54,1,0,2,0,1,740,0,0,1,0,0,2.696,net,0
46,1,1,5,0,0,696,0,0,1,0,0,2.98,fr,0
63,2,2,1,4,1,160,0,0,0,0,1,3.126,xyz,1
47,2,1,2,1,2,1357,0,0,1,0,0,3.128,com,0
46,3,2,4,0,1,307,0,0,1,0,1,3.17,com,0
63,1,1,3,1,0,437,0,0,0,0,0,2.22,org,0
75,5,0,3,1,1,232,0,0,0,0,0,3.247,net,1
15,4,1,5,0,3,1041,0,0,1,0,0,3.8,com,0
47,3,1,1,2,0,1399,0,0,1,0,0,3.559,net,0
65,4,0,1,1,0,944,0,0,1,1,0,3.059,org,0
49,1,1,1,0,3,1197,0,0,1,0,0,3.177,edu,0
45,1,1,3,1,1,1165,0,0,0,0,0,2.989,com,0
27,3,1,2,0,1,954,0,0,0,0,0,3.316,net,0
89,3,1,3,2,2,174,0,0,0,1,1,4.172,click,1
74,2,0,1,1,2,1426,0,0,1,0,0,2.627,com,0
44,4,0,1,0,1,466,0,0,0,0,0,3.071,org,0
64,2,0,2,1,4,288,0,0,1,0,0,3.651,info,1
84,4,1,5,5,2,351,0,0,1,1,0,3.043,info,1
15,6,1,5,3,1,820,0,0,1,0,0,3.612,xyz,1
47,2,0,2,2,2,1138,0,0,1,0,0,2.818,org,0
105,2,0,6,2,0,130,0,0,1,0,0,3.51,xyz,1
59,2,0,0,2,2,872,0,0,1,0,0,2.833,com,0
86,1,2,9,2,2,137,0,0,0,0,1,3.373,com,1
76,1,0,2,2,0,1916,0,0,1,0,0,2.335,org,0
87,3,2,3,1,0,333,0,0,0,0,0,3.694,tk,1
24,1,0,3,1,0,1478,0,0,0,0,0,2.515,com,0
73,1,0,1,2,2,1393,0,0,0,0,0,3.024,fr,0
49,1,0,3,0,1,437,0,0,1,0,0,2.479,fr,0
66,4,0,1,1,2,1459,0,0,1,0,0,2.587,com,0
72,1,0,0,2,2,2084,1,0,1,0,0,3.537,org,0
98,5,1,1,1,1,77,0,0,1,1,0,3.548,click,1
52,1,1,1,0,0,493,0,0,1,0,0,2.983,com,0
72,1,3,2,1,1,1180,0,0,1,0,0,3.094,net,0
112,3,1,3,2,4,16,0,0,0,1,1,3.247,tk,1
12,1,3,7,0,0,1037,0,0,1,0,0,2.704,com,0
36,4,0,6,3,2,291,0,0,1,0,0,3.452,info,1
49,1,0,0,2,1,1319,0,0,1,0,0,2.617,org,0
38,4,1,1,0,0,848,0,0,1,0,0,3.004,net,0
50,3,1,1,1,2,482,0,0,1,0,0,2.661,com,0
41,1,2,2,1,0,1316,0,0,1,0,0,2.458,com,0
63,2,2,1,0,2,1018,0,0,1,0,0,3.079,com,0
67,2,1,1,0,0,925,0,0,1,0,0,2.985,com,0
39,3,1,4,0,0,1979,0,0,1,0,0,2.868,org,0
73,1,0,4,1,2,1311,0,0,1,0,0,3.142,fr,0
68,1,0,0,2,0,811,0,0,1,0,0,1.843,net,0
69,1,2,2,0,1,1318,0,0,1,0,0,2.229,com,0
12,2,0,1,2,1,974,0,0,0,0,0,3.04,org,0
73,4,2,7,2,0,335,0,0,1,1,1,3.727,top,1
12,3,3,0,1,0,371,0,0,1,0,0,2.733,com,0
62,7,0,0,0,2,1040,0,0,1,0,0,3.354,com,0
73,2,0,0,5,1,1069,0,0,1,0,0,2.768,net,0
52,4,0,2,1,1,470,0,0,1,0,0,2.694,com,0
13,2,1,1,1,0,911,0,0,1,0,0,2.393,com,0
51,1,0,0,0,1,2658,0,0,1,0,0,3.133,net,0
81,1,1,3,0,0,1639,0,0,1,0,0,2.905,fr,0
35,3,0,1,1,2,1181,0,0,1,0,0,3.35,net,0
82,3,2,2,1,0,1580,0,0,1,1,0,2.388,fr,0
40,1,1,2,1,1,660,0,0,1,0,0,2.943,com,0
60,4,0,7,1,2,569,0,0,0,0,0,3.67,top,1
42,2,1,0,2,1,1817,0,0,1,0,0,2.671,org,0
66,1,2,2,1,1,695,0,0,0,1,0,3.316,com,0
70,1,4,4,3,0,266,0,0,1,0,0,3.383,xyz,1
138,4,0,4,0,1,186,0,0,0,0,0,3.618,net,1
70,3,0,3,0,1,939,0,0,1,1,0,3.078,com,0
58,2,0,2,0,4,1994,0,0,0,0,0,3.294,com,0
98,3,3,8,3,2,233,0,0,1,0,0,3.351,xyz,1
65,5,0,0,0,2,1575,0,0,1,0,0,2.858,edu,0
66,1,0,3,0,1,1823,0,0,1,0,0,2.855,org,0
61,1,0,3,2,1,900,0,0,1,0,0,3.445,org,0
63,1,1,1,2,0,902,0,0,1,0,0,3.764,gov,0
56,2,0,2,1,1,1591,0,0,1,0,0,3.21,fr,0
38,2,0,3,0,1,562,0,0,1,0,0,3.852,com,0
104,1,4,2,1,0,177,0,0,1,0,0,3.308,tk,1
64,1,0,1,0,0,1036,0,0,0,0,0,1.865,net,0
69,2,1,0,0,0,1624,0,0,1,0,0,3.69,com,0
70,1,1,3,1,2,2096,0,0,1,0,0,3.313,fr,0
53,1,1,2,0,2,724,0,0,1,0,0,3.478,com,0
46,1,2,1,0,0,871,0,0,1,0,1,2.965,com,0
94,2,1,2,1,1,1714,0,0,1,0,0,3.606,com,0
50,3,1,3,2,0,2093,0,0,0,0,0,2.778,fr,0
30,1,0,4,0,2,906,0,0,1,0,0,2.859,com,0
42,3,1,3,2,0,1630,0,0,1,0,0,2.272,fr,0
80,2,1,2,3,0,1487,0,0,1,0,0,3.191,net,0
44,2,1,2,1,1,916,1,0,1,0,0,2.323,fr,0
77,1,0,2,0,0,560,0,0,1,0,0,2.741,org,0
51,1,0,2,0,0,1204,0,0,1,1,0,2.72,com,0
49,2,0,0,2,1,2155,0,0,1,0,0,3.192,net,0
16,2,0,0,1,1,4705,0,0,1,0,0,3.154,com,0
77,1,1,2,2,0,1345,0,0,1,0,0,2.925,fr,0
29,1,0,3,0,0,2273,0,0,1,0,0,3.638,com,0
56,1,0,3,1,1,566,0,0,1,0,1,3.034,com,0
17,1,1,3,1,1,3280,0,0,1,0,0,3.538,com,0
41,4,0,1,1,0,1407,0,0,1,0,0,2.422,org,0
27,3,1,0,0,0,1004,0,0,1,0,0,3.292,org,0
12,2,3,2,3,3,936,0,0,1,0,0,2.835,org,0
67,1,0,2,0,0,679,0,0,1,0,0,2.704,com,0
86,1,0,6,2,1,64,0,0,1,0,0,3.684,info,1
13,1,0,1,3,1,714,0,0,0,0,0,3.582,org,0
89,1,0,5,0,1,935,0,0,1,1,0,2.716,net,0
71,2,2,0,2,1,614,0,0,1,0,0,2.241,com,0
116,4,2,5,2,1,135,0,0,1,1,0,3.524,xyz,1
90,2,1,3,2,1,853,0,0,1,0,0,2.608,com,0
72,1,2,3,1,1,1070,0,0,1,0,0,3.324,com,0
27,1,1,2,2,0,1294,0,0,0,0,0,3.113,org,0
80,1,1,2,1,2,1544,0,0,1,0,0,3.159,net,0
66,1,1,3,1,2,641,0,0,1,0,0,3.033,com,0
82,1,0,1,4,0,1109,0,0,1,0,0,3.374,org,0
86,4,1,1,1,3,197,0,0,1,0,0,2.887,com,0
35,1,0,4,1,0,686,0,0,1,0,0,3.084,com,0
35,1,4,2,1,1,1242,0,0,0,0,0,2.973,com,0
70,2,1,0,0,0,471,0,0,1,0,0,3.325,com,0
49,3,0,0,1,3,1403,0,0,1,1,0,2.783,org,0
33,2,0,2,2,1,1701,0,0,1,0,0,3.494,com,0
38,1,1,2,1,2,989,0,0,1,0,0,2.667,org,0
26,2,1,1,2,2,831,0,0,1,0,0,3.157,com,0
59,3,0,0,1,0,1918,0,0,0,0,0,3.163,fr,0
123,2,1,5,2,0,299,0,0,0,0,0,3.456,top,1
37,1,0,4,0,2,503,0,0,1,0,0,2.642,fr,0
56,1,3,2,0,1,1503,0,0,1,0,0,3.338,edu,0
12,3,0,2,0,0,1307,0,0,1,0,0,2.514,net,0
50,1,3,5,2,1,191,0,0,0,1,0,3.429,zip,1
82,3,2,2,0,5,176,0,0,0,0,0,3.681,net,1
24,2,0,3,2,1,1353,0,0,1,0,0,2.924,com,0
12,3,0,2,0,1,679,0,0,1,0,0,2.57,org,0
78,2,0,3,1,2,33,0,0,0,1,1,3.635,tk,1
69,1,1,1,1,0,1240,0,0,1,1,0,2.684,com,0
96,1,1,4,0,1,633,0,0,0,0,1,3.204,xyz,1
27,3,1,3,2,0,1827,0,0,1,0,0,3.257,com,0
49,1,0,2,2,0,1806,0,0,1,0,0,2.671,org,0
54,2,2,2,0,0,1345,0,0,1,0,0,3.176,com,0
58,2,3,3,2,3,101,0,0,0,0,0,2.855,top,1
67,1,0,2,2,2,1242,0,0,1,0,0,2.72,net,0
51,1,1,0,3,1,1628,0,0,1,0,0,2.824,com,0
80,1,2,3,0,1,326,0,0,1,0,0,3.865,xyz,1
76,1,1,4,1,1,1682,0,0,1,0,0,2.935,com,0
58,1,0,3,1,0,1409,0,0,1,0,0,2.962,org,0
67,2,0,2,1,2,1676,0,0,1,0,0,3.159,net,0
29,3,1,5,0,1,152,0,0,0,0,0,3.108,xyz,1
74,4,1,3,2,4,355,0,0,1,1,0,2.962,top,1
47,1,1,5,2,0,1137,0,0,1,0,0,3.943,com,0
47,4,2,5,1,1,154,0,0,0,0,0,4.332,top,1
37,2,1,1,0,0,1765,0,0,1,0,0,2.735,com,0
47,1,1,3,1,0,894,0,0,1,0,0,2.761,edu,0
69,2,0,1,0,3,1583,0,0,0,0,0,3.472,fr,0
85,1,1,3,0,1,1433,0,0,0,0,0,3.276,org,0
75,1,0,3,1,1,660,0,0,1,0,0,2.824,fr,0
54,1,2,3,2,0,2041,0,0,1,0,0,2.634,net,0
20,3,0,2,1,2,943,0,0,1,0,0,3.522,org,0
32,1,1,0,1,1,1858,0,0,1,0,0,2.533,gov,0
74,3,1,0,4,1,1334,0,0,1,0,0,2.562,net,0
21,3,0,1,0,0,359,0,0,1,0,1,2.824,com,0
45,3,0,1,2,1,724,0,1,0,0,0,3.582,fr,0
12,3,1,0,0,4,1294,0,0,0,0,0,3.917,com,0
24,1,0,2,0,0,886,0,0,1,0,0,3.362,net,0
69,1,1,2,1,0,1352,0,0,1,0,0,2.787,fr,0
58,2,1,1,0,2,1081,0,0,1,0,0,2.92,com,0
62,3,0,4,2,2,158,0,0,1,1,0,2.997,xyz,1
58,2,1,1,1,0,529,0,0,1,0,0,3.325,com,0
35,1,0,2,2,1,1530,0,0,1,0,0,3.717,gov,0
59,4,0,2,2,0,2670,0,0,1,0,0,2.904,com,0
47,2,1,3,1,0,813,0,0,1,0,1,2.67,gov,0
17,1,0,3,0,0,1128,0,0,1,0,0,3.741,org,0
31,3,0,1,2,0,2071,0,0,1,0,0,3.073,org,0
86,1,1,3,1,1,138,0,0,1,0,0,2.839,com,0
63,1,1,2,2,1,527,0,0,1,0,0,3.398,net,0
37,1,0,1,1,1,974,0,0,1,0,0,3.609,com,0
63,3,1,2,0,1,1455,0,0,1,0,0,3.233,com,0
12,1,0,3,1,0,1043,0,0,1,0,0,3.067,net,0
58,2,0,2,0,0,413,0,0,1,0,0,3.292,com,0
64,1,2,5,1,0,616,0,0,0,0,0,3.794,com,1
35,2,0,2,1,2,404,0,0,0,0,0,3.517,com,1
33,2,3,2,2,2,312,0,0,0,1,1,3.906,net,1
71,4,1,7,3,3,269,0,0,0,1,0,4.125,zip,1
87,2,1,9,2,3,446,0,1,0,0,0,4.149,net,1
68,1,0,1,0,1,1777,0,0,1,0,0,3.081,com,0
66,1,0,2,0,1,382,0,0,1,0,0,2.823,com,0
42,4,1,1,2,1,568,0,0,1,0,0,2.424,com,0
89,2,1,3,1,3,72,0,0,1,0,0,2.772,top,1
44,3,0,1,1,2,826,0,0,1,0,0,2.564,edu,0
89,1,1,2,1,0,226,0,0,1,1,0,3.274,top,1
53,1,1,1,1,2,974,0,0,1,0,0,3.291,com,0
44,2,3,1,3,0,687,0,0,1,0,0,2.281,net,0
59,4,2,3,1,1,1515,0,0,1,0,0,2.4,com,0
80,2,1,1,2,2,485,0,0,1,0,0,3.263,org,0
59,4,2,2,3,0,910,0,0,1,0,0,2.769,com,0
83,3,2,1,1,1,293,0,0,1,0,0,3.3,com,0
53,2,5,4,4,2,490,0,0,0,0,0,2.902,click,1
12,1,0,1,2,0,2071,0,0,1,0,0,2.677,org,0
66,1,2,1,1,0,931,0,0,0,0,0,3.233,com,0
54,1,0,2,2,0,495,0,0,1,0,0,2.643,fr,0
54,1,1,2,0,1,1179,0,0,1,0,0,3.441,com,0
12,3,0,1,1,0,963,0,0,1,0,0,3.442,com,0
97,2,2,0,1,3,1721,0,0,1,0,0,3.434,com,0
101,1,2,2,1,1,221,0,0,1,0,0,3.344,top,1
74,2,1,4,0,2,2640,0,0,1,0,0,3.635,fr,0
29,2,1,1,0,0,1160,0,0,1,0,0,2.971,com,0
119,2,1,7,1,0,573,0,0,1,0,1,3.389,tk,1
100,5,2,1,3,1,745,0,0,0,0,0,3.869,xyz,1
67,1,1,2,1,2,964,0,0,1,0,0,3.169,com,0
72,1,2,3,4,1,59,0,0,1,0,0,2.195,xyz,1
42,1,1,2,0,0,1236,0,0,1,0,0,3.432,net,0
83,4,2,4,0,0,134,0,0,1,0,0,4.516,com,1
66,1,2,3,1,0,106,0,0,1,0,0,3.566,xyz,1
27,3,1,7,1,2,48,0,0,1,0,0,2.992,xyz,1
100,1,2,5,3,3,166,0,0,0,0,0,3.294,zip,1
33,4,0,4,1,1,777,0,0,1,0,0,2.934,org,0
33,2,0,3,3,1,598,0,0,1,0,1,2.642,net,0
12,1,1,1,0,1,728,1,0,1,0,0,2.156,fr,0
76,2,1,1,4,3,351,1,0,0,0,0,3.736,net,1
35,1,0,3,1,0,1037,1,0,1,0,0,2.303,fr,0
36,1,0,1,0,1,477,0,0,1,1,0,3.36,com,0
70,1,0,4,0,1,234,0,0,0,0,0,3.308,top,1
56,3,0,1,0,1,1254,0,0,1,0,0,3.072,com,0
101,1,3,4,1,3,224,0,0,0,1,0,3.948,tk,1
51,4,1,2,1,1,2048,0,0,1,0,0,3.405,org,0
98,4,0,5,1,2,674,0,0,1,0,1,4.119,xyz,1
27,3,2,0,1,1,1678,0,0,1,0,0,3.247,fr,0
65,1,2,1,1,1,1034,0,0,1,0,0,3.452,fr,0
45,5,0,0,0,1,451,0,0,1,0,0,3.05,net,0
51,4,0,2,1,0,1150,0,0,1,0,0,3.263,com,0
68,2,1,5,2,1,1087,0,0,1,0,0,2.993,org,0
64,2,0,5,2,4,84,0,0,1,1,0,2.845,top,1
81,1,0,2,0,0,1078,0,0,1,0,0,3.493,com,0
101,2,2,6,3,3,160,0,0,0,0,0,2.885,com,1
61,2,0,3,1,1,249,0,0,1,0,0,3.041,com,0
33,1,0,0,2,0,1608,0,0,1,0,0,3.26,com,0
74,3,0,3,0,1,823,0,0,1,0,0,3.177,com,0
14,3,0,4,0,1,1032,0,0,1,0,0,2.214,org,0
56,3,1,7,3,1,231,0,0,1,0,1,3.837,click,1
83,2,1,0,2,1,1203,0,0,1,0,0,2.865,fr,0
41,4,0,2,2,1,1410,0,0,1,0,0,3.125,net,0
53,4,0,1,1,2,617,0,0,1,0,0,3.271,com,0
109,1,3,3,0,3,257,0,0,1,0,0,4.14,info,1
54,1,0,1,0,0,335,0,0,1,0,0,3.063,net,0
76,1,0,6,1,1,241,0,0,1,0,1,2.924,tk,1
25,4,0,2,3,0,382,0,0,1,0,0,2.701,com,0
70,2,0,2,1,1,1472,0,0,1,0,0,2.531,com,0
50,3,1,2,1,0,1018,0,1,1,0,0,3.081,com,0
51,1,0,2,2,3,56,0,0,0,0,0,3.148,xyz,1
58,1,0,4,0,0,1163,0,0,1,0,0,2.639,com,0
92,5,0,2,1,0,289,0,0,1,0,0,2.666,org,0
75,1,0,3,1,2,917,0,0,1,0,0,2.979,com,0
45,1,0,4,3,1,980,0,0,1,0,0,3.109,com,0
80,1,0,1,0,1,1124,0,0,1,0,0,2.314,fr,0
62,3,0,0,1,0,1775,0,0,1,1,0,2.846,com,0
15,2,0,2,2,0,939,0,0,1,0,0,3.072,fr,0
100,2,2,9,4,1,421,1,0,1,1,0,2.883,com,1
25,3,3,1,0,0,1520,0,0,0,0,0,2.371,org,0
36,2,0,2,2,0,623,0,0,1,0,0,3.811,com,0
38,4,0,2,4,1,890,0,0,1,0,0,3.324,org,0
86,3,1,1,2,4,802,0,0,0,0,1,2.849,xyz,1
74,4,0,1,0,1,548,0,0,1,0,0,3.431,net,0
81,3,0,5,2,1,410,1,0,1,0,0,2.939,xyz,1
69,1,0,1,0,1,2136,0,0,1,0,0,2.769,fr,0
64,1,0,5,1,0,1340,0,0,0,0,0,3.657,fr,0
56,2,1,1,0,0,701,0,0,1,0,0,2.996,gov,0
23,3,1,0,1,0,1245,0,0,1,0,0,3.282,fr,0
89,7,1,3,1,1,28,0,0,1,0,0,3.173,com,1
58,1,0,1,2,2,1454,0,0,1,0,0,3.512,com,0
19,1,0,7,0,0,2350,0,0,1,0,0,3.512,com,0
40,2,1,1,1,2,821,0,0,1,0,0,3.364,com,0
59,3,0,5,3,1,501,0,0,0,0,1,3.462,top,1
38,1,0,2,0,1,719,0,0,1,0,1,2.815,com,0
58,3,2,5,1,0,1354,0,0,0,0,0,2.378,com,0
90,2,4,3,0,1,339,0,0,1,1,0,3.876,xyz,1
64,2,0,3,2,2,956,0,0,1,0,0,2.979,com,0
59,1,0,2,1,0,1043,0,0,1,0,0,2.68,fr,0
32,3,1,0,0,1,533,0,0,1,1,0,2.499,net,0
81,2,3,6,4,1,631,0,0,1,0,0,3.372,xyz,1
60,4,1,0,1,0,1232,0,0,1,0,0,3.01,com,0
86,7,1,5,3,3,160,0,1,0,0,0,3.103,top,1
36,2,0,1,2,0,338,0,0,1,0,0,4.198,com,0
56,3,1,3,1,1,1044,0,0,1,0,0,2.303,com,0
49,3,0,0,0,0,508,0,0,1,0,0,3.201,com,0
66,3,0,0,2,0,964,0,0,1,0,0,2.63,org,0
98,4,0,11,2,2,330,0,0,1,1,0,2.723,top,1
35,1,1,3,1,2,771,0,0,1,1,0,3.719,edu,0
69,2,0,4,1,4,772,0,0,1,0,0,3.235,com,0
58,4,1,2,1,1,1567,0,0,1,0,0,2.654,org,0
43,3,0,3,1,1,1524,0,0,1,0,0,3.05,com,0
68,2,2,6,1,1,277,0,0,0,0,0,2.512,top,1
34,1,3,8,2,4,306,0,0,0,0,0,3.576,info,1
58,5,0,0,3,0,727,0,0,1,0,0,2.519,com,0
35,1,3,1,2,4,1709,0,0,1,0,0,3.456,org,0
40,2,0,4,3,0,378,0,0,1,0,0,3.2,xyz,1
116,3,1,9,3,2,420,0,0,1,1,0,2.878,top,1
30,1,0,3,0,0,2262,0,0,1,1,0,3.186,com,0
49,1,1,1,0,1,1767,0,0,1,1,0,4.049,com,0
115,4,0,2,0,0,1002,0,0,1,0,0,2.406,net,0
62,1,0,3,0,1,514,0,0,1,0,0,2.643,com,0
33,1,0,2,2,1,472,0,0,1,0,0,3.376,net,0
68,1,0,2,0,0,1506,1,0,1,0,0,3.212,org,0
43,1,0,3,1,0,805,0,0,1,0,0,3.529,edu,0
64,3,1,0,1,2,741,0,0,1,1,0,3.429,net,0
51,6,0,1,2,2,964,0,0,0,0,0,3.536,com,0
70,1,1,1,1,1,1481,0,0,1,0,0,2.526,net,0
33,3,1,1,4,0,2161,0,0,0,0,0,2.697,fr,0
85,3,2,3,3,0,235,0,0,0,0,1,4.163,com,1
12,1,0,0,2,0,1404,0,0,1,0,0,2.405,edu,0
88,3,1,0,3,2,207,0,0,1,0,1,4.646,info,1
58,1,1,4,1,2,2254,0,0,1,0,0,2.756,com,0
52,1,2,9,3,1,269,0,0,0,0,0,2.465,tk,1
29,1,0,4,1,1,2496,0,1,1,0,0,3.474,com,0
64,1,0,3,2,0,2172,0,0,1,0,0,3.898,fr,0
65,1,0,1,0,2,1052,0,0,1,0,0,2.84,net,0
63,1,1,1,2,0,2793,0,0,1,0,0,3.126,fr,0
19,2,0,3,2,2,1902,0,0,1,1,0,3.576,gov,0
28,2,0,1,0,1,1125,0,0,1,0,0,3.349,com,0
43,1,0,5,2,1,3060,0,0,1,0,0,3.613,com,0
35,2,1,3,1,0,1405,0,0,0,0,0,3.002,com,0
61,1,0,1,1,2,1742,0,0,1,0,0,2.335,net,0
55,2,1,1,1,1,956,0,0,0,0,0,3.262,com,0
46,2,0,1,5,1,1514,0,0,1,0,0,2.894,org,0
41,1,0,1,0,0,1284,0,0,1,0,0,3.444,net,0
78,3,1,0,0,1,987,0,1,1,0,0,3.039,com,0
32,1,0,3,0,1,1453,0,0,1,0,0,2.604,net,0
58,2,1,3,0,0,849,0,0,1,0,0,3.073,gov,0
69,3,1,3,1,2,1747,0,0,1,0,0,2.111,fr,0
76,5,3,3,3,0,216,0,1,0,0,0,3.794,zip,1
93,4,1,4,1,0,89,0,0,0,0,0,2.962,tk,1
66,2,0,0,3,0,807,0,1,1,0,0,2.294,com,0
16,2,1,3,1,0,1249,0,0,1,0,0,2.695,net,0
63,2,1,2,0,1,1337,0,0,1,0,0,3.063,com,0
66,1,0,5,0,3,1686,0,0,1,0,0,2.997,org,0
33,1,1,2,2,0,713,0,0,1,0,0,3.086,com,0
53,2,0,1,1,0,518,0,0,1,0,0,2.565,org,0
62,1,0,1,2,1,1518,0,0,1,0,0,2.98,com,0
40,1,1,5,1,1,521,0,0,1,0,0,3.085,net,0
24,5,1,3,3,1,867,0,0,1,0,0,3.31,gov,0
97,3,2,4,1,2,234,0,0,1,0,0,3.472,net,1
85,5,4,2,5,3,324,0,0,0,0,0,4.252,xyz,1
42,3,0,2,2,0,2033,0,0,1,0,0,2.755,com,0
55,2,3,6,4,0,259,0,0,0,0,0,2.635,xyz,1
24,1,1,2,2,2,618,0,0,1,0,0,3.011,fr,0
111,2,1,5,3,2,245,0,0,1,0,0,3.615,xyz,1
57,3,0,0,1,1,1225,0,0,1,0,0,2.663,fr,0
84,3,3,2,1,3,60,0,0,1,1,0,3.707,xyz,1
41,2,0,1,2,0,2523,0,1,1,0,0,3.333,com,0
50,1,0,1,2,1,952,0,0,1,0,0,2.388,com,0
32,1,0,0,0,0,823,0,0,1,0,0,2.728,net,0
59,2,0,3,1,1,2411,0,0,1,0,0,3.668,org,0
43,3,0,2,1,1,916,0,0,1,0,0,3.264,com,0
38,2,0,1,0,0,633,0,0,1,0,0,3.536,net,0
51,2,0,2,2,1,1084,0,0,1,0,0,2.616,gov,0
45,1,1,1,1,2,2064,0,0,0,0,0,2.772,org,0
45,2,2,3,0,0,846,0,0,1,0,0,3.017,com,0
35,1,1,2,0,1,542,0,0,1,0,0,2.764,net,0
39,2,0,2,2,0,1622,0,0,1,0,0,3.399,com,0
71,2,2,4,0,1,515,0,0,1,0,1,3.829,info,1
14,1,0,2,2,2,1799,0,0,1,0,0,3.25,com,0
64,2,0,3,0,1,1425,0,0,1,0,0,3.106,org,0
12,1,4,1,2,0,795,0,0,1,0,0,2.871,net,0
94,2,2,4,1,2,62,0,0,0,1,1,4.337,com,1
56,1,0,2,1,0,1735,0,0,1,0,0,2.328,net,0
73,3,0,4,2,1,259,0,0,1,0,0,2.769,click,1
12,1,0,4,0,1,1190,0,0,1,0,0,3.088,com,0
57,3,0,3,2,0,1026,0,0,0,0,0,2.874,net,0
74,1,1,3,1,1,556,0,0,1,0,0,2.788,net,0
43,1,1,2,1,1,1051,0,0,0,1,0,2.681,net,0
55,1,1,1,1,1,1860,0,0,1,0,0,3.44,org,0
86,1,1,1,1,0,1741,0,0,1,0,0,3.531,com,0
77,2,0,1,0,0,971,0,0,1,1,0,3.884,com,0
76,2,3,7,2,3,518,0,0,0,1,0,3.458,xyz,1
93,3,1,5,1,1,110,1,1,1,0,1,2.514,info,1
86,4,1,3,0,5,367,0,0,1,1,0,3.019,xyz,1
63,3,1,0,1,2,743,0,0,1,0,0,3.016,org,0
32,1,0,0,2,0,939,0,0,1,0,0,2.507,fr,0
73,4,1,3,0,1,914,0,0,1,0,0,2.792,org,0
30,1,0,3,1,2,1868,0,0,1,0,0,3.641,net,0
63,5,1,2,1,1,1202,0,0,1,1,0,3.044,com,0
13,3,0,1,2,1,2147,0,0,1,0,0,3.081,com,0
72,1,1,0,0,1,769,0,0,1,0,0,2.69,fr,0
69,2,1,2,1,2,1054,0,0,1,0,0,3.246,com,0
69,1,1,0,1,1,837,0,0,1,0,0,2.323,net,0
46,2,2,0,1,0,600,0,0,1,0,0,3.16,com,0
12,1,1,3,1,2,578,0,0,1,0,0,2.907,fr,0
67,2,0,4,2,3,140,0,0,1,1,0,3.113,xyz,1
66,1,0,2,2,1,1206,0,0,1,1,0,2.549,com,0
81,1,2,2,0,0,2859,0,0,1,0,0,2.512,com,0
55,4,0,0,0,0,1615,0,0,1,0,0,2.605,org,0
113,3,3,4,1,1,104,0,0,1,0,1,2.911,info,1
52,4,1,5,1,2,365,0,0,1,0,1,3.558,xyz,1
62,4,5,2,3,0,397,0,0,1,0,0,3.39,xyz,1
59,1,0,5,3,1,407,0,0,0,0,0,3.619,tk,1
56,2,1,2,2,0,1750,0,0,1,0,0,2.608,com,0
90,1,0,0,0,1,145,0,0,1,0,1,3.503,com,0
118,4,1,8,1,2,192,0,0,1,0,0,2.908,tk,1
88,2,1,4,2,2,320,0,0,1,0,0,3.817,top,1
35,3,0,7,2,1,154,0,0,0,0,0,4.247,xyz,1
12,1,0,1,0,0,849,0,0,1,0,1,2.507,com,0
56,1,1,3,0,2,753,0,0,1,0,0,3.423,org,0
40,1,2,3,2,1,1083,0,0,1,0,0,2.953,fr,0
22,3,0,1,1,1,1113,0,0,0,0,0,3.246,com,0
65,1,0,2,0,1,1039,0,0,1,0,0,3.675,com,0
73,3,1,2,1,2,1375,0,0,1,0,0,2.745,org,0
47,3,2,2,0,1,740,0,0,1,0,1,3.142,fr,0
31,5,1,1,0,0,929,0,0,1,0,0,2.812,net,0
28,3,0,0,1,1,1745,0,0,1,0,0,3.211,net,0
66,1,0,4,1,1,967,0,0,1,0,0,2.362,com,0
77,2,0,0,0,0,2182,0,0,1,0,0,2.975,com,0
93,5,2,5,1,1,179,0,0,1,0,0,3.397,info,1
54,1,1,2,2,0,650,0,0,0,0,0,3.207,com,0
46,3,1,1,2,1,2581,0,0,1,0,0,2.156,com,0
59,2,0,2,3,0,1221,0,1,1,0,0,2.57,fr,0
65,2,0,2,2,0,1236,0,0,1,0,0,2.413,com,0
78,2,1,3,1,2,560,0,0,1,0,0,2.903,net,0
77,3,2,1,2,1,858,0,0,1,0,0,2.761,com,0
43,1,0,1,1,3,1255,0,0,0,0,0,3.101,org,0
24,1,1,0,1,1,932,0,0,1,0,0,2.61,com,0
40,1,0,1,3,1,263,0,0,1,0,0,3.146,com,0
54,1,2,2,2,0,1726,0,0,1,0,0,2.91,com,0
99,2,1,1,1,1,302,0,0,1,0,1,3.273,fr,0
39,1,1,0,0,2,410,0,0,1,0,0,3.734,net,0
85,2,0,2,1,0,851,0,0,1,0,0,3.375,com,0
97,5,1,2,0,1,1090,0,0,1,0,1,3.505,com,0
72,1,0,0,0,0,1306,0,0,1,0,0,3.345,com,0
43,1,0,1,1,1,751,0,0,1,0,0,2.852,fr,0
70,2,0,1,0,0,851,0,0,1,0,0,3.652,org,0
68,5,2,0,0,1,1044,0,0,1,1,0,2.092,com,0
19,2,0,4,1,1,1920,0,0,1,0,0,3.57,com,0
79,1,1,1,0,0,1871,0,0,1,0,0,3.805,fr,0
50,1,0,7,2,1,1002,0,0,1,0,0,2.694,org,0
88,4,2,3,2,0,71,0,0,1,1,0,3.997,com,1
64,1,1,5,4,1,74,1,0,0,0,0,4.248,net,1
69,2,0,4,0,2,2414,0,0,1,0,0,2.761,gov,0
69,2,0,3,0,1,759,0,0,1,0,0,3.853,com,0
33,3,1,1,0,1,580,0,0,1,0,0,2.84,com,0
64,4,1,3,4,1,911,0,0,1,0,0,3.131,com,0
55,1,0,2,0,0,1385,1,0,1,0,0,3.398,com,0
95,4,1,3,2,2,2132,0,0,1,0,1,2.644,fr,0
49,1,0,3,0,1,4843,0,0,1,0,0,3.479,com,0
69,1,1,3,0,0,1032,0,0,1,0,0,3.247,com,0
56,2,1,6,1,1,55,0,0,1,1,0,2.747,click,1
88,1,2,1,0,0,2805,0,0,1,0,0,3.282,com,0
62,1,0,5,2,0,1021,0,0,0,0,0,3.394,com,0
45,1,0,3,2,0,1331,0,0,1,0,0,2.033,org,0
52,2,0,0,0,1,627,0,0,1,0,0,3.028,fr,0
25,2,0,4,1,0,456,0,0,1,0,0,2.559,com,0
58,2,0,1,0,3,750,0,0,1,0,1,3.194,net,0
73,1,1,2,3,0,1337,0,0,0,0,0,2.378,com,0
27,2,0,1,1,3,462,0,0,1,0,0,3.809,com,0
23,1,1,2,2,1,1160,0,0,1,0,0,2.405,org,0
42,2,0,0,3,0,264,0,0,1,0,0,2.859,fr,0
51,1,0,0,0,0,1387,0,0,1,0,0,3.244,com,0
62,1,2,3,1,1,1115,0,0,1,0,0,3.278,fr,0
44,1,0,3,0,0,2262,0,0,1,0,0,2.963,com,0
71,1,4,3,2,4,560,0,0,1,0,0,3.561,tk,1
65,1,0,3,2,0,1079,0,0,1,0,0,3.697,com,0
49,3,0,1,2,2,1111,0,0,1,0,0,2.731,fr,0
44,2,0,1,0,0,570,0,0,1,0,0,2.809,net,0
46,3,0,2,0,1,1749,0,0,1,1,0,1.719,org,0
58,2,0,1,1,1,1896,0,0,1,0,0,3.407,com,0
43,1,0,1,2,0,864,0,0,1,0,0,3.249,com,0
71,1,0,1,2,1,2437,0,0,1,0,0,3.348,edu,0
20,1,1,1,1,1,1741,0,0,1,0,0,3.621,com,0
36,3,0,3,0,0,1441,0,0,1,0,0,3.224,com,0
41,3,0,0,2,1,1500,0,0,1,0,0,3.184,org,0
33,1,1,0,1,1,948,0,0,1,0,0,2.717,org,0
52,1,0,2,0,0,748,0,1,1,0,0,2.995,com,0
29,1,1,0,1,1,1208,0,0,1,0,0,2.468,com,0
35,2,0,1,4,0,1410,0,0,1,0,0,2.537,org,0
21,5,0,0,1,2,1189,0,0,1,0,0,3.057,com,0
77,3,2,2,0,1,623,1,0,1,0,0,2.739,com,0
29,1,0,0,0,1,1034,0,0,1,1,0,2.887,org,0
76,1,1,3,3,1,590,0,1,1,0,1,3.911,info,1
32,1,0,1,2,1,490,0,0,1,1,0,3.233,net,0
54,2,0,3,3,0,1950,0,0,1,0,0,2.215,com,0
55,2,1,0,2,1,877,0,1,1,0,0,3.143,com,0
54,1,1,1,3,1,1100,0,0,1,1,0,2.594,gov,0
44,2,0,2,4,0,705,1,0,1,1,0,3.061,com,0
42,3,0,2,1,2,1915,0,0,1,0,0,3.155,com,0
84,3,1,1,1,3,165,0,1,0,0,0,3.403,top,1
75,2,0,3,0,1,1615,0,0,1,0,0,3.216,fr,0
80,2,2,2,1,0,590,0,0,1,0,0,3.644,fr,0
70,1,2,2,4,0,860,0,0,1,0,0,3.45,com,0
43,2,2,3,2,0,459,0,0,1,0,0,3.552,com,0
12,1,0,0,2,0,952,0,0,1,0,0,3.421,com,0
21,3,2,4,1,0,736,0,0,1,1,1,3.788,xyz,1
53,6,0,1,1,0,841,0,0,1,0,0,2.814,com,0
80,2,2,3,0,1,492,0,0,1,0,0,4.245,xyz,1
45,2,1,0,0,0,157,0,0,0,0,0,3.076,fr,0
28,1,0,3,0,2,1337,0,0,1,1,0,3.45,com,0
51,3,0,2,0,0,1005,0,0,1,0,0,2.953,com,0
67,3,0,1,1,0,2113,0,0,0,0,0,2.573,net,0
55,3,0,1,0,2,2214,0,0,1,1,1,1.999,fr,0
40,1,0,3,0,0,1485,0,0,1,0,0,2.63,com,0
65,3,0,6,1,2,241,0,0,1,0,1,4.286,tk,1
13,1,0,0,1,0,1233,0,0,1,0,0,4.222,com,0
58,1,0,1,0,2,1627,0,0,1,0,0,2.383,org,0
100,2,3,6,2,2,799,1,0,1,0,1,3.127,zip,1
63,1,1,2,1,3,1063,0,0,1,0,0,2.705,com,0
63,2,0,0,1,0,1245,0,0,1,1,0,2.801,com,0
70,5,1,3,1,3,202,0,0,1,0,1,3.912,tk,1
31,1,1,4,1,1,1179,0,0,1,0,0,3.199,org,0
60,2,2,3,1,2,757,0,0,0,0,1,2.561,com,0
73,1,1,2,3,1,1695,0,0,1,0,0,2.586,edu,0
38,1,0,5,0,1,1753,0,0,1,0,0,3.058,com,0
102,2,1,7,1,1,140,0,0,1,0,1,2.753,xyz,1
22,1,1,2,1,2,468,0,0,1,0,0,2.824,fr,0
120,3,3,9,0,0,8,0,0,1,0,1,3.785,top,1
72,1,1,2,1,1,1299,0,0,1,0,0,3.405,com,0
53,1,0,2,2,1,1899,0,0,1,0,0,3.044,fr,0
60,1,0,1,0,3,1014,0,0,1,1,0,2.722,com,0
61,4,1,3,1,1,1249,0,0,1,0,0,2.94,edu,0
39,5,0,2,0,0,2203,0,0,1,1,0,2.489,com,0
27,2,0,1,4,1,1196,0,0,1,0,1,3.287,com,0
50,1,1,1,0,2,618,0,0,1,0,0,3.372,net,0
34,1,0,1,1,0,386,0,0,0,0,0,3.123,net,0
47,4,2,1,2,4,308,0,0,1,0,0,3.349,net,1
65,1,3,7,6,1,113,0,0,0,0,0,3.525,xyz,1
72,2,0,7,1,2,387,0,0,1,0,0,3.92,top,1
56,1,0,0,2,0,748,0,0,1,0,0,2.582,com,0
31,1,0,1,0,0,526,0,0,1,0,0,2.843,com,0
30,2,1,3,1,0,1842,0,0,1,0,0,2.604,com,0
41,3,0,3,2,0,1166,0,0,1,0,0,2.923,fr,0
72,2,1,5,4,3,113,0,0,1,0,0,3.127,zip,1
60,2,0,4,1,0,408,0,0,1,0,0,2.432,org,0
53,3,0,0,1,1,537,0,0,1,0,0,3.609,com,0
64,1,1,2,0,1,1272,0,0,1,0,0,2.729,gov,0
64,1,0,0,1,1,230,0,0,1,0,0,2.687,net,0
32,2,1,2,0,0,1278,0,0,1,0,0,2.979,fr,0
88,1,1,2,1,0,1011,0,0,1,0,0,3.082,net,0
59,3,0,7,1,0,1650,0,0,1,0,0,3.335,net,0
55,3,0,3,0,0,595,0,0,1,0,0,3.062,com,0
27,1,2,0,2,1,1396,0,0,1,0,0,3.531,org,0
13,1,0,1,2,2,718,0,0,1,0,0,3.32,org,0
25,1,0,3,2,2,3330,0,0,0,0,0,2.786,com,0
89,1,1,1,1,1,860,0,0,1,0,0,2.649,com,0
41,1,1,3,2,2,926,0,0,1,1,0,3.592,edu,0
69,4,0,1,2,0,2914,0,0,1,0,0,2.704,edu,0
63,1,0,1,1,2,1585,0,0,1,1,0,3.163,com,0
53,3,1,2,3,2,143,0,0,0,0,1,4.042,info,1
78,3,2,4,0,1,167,0,0,1,1,0,3.881,click,1
59,3,2,5,2,3,144,0,1,1,0,1,4.113,tk,1
81,4,2,2,2,1,934,0,0,1,0,0,2.75,org,0
40,2,0,3,1,0,457,0,0,1,0,0,2.9,com,0
63,3,0,3,1,0,1008,0,0,1,0,0,3.345,net,0
50,1,1,0,1,1,1493,0,0,1,0,0,3.294,com,0
116,3,1,4,2,3,164,0,0,1,0,0,3.837,tk,1
101,2,1,5,2,1,64,0,0,1,1,0,3.83,info,1
55,3,2,2,0,0,2156,0,0,1,0,0,3.489,com,0
32,3,1,1,1,1,1692,0,0,1,0,0,2.94,com,0
87,3,1,7,3,0,130,1,0,1,0,0,4.573,xyz,1
26,3,0,1,4,1,1294,0,0,1,0,0,2.345,org,0
44,2,0,2,2,0,957,0,0,1,0,0,3.241,net,0
34,6,1,6,1,3,158,0,0,1,0,1,4.127,net,1
57,3,2,2,0,2,457,0,0,1,0,0,3.17,edu,0
40,1,0,1,3,0,1223,0,0,0,0,0,3.539,com,0
54,1,1,2,3,1,965,0,0,1,0,0,3.047,org,0
89,3,1,2,2,1,861,0,0,1,0,1,3.281,com,0
67,3,2,2,2,1,1344,0,0,1,0,0,2.915,com,0
31,2,0,1,1,0,1599,1,0,1,0,0,2.598,com,0
91,1,1,3,2,3,322,0,0,0,0,0,4.054,top,1
39,2,1,4,1,1,871,0,0,1,0,0,2.711,org,0
52,2,0,0,0,0,921,0,0,1,0,0,3.261,fr,0
74,4,2,2,0,0,82,0,0,1,0,0,3.809,fr,0
60,4,4,5,1,1,786,0,0,0,0,1,3.843,zip,1
17,3,1,6,1,0,2908,0,0,1,0,0,2.822,com,0
42,2,1,1,2,2,1316,0,0,1,0,0,2.817,edu,0
90,4,1,5,1,3,419,0,0,1,0,0,3.543,info,1
89,4,2,8,4,1,141,0,0,0,1,0,3.537,info,1
17,3,1,1,2,1,1683,0,0,1,0,0,2.259,fr,0
78,1,1,5,1,3,256,0,0,1,0,0,3.556,info,1
58,3,1,3,1,1,1236,0,0,1,0,0,3.617,org,0
27,2,0,0,1,0,2247,0,0,1,0,0,3.664,com,0
101,2,1,5,4,1,185,0,0,1,0,0,4.394,net,1
31,2,1,0,1,1,1748,0,0,1,0,0,3.397,fr,0
57,1,0,1,2,1,379,0,0,1,0,0,3.109,org,0
45,1,0,1,3,1,710,0,0,1,0,0,2.955,fr,0
105,2,1,6,3,4,279,0,0,1,0,0,3.534,net,1
42,2,2,2,1,0,505,0,0,0,1,0,2.468,net,0
48,4,0,0,0,0,1627,0,0,1,0,0,2.498,com,0
52,4,2,1,1,2,1186,0,0,1,0,0,3.179,org,0
41,3,0,0,1,1,2632,0,0,1,0,0,3.398,org,0
46,2,1,3,1,0,163,0,0,0,0,0,3.014,info,1
48,1,2,5,1,0,191,0,0,1,0,0,2.937,xyz,1
117,3,2,2,3,0,1884,0,0,1,0,0,2.799,com,0
35,4,2,2,2,2,1228,0,0,1,0,0,2.562,com,0
47,2,0,1,1,0,621,0,0,1,0,0,2.837,com,0
40,1,2,1,2,1,1896,0,0,1,0,0,2.921,net,0
69,1,1,4,2,0,181,0,0,1,0,0,3.028,org,0
45,1,1,3,0,0,1276,0,0,1,0,0,2.317,org,0
71,3,1,4,1,2,390,0,0,0,0,1,3.225,xyz,1
77,2,1,3,4,2,401,0,0,1,0,1,3.735,click,1
70,1,1,4,1,3,1650,0,0,1,0,0,3.079,com,0
47,1,1,3,2,0,941,0,0,0,0,0,2.951,net,0
72,4,0,3,2,1,139,0,0,0,1,1,4.161,zip,1
60,1,0,0,2,1,1679,0,0,1,0,0,2.499,com,0
60,1,0,2,0,0,1113,0,0,1,0,0,3.432,com,0
38,2,0,7,1,1,677,0,0,1,0,0,3.733,com,0
23,2,1,0,1,0,1158,0,0,1,0,0,3.123,gov,0
57,3,0,2,1,1,835,0,0,1,0,0,2.966,fr,0
110,1,2,7,3,2,439,0,0,1,0,1,3.657,xyz,1
15,1,2,7,1,3,170,0,0,1,0,0,3.023,info,1
109,4,3,4,0,2,246,0,0,1,0,0,3.107,tk,1
49,1,1,2,0,0,724,0,0,1,0,1,2.811,com,0
26,1,1,1,0,1,827,0,0,1,0,0,2.569,com,0
16,2,0,2,3,1,886,0,0,0,0,0,3.633,com,0
92,2,2,2,2,3,1234,0,0,1,0,0,3.245,com,0
21,1,0,4,0,1,911,0,0,1,0,1,3.237,com,0
41,1,0,3,1,3,635,0,0,1,0,0,2.61,com,0
73,3,0,0,2,1,782,0,0,1,0,0,3.159,org,0
106,3,3,2,2,2,178,0,0,1,0,0,2.994,click,1
59,3,3,1,0,1,3241,0,0,0,0,0,3.125,fr,0
42,2,0,0,0,2,748,0,0,1,0,0,1.905,com,0
40,2,2,2,0,2,1700,0,0,1,0,0,3.272,net,0
36,1,0,4,0,2,1444,0,0,1,0,0,3.585,com,0
33,5,0,2,0,1,1014,0,0,1,1,0,2.846,com,0
82,4,2,7,3,1,20,0,1,1,0,1,4.154,xyz,1
29,2,0,5,2,0,883,0,0,1,0,0,3.649,org,0
90,3,3,4,4,0,105,0,0,1,0,1,4.196,zip,1
57,1,0,1,3,1,1674,0,0,1,0,0,2.641,fr,0
47,4,0,2,1,2,551,0,0,1,0,0,3.469,fr,0
38,2,1,2,2,0,1642,0,0,1,0,0,3.487,com,0
73,2,0,2,1,2,854,0,0,1,0,0,3.252,org,0
58,1,0,2,0,0,1336,0,0,1,0,0,2.954,net,0
56,5,0,2,1,2,473,0,0,1,0,0,2.813,com,0
54,7,1,1,1,3,1008,0,0,1,0,0,2.928,net,0
56,3,1,5,1,4,163,0,1,1,1,1,4.159,tk,1
63,4,0,1,0,1,1050,0,0,1,0,0,2.719,net,0
75,1,0,2,1,1,1314,0,0,1,0,1,3.25,fr,0
70,6,2,3,3,1,506,0,1,0,0,0,3.472,net,1
37,1,1,4,0,0,556,0,0,1,0,1,2.891,fr,0
65,1,0,3,1,1,615,0,0,1,0,0,2.812,fr,0
96,3,0,5,4,2,317,0,0,1,0,0,3.368,xyz,1
102,4,1,5,0,1,637,0,0,1,0,0,2.918,org,0
73,4,0,3,1,0,873,0,0,1,0,0,2.885,com,0
62,4,0,0,0,0,1177,0,0,1,0,0,3.12,com,0
63,3,1,8,1,2,289,0,0,1,0,1,4.379,top,1
73,3,3,1,0,1,2287,0,0,1,0,0,3.666,com,0
14,1,0,2,1,2,1337,0,0,1,0,0,2.588,com,0
30,3,1,3,2,2,2792,0,0,1,0,1,3.072,com,0
60,4,0,3,1,3,203,0,0,1,0,0,3.894,xyz,1
51,2,4,3,2,1,21,1,1,0,0,1,2.918,xyz,1
71,1,1,2,2,0,4106,1,0,1,0,1,2.5,net,0
99,4,0,3,1,0,197,0,1,0,0,0,4.185,click,1
59,1,3,6,1,2,397,0,0,1,0,0,3.153,net,1
62,4,0,3,0,0,353,0,0,1,0,0,4.02,com,0
83,1,0,1,1,1,1612,0,0,1,0,0,3.37,com,0
101,4,0,5,0,0,82,1,0,1,1,0,3.785,zip,1
72,3,0,3,0,0,2169,0,0,1,0,1,2.545,com,0
19,1,1,4,0,2,921,0,0,1,0,0,2.85,com,0
12,5,0,1,0,2,1023,1,0,0,0,0,3.094,net,0
61,1,0,0,1,2,813,0,0,1,0,0,2.482,com,0
52,2,0,3,2,0,738,0,0,1,0,0,2.258,com,0
74,2,1,5,0,0,1742,0,0,1,0,0,3.124,org,0
67,2,0,2,3,1,1046,0,0,1,0,0,3.301,net,0
42,1,4,2,0,1,844,0,0,1,0,0,3.04,com,0
34,1,0,3,1,1,704,0,0,1,0,0,3.396,com,0
16,3,1,1,1,1,718,0,0,1,0,0,3.538,edu,0
124,3,2,0,1,1,1035,0,0,1,1,0,2.729,net,0
32,1,0,1,3,0,576,0,0,1,0,0,3.164,gov,0
63,4,0,1,2,1,1573,0,0,1,0,0,2.964,gov,0
58,1,2,3,2,0,611,0,0,1,0,0,2.258,org,0
67,2,1,3,2,4,292,0,0,0,0,0,3.268,xyz,1
49,2,1,4,1,1,1295,0,0,1,0,1,4.022,fr,0
41,2,1,3,0,1,1514,0,0,1,0,0,2.944,org,0
64,4,1,6,1,1,462,1,1,0,0,0,3.567,click,1
38,2,0,2,2,1,815,0,0,1,0,0,2.781,com,0
74,2,2,1,0,2,1051,0,0,1,0,1,3.108,net,0
49,2,2,7,2,1,171,0,0,0,0,1,3.412,com,1
32,1,2,3,1,1,1091,0,0,1,0,0,3.379,com,0
64,2,1,2,2,0,1535,0,0,1,0,0,2.619,com,0
73,1,0,4,1,1,1999,0,0,1,0,0,3.133,org,0
85,1,0,1,2,0,1464,0,0,1,0,0,3.201,com,0
61,1,0,2,2,0,2269,0,0,1,0,0,3.136,edu,0
65,1,1,1,0,0,1956,0,0,1,0,0,2.858,com,0
63,4,0,3,2,0,2067,0,0,1,0,0,3.0,com,0
53,3,1,7,4,1,126,0,0,0,0,0,2.834,xyz,1
88,3,0,1,1,1,1517,0,0,1,0,0,2.874,edu,0
46,3,0,2,0,0,1062,0,0,1,0,0,2.994,com,0
39,1,0,1,2,1,916,0,0,1,0,0,3.626,com,0
38,1,0,1,2,1,1641,0,0,1,0,0,3.247,com,0
36,1,2,3,1,1,2201,0,0,1,0,0,3.233,gov,0
103,2,3,5,3,1,439,0,0,1,0,1,3.596,xyz,1
50,3,0,0,2,2,850,0,0,1,0,0,3.299,com,0
75,2,0,0,2,1,1007,0,0,1,0,0,2.343,org,0
59,1,1,2,1,0,1137,0,0,1,0,0,3.226,com,0
73,3,0,2,1,2,1138,0,0,1,0,0,2.108,com,0
75,1,1,2,4,4,396,0,0,1,0,0,3.742,xyz,1
81,2,2,2,2,0,601,0,0,1,0,1,2.99,edu,0
37,1,2,3,1,2,1524,0,0,1,0,0,2.96,com,0
75,2,2,6,1,1,250,0,0,1,0,0,3.158,xyz,1
93,1,0,1,1,2,227,0,0,1,0,0,3.163,fr,0
52,2,2,2,1,0,1803,0,0,1,0,0,2.347,com,0
60,1,0,1,0,0,838,0,0,1,0,0,2.917,org,0
63,1,0,1,1,0,1182,0,0,1,0,0,3.327,com,0
68,5,0,10,3,2,144,0,0,1,0,0,3.106,top,1
44,3,3,6,2,4,138,0,0,0,0,0,3.203,info,1
43,1,2,2,0,1,1357,0,0,1,0,0,2.792,com,0
42,4,1,3,3,2,214,0,0,1,0,1,4.032,tk,1
40,1,1,2,1,1,877,0,0,0,0,0,3.069,com,0
58,3,2,2,2,1,787,0,0,1,0,0,2.905,gov,0
59,2,3,3,3,0,1707,0,0,1,0,0,3.072,com,0
48,1,1,3,0,2,1357,0,0,1,1,0,2.245,com,0
49,3,0,1,1,0,1959,0,0,1,0,0,2.913,org,0
57,3,0,2,2,0,935,0,0,1,0,0,3.392,edu,0
50,1,0,3,1,0,860,0,0,1,0,0,2.218,org,0
40,2,0,3,0,1,2088,0,0,1,0,0,3.635,fr,0
72,5,0,1,0,0,934,0,0,1,0,0,2.983,com,0
101,2,3,4,4,1,115,0,0,0,0,0,3.126,xyz,1
28,2,0,2,1,2,1376,0,0,1,0,0,2.774,fr,0
48,3,0,3,2,0,949,0,0,1,0,0,2.927,gov,0
32,4,1,2,0,1,1371,0,0,1,0,0,2.636,com,0
64,2,2,8,1,4,499,0,0,0,0,0,3.337,click,1
35,1,0,4,2,1,1834,0,0,1,0,0,2.93,org,0
22,1,1,0,3,1,595,0,0,1,0,0,3.243,com,0
61,2,1,1,2,0,411,0,0,1,1,0,2.649,fr,0
50,5,1,3,1,0,1243,0,0,1,0,0,3.099,com,0
89,4,2,5,3,0,323,0,0,1,0,0,3.51,click,1
42,2,2,7,0,3,159,0,0,0,0,0,3.189,xyz,1
48,2,2,4,1,1,404,0,0,0,1,0,3.57,click,1
66,1,0,3,0,0,1281,0,0,1,0,0,3.347,net,0
72,1,1,3,0,2,1589,0,0,0,0,0,3.322,com,0
58,1,1,0,2,1,621,0,0,1,0,0,2.451,com,0
114,5,1,3,1,2,425,0,0,1,0,0,4.08,top,1
48,1,1,1,1,2,871,0,0,1,0,0,3.432,com,0
34,2,0,0,0,1,774,0,0,1,0,0,2.786,fr,0
70,1,0,4,0,1,1532,0,0,1,0,0,3.148,fr,0
46,2,0,1,2,0,513,0,0,1,1,0,3.245,net,0
82,2,0,3,1,0,2197,0,0,1,0,0,2.572,com,0
73,1,0,2,1,2,1523,0,0,1,0,1,2.762,net,0
69,1,2,2,2,2,1423,0,0,0,0,0,3.058,com,0
54,1,0,2,0,0,1870,0,0,0,0,0,2.974,org,0
47,2,1,5,1,0,1480,0,0,0,0,0,3.22,com,0
41,2,1,6,2,0,314,1,1,1,0,0,3.034,net,1
92,2,1,3,2,0,218,1,0,1,0,0,2.797,xyz,1
24,5,0,0,1,2,1172,0,0,1,0,0,3.107,com,0
87,3,1,10,2,2,414,0,0,1,0,0,2.881,tk,1
31,3,0,1,2,1,653,0,0,1,0,0,2.738,org,0
41,1,0,1,0,1,590,0,0,0,0,0,2.726,com,0
82,1,1,4,2,3,183,0,0,0,1,0,3.65,top,1
45,1,0,1,2,2,1317,0,0,1,0,0,2.886,edu,0
77,4,0,2,2,3,473,0,0,1,1,0,2.047,edu,0
44,4,0,1,4,0,2265,0,0,1,0,0,3.556,com,0
63,2,0,2,3,0,37,0,1,1,1,1,4.12,click,1
40,2,1,0,1,3,1344,0,0,0,0,0,2.978,fr,0
37,1,0,2,1,0,426,0,0,1,0,0,2.927,fr,0
32,1,0,0,1,1,784,0,0,1,0,0,3.031,gov,0
84,1,0,2,1,2,133,0,0,0,0,0,3.545,com,1
61,1,1,0,0,1,755,0,0,1,0,0,2.289,org,0
65,3,1,2,1,1,613,0,0,1,0,0,3.258,fr,0
44,1,1,2,0,0,964,0,0,1,0,0,3.001,com,0
38,1,0,2,1,2,423,0,0,1,0,0,3.496,com,0
70,5,0,6,1,2,267,0,0,1,0,0,3.646,click,1
77,1,1,4,0,0,990,0,0,1,0,0,2.962,com,0
88,2,0,3,2,0,1161,0,0,1,0,0,2.033,gov,0
18,3,0,5,1,0,1162,0,0,1,0,0,2.523,org,0
94,1,2,6,3,1,92,0,0,0,0,0,3.683,com,1
73,1,0,3,0,0,1189,0,0,1,0,0,2.741,gov,0
55,1,1,1,2,2,2346,0,0,1,0,0,2.866,edu,0
67,4,0,2,1,2,99,0,0,1,0,0,3.284,info,1
71,3,0,5,3,1,877,0,0,1,0,1,2.56,com,0
17,2,0,0,1,1,266,0,0,1,0,0,3.036,org,0
15,3,2,3,2,3,40,0,0,0,0,1,3.629,info,1
46,1,0,1,2,1,509,0,0,1,1,0,2.948,com,0
78,2,1,3,2,0,1308,0,0,1,0,0,4.154,net,0
49,1,1,3,2,1,1170,0,0,1,0,0,3.347,net,0
79,1,0,4,1,1,1410,0,0,1,0,0,3.05,net,0
101,2,1,5,3,1,244,0,0,0,1,0,4.467,info,1
35,1,0,2,2,0,317,0,0,1,0,0,2.817,com,0
96,3,1,6,2,2,194,0,0,0,0,0,3.11,zip,1
35,1,0,2,2,0,714,0,0,1,0,0,2.46,com,0
49,3,0,2,3,0,1848,0,0,1,0,0,2.709,com,0
86,2,2,3,2,1,293,1,0,1,0,0,3.103,info,1
81,1,0,3,1,1,1029,0,0,1,0,0,3.809,com,0
19,1,1,1,2,1,1130,0,0,1,0,0,2.725,edu,0
52,2,1,1,0,1,633,0,0,1,0,0,3.922,com,0
93,1,1,1,0,0,985,0,0,1,0,0,2.967,com,0
90,2,0,8,0,1,634,1,0,1,0,0,3.375,com,1
51,3,0,2,1,0,508,0,0,1,1,0,2.98,fr,0
36,1,0,1,1,1,977,0,0,1,0,0,2.157,com,0
118,6,1,8,2,0,550,0,0,1,0,0,4.1,zip,1
55,1,1,1,2,0,1234,0,0,1,0,0,2.917,com,0
64,2,1,1,1,1,520,0,0,1,0,0,3.473,com,0
39,3,0,2,1,1,1454,0,0,1,0,0,3.053,com,0
57,1,1,2,1,2,1222,0,0,1,0,0,3.211,net,0
78,2,0,0,2,0,584,0,0,1,0,0,3.209,edu,0
64,3,0,7,0,0,1599,0,0,1,0,0,3.62,fr,0
86,2,0,1,0,1,1284,0,0,1,0,1,2.799,org,0
64,2,1,7,1,0,1061,0,0,1,0,0,3.202,com,0
46,1,0,1,0,2,960,0,0,1,1,0,2.459,com,0
19,1,1,2,1,1,1084,0,0,1,0,0,3.049,net,0
89,1,0,5,2,0,1644,0,0,1,0,0,2.956,com,0
76,4,0,1,1,2,2740,0,0,1,1,1,2.519,com,0
76,3,0,6,3,0,161,0,0,1,0,0,2.954,xyz,1
57,2,0,3,0,3,1381,0,0,1,0,0,2.658,org,0
118,4,2,7,2,1,333,1,0,1,0,0,3.175,info,1
50,1,0,1,2,3,2038,0,0,0,0,0,2.463,com,0
49,1,2,1,0,0,1527,0,0,1,0,0,3.045,com,0
66,1,2,1,1,0,2888,0,0,1,0,0,4.187,net,0
101,2,0,3,2,1,428,1,0,1,0,0,3.85,info,1
22,1,3,0,1,1,1984,0,0,1,0,0,3.393,com,0
61,4,1,1,2,0,252,0,0,1,0,0,3.076,com,0
59,2,0,3,1,2,1534,0,0,1,0,0,2.739,fr,0
26,4,0,5,2,3,471,0,0,1,1,0,3.224,net,1
60,2,0,2,1,0,821,0,0,1,0,0,3.263,com,0
44,1,0,3,1,1,892,0,0,1,0,0,2.576,fr,0
84,4,0,1,0,2,805,0,0,1,0,0,3.477,fr,0
74,4,1,2,1,1,657,0,0,1,0,0,3.077,gov,0
30,1,1,3,1,0,858,0,0,1,0,0,3.173,org,0
28,1,0,4,1,1,1206,0,0,1,1,0,2.731,net,0
73,2,0,0,2,2,659,0,0,1,0,0,3.388,com,0
23,7,0,1,1,1,1850,0,0,1,0,0,3.502,org,0
88,2,0,4,1,2,969,0,0,1,0,0,2.287,fr,0
54,1,0,0,0,1,825,0,0,1,0,0,2.641,com,0
80,3,3,6,1,2,133,0,0,0,1,0,2.845,xyz,1
40,2,0,5,3,0,2661,0,0,1,0,0,3.849,org,0
89,1,1,0,0,0,1130,0,0,1,0,0,3.106,com,0
70,2,0,0,0,1,803,0,0,1,0,0,2.974,com,0
20,4,0,2,1,0,3010,0,0,1,0,0,3.343,org,0
45,3,1,1,1,3,1429,0,0,1,0,0,3.592,org,0
54,1,1,2,1,1,794,0,0,1,0,0,2.853,fr,0
51,6,0,9,0,0,314,0,0,1,0,0,3.69,com,1
51,1,1,3,3,0,1424,0,0,1,0,1,3.852,com,0
40,1,0,2,0,2,2776,0,0,1,0,0,2.709,com,0
46,4,1,1,0,1,875,0,0,1,0,0,3.156,org,0
49,2,1,2,0,0,1160,0,0,1,0,0,3.29,fr,0
83,2,1,2,1,0,1023,0,0,1,0,1,2.605,gov,0
76,3,0,3,1,1,569,0,0,1,0,0,3.306,com,0
39,4,1,1,2,2,460,0,0,1,0,0,2.485,org,0
69,2,0,5,0,3,1488,0,0,1,0,0,2.4,com,0
66,2,4,0,2,1,631,0,0,1,0,0,4.119,net,0
36,1,0,0,2,2,1769,0,0,1,0,0,3.153,com,0
63,1,2,0,2,0,1100,0,0,1,0,0,3.038,com,0
53,2,0,3,0,0,565,0,0,1,0,0,3.134,fr,0
47,5,2,1,1,2,180,1,0,1,0,1,3.739,com,1
55,1,1,2,2,4,974,0,0,1,0,0,2.81,com,0
15,2,4,2,1,2,490,0,0,1,0,0,3.263,click,1
55,1,0,5,3,1,208,0,0,1,0,0,3.064,tk,1
60,2,1,1,0,1,1436,0,0,1,0,0,3.024,gov,0
60,1,1,1,2,1,1128,0,0,1,0,0,2.755,com,0
56,3,0,7,2,0,414,0,0,0,0,1,2.944,xyz,1
80,1,0,1,2,1,1193,0,0,1,0,0,3.357,com,0
67,1,1,3,1,3,3086,0,0,1,0,0,2.699,net,0
25,3,2,5,1,0,147,1,0,1,0,1,3.152,xyz,1
39,3,1,7,4,2,207,0,0,1,0,0,3.697,tk,1
37,1,0,1,0,3,1154,0,0,1,0,0,2.924,org,0
35,2,0,2,0,1,641,0,0,1,0,0,2.765,edu,0
41,5,1,0,1,2,1131,0,0,1,0,0,2.705,com,0
51,1,1,3,0,1,1497,0,0,1,0,0,2.336,fr,0
62,4,1,2,0,1,650,0,0,0,0,0,2.343,net,0
55,4,1,3,3,1,84,0,0,0,1,0,2.957,info,1
65,1,4,5,3,1,235,0,0,0,0,0,2.953,xyz,1
63,3,0,2,1,0,609,0,0,1,0,0,2.634,com,0
61,3,0,1,1,0,651,0,0,1,0,0,3.278,edu,0
46,2,0,3,2,1,2866,0,0,1,0,1,2.944,com,0
46,3,0,2,1,0,587,0,0,1,0,0,3.144,fr,0
69,3,0,1,1,1,656,0,0,1,0,0,3.158,com,0
57,3,0,3,4,0,1084,0,0,1,0,0,2.736,fr,0
28,3,2,1,1,3,1090,0,0,1,0,0,3.184,fr,0
37,3,1,4,0,0,935,0,0,1,0,0,3.496,com,0
33,2,0,1,1,0,1695,0,0,1,0,0,3.197,com,0
55,2,0,1,1,2,654,0,0,1,0,0,3.222,org,0
42,2,0,3,1,1,783,0,0,1,1,0,2.809,org,0
28,2,1,1,0,1,1569,0,0,1,0,0,3.71,com,0
50,2,0,4,2,1,1407,1,0,1,0,0,2.816,org,0
80,2,2,2,0,2,544,0,0,1,0,0,3.084,com,0
44,1,0,1,1,2,2350,0,1,1,0,0,3.233,gov,0
12,1,0,1,1,0,371,0,0,1,0,0,2.854,com,0
51,5,0,2,0,1,1224,0,0,1,0,0,2.992,com,0
63,1,1,1,1,2,2041,0,0,1,0,0,3.642,com,0
35,1,0,2,1,2,821,0,0,1,1,0,3.427,fr,0
38,2,1,4,1,1,1174,0,0,1,0,0,2.907,edu,0
35,2,0,2,3,0,2508,0,0,1,0,0,3.421,com,0
63,1,2,1,2,1,806,0,0,1,0,0,2.451,gov,0
45,2,0,1,0,0,1499,0,0,1,0,1,3.006,com,0
56,3,0,3,0,1,1461,0,0,1,0,0,2.957,com,0
19,3,0,2,1,1,1116,0,0,1,0,0,2.805,edu,0
25,1,1,2,3,1,972,1,0,1,0,0,3.117,net,0
39,2,0,1,0,1,1767,0,0,1,0,0,2.481,com,0
81,2,2,5,3,2,43,1,0,0,0,0,2.695,xyz,1
34,3,0,0,1,3,446,1,0,1,0,0,2.753,com,0
55,2,0,4,1,2,1084,0,0,1,0,0,3.753,org,0
53,3,0,1,0,2,782,0,0,1,0,0,3.542,com,0
46,2,0,1,1,1,1892,0,0,1,0,0,3.093,com,0
56,4,0,1,1,1,2569,0,0,1,0,0,2.466,com,0
66,3,0,1,0,1,2271,0,0,1,0,0,2.847,com,0
60,1,0,2,2,2,221,0,0,1,0,0,3.393,xyz,1
52,2,2,2,1,0,509,0,0,1,0,0,2.769,fr,0
30,1,0,3,2,1,1076,0,0,1,0,0,2.737,com,0
42,2,1,1,2,0,1219,0,0,1,0,0,3.126,org,0
44,1,0,4,0,2,650,0,0,0,0,0,2.655,org,0
38,1,1,2,3,0,916,0,0,1,0,0,2.829,org,0
17,2,1,1,1,1,877,0,0,1,0,0,2.339,com,0
44,1,0,2,1,0,2424,0,0,1,0,0,3.401,fr,0
50,1,0,3,2,2,586,0,0,1,0,0,3.205,com,0
17,2,1,3,3,0,1225,0,0,0,0,0,2.769,com,0
88,2,0,2,3,1,625,0,0,1,0,0,2.992,org,0
44,2,2,3,1,4,1630,0,0,1,0,0,3.633,org,0
35,3,1,1,1,2,2642,0,0,1,0,0,3.239,fr,0
68,1,1,5,3,3,358,0,0,1,1,0,3.636,top,1
77,1,1,1,0,1,817,0,0,1,0,0,2.647,net,0
49,1,2,2,0,1,1267,0,0,1,1,0,3.096,fr,0
43,2,0,1,2,1,403,0,0,1,0,0,2.558,com,0
55,2,2,2,2,2,1151,0,0,1,1,0,3.011,org,0
86,2,4,5,1,1,151,0,0,0,0,0,3.677,info,1
48,1,1,1,0,1,2006,0,0,1,0,0,3.219,com,0
53,3,1,2,1,0,603,0,0,1,0,0,3.442,fr,0
37,2,0,2,1,0,647,0,0,1,0,0,2.485,org,0
64,1,1,2,1,3,45,0,0,1,0,1,3.344,xyz,1
60,2,0,4,1,1,1564,0,0,1,0,0,3.202,com,0
56,2,0,2,2,1,1046,0,0,1,0,0,3.213,fr,0
54,1,1,1,2,1,2066,0,0,1,0,0,2.924,org,0
40,1,1,2,1,0,1389,0,0,1,0,0,2.129,com,0
60,1,2,3,2,0,485,0,0,1,0,0,3.224,org,0
94,4,2,3,3,3,590,0,0,1,0,0,4.791,xyz,1
37,3,1,2,1,1,1322,0,0,1,0,0,3.361,net,0
63,2,0,2,2,1,893,0,0,1,0,0,2.727,fr,0
51,1,0,2,0,0,1024,0,0,1,0,0,2.46,com,0
52,1,2,3,3,3,410,0,0,1,0,1,3.691,net,0
71,3,1,2,4,0,1488,0,0,1,0,0,3.136,com,0
39,5,0,2,1,2,990,0,0,1,0,0,2.97,gov,0
35,2,0,2,3,0,953,0,0,1,0,0,3.449,com,0
70,1,0,2,0,1,1579,0,0,0,0,0,2.981,com,0
73,5,2,8,1,1,341,1,0,1,0,0,4.359,xyz,1
26,3,0,1,2,1,648,0,0,1,0,0,3.397,com,0
62,2,0,4,1,0,1126,0,0,1,0,0,2.974,com,0
91,1,0,4,2,1,161,0,0,1,0,0,2.796,tk,1
42,3,1,0,1,4,402,0,0,0,0,0,2.621,edu,0
53,3,1,1,1,1,676,0,0,1,0,0,3.036,com,0
33,2,1,3,1,0,1753,0,0,1,1,0,2.944,gov,0
26,2,1,1,0,1,790,0,0,1,0,0,2.867,com,0
34,2,0,5,0,0,710,0,0,0,0,0,3.882,org,0
102,7,3,8,4,1,364,0,0,1,0,0,3.256,top,1
48,1,0,1,1,0,584,0,0,1,0,1,2.428,fr,0
21,1,1,1,1,1,1518,0,0,1,0,0,2.901,edu,0
18,2,1,3,0,0,959,0,0,1,0,0,2.797,com,0
22,2,1,0,2,0,1172,0,0,1,0,0,2.755,com,0
54,3,1,3,1,3,3021,0,0,1,0,0,3.42,com,0
61,2,1,2,1,1,948,0,0,1,0,0,3.153,com,0
42,3,0,3,1,0,1000,0,0,1,0,0,2.572,com,0
74,1,1,8,2,1,362,0,0,1,0,1,3.636,tk,1
50,1,0,1,1,1,2912,0,0,1,0,0,2.64,com,0
76,2,1,3,1,0,558,0,0,1,1,0,2.799,net,0
78,1,1,2,2,0,762,0,0,1,1,0,2.312,org,0
41,2,1,1,2,1,1777,0,0,1,0,0,2.206,net,0
43,1,1,4,0,1,2054,0,0,0,0,1,2.297,edu,0
80,2,1,5,1,1,134,0,0,1,0,0,3.704,top,1
61,3,0,1,0,1,1155,0,0,1,0,0,2.462,com,0
120,2,3,6,0,2,16,0,0,0,0,1,3.661,xyz,1
64,6,4,5,1,2,944,0,0,1,0,0,3.326,net,0
40,2,0,0,0,1,1540,0,0,1,0,0,3.588,com,0
89,3,2,5,1,1,568,0,0,0,0,0,3.66,zip,1
47,2,1,2,0,0,1033,0,0,1,0,0,2.794,com,0
48,4,0,1,1,1,609,0,0,1,0,1,3.29,com,0
43,3,3,7,2,1,251,0,0,1,1,0,3.527,info,1
20,1,1,1,3,4,908,0,0,1,0,0,2.314,net,0
47,1,0,1,1,0,1709,0,0,1,0,0,2.782,com,0
77,2,0,1,2,0,924,0,0,1,0,0,4.146,com,0
64,1,0,2,1,0,1122,0,0,1,0,0,2.515,fr,0
52,1,2,1,5,2,1164,0,0,1,0,0,2.518,com,0
36,2,0,1,3,0,956,0,0,1,0,0,2.871,com,0
50,5,1,1,1,0,658,0,0,1,1,0,3.281,com,0
91,3,3,4,1,1,336,0,0,1,0,0,3.221,top,1
54,1,2,0,0,2,1116,0,0,1,0,0,3.269,com,0
74,3,0,3,0,2,1198,0,0,1,1,0,3.757,com,0
45,1,0,1,1,0,1446,0,0,1,0,0,4.24,com,0
12,1,0,3,0,1,764,0,0,1,0,1,2.707,org,0
29,2,2,3,3,1,153,0,1,1,0,0,4.068,com,1
53,1,0,1,3,2,1363,0,0,1,1,0,3.516,fr,0
54,2,0,7,0,2,288,0,1,1,0,1,2.857,click,1
32,1,0,2,1,2,1026,0,0,1,0,0,3.432,org,0
70,3,1,0,4,0,1459,0,0,1,0,0,2.927,org,0
49,1,0,1,0,1,1953,0,0,0,0,0,3.876,net,0
15,2,0,5,2,2,129,0,0,1,0,1,3.029,xyz,1
30,1,0,1,0,0,874,0,0,1,0,0,3.571,org,0
47,1,0,1,2,3,1243,0,0,1,0,0,3.206,org,0
73,4,1,3,1,2,866,0,0,0,0,0,2.744,gov,0
40,5,0,3,2,2,247,0,0,1,0,0,3.336,com,0
53,1,0,2,2,0,1571,0,0,1,0,0,2.753,org,0
31,1,0,4,0,0,548,0,0,0,1,0,2.476,net,0
35,6,1,0,0,2,1725,0,0,0,0,0,3.056,fr,0
45,2,0,2,2,1,652,0,0,1,0,0,3.513,com,0
155,2,1,3,3,3,91,0,0,1,0,0,3.6,info,1
30,3,0,2,0,1,690,0,0,1,0,0,3.411,com,0
62,1,2,1,1,0,767,0,0,0,0,0,3.089,com,0
59,2,0,0,0,1,668,0,0,1,0,0,3.534,com,0
45,1,0,0,0,2,327,0,0,1,0,0,2.56,org,0
60,3,2,2,1,1,1438,0,0,1,0,0,3.087,com,0
62,1,0,0,4,0,1214,0,0,0,1,0,3.849,com,0
76,3,1,1,0,1,576,0,0,1,0,0,2.931,org,0
32,2,2,0,0,0,725,0,1,1,0,0,3.281,net,0
83,3,3,8,3,1,194,0,1,0,0,0,3.602,click,1
53,1,0,3,1,0,2039,0,0,1,0,0,2.645,org,0
48,2,1,3,0,0,2396,0,0,1,0,0,3.437,org,0
22,2,0,3,0,0,1386,0,0,1,0,0,3.246,net,0
55,5,1,4,1,0,2480,0,0,1,0,0,2.42,com,0
54,1,0,3,1,0,1646,0,0,1,0,0,2.998,com,0
82,1,0,7,0,0,1399,0,0,1,1,0,2.995,com,0
82,1,0,3,2,0,1313,0,0,1,0,0,3.488,net,0
60,4,5,7,1,1,561,0,0,1,0,0,3.224,tk,1
22,3,1,3,1,1,798,0,0,1,0,0,3.049,org,0
85,3,1,2,1,3,1290,0,0,1,1,1,3.411,com,0
47,4,1,0,2,1,1833,0,0,1,1,0,2.852,com,0
44,3,0,1,1,0,860,0,0,1,0,0,3.287,com,0
95,4,0,5,4,0,477,0,0,0,0,0,2.5,click,1
88,3,1,2,0,0,1279,0,0,1,0,0,2.786,org,0
76,2,0,1,0,2,1176,0,0,1,0,0,2.759,com,0
34,5,0,5,3,2,530,0,1,1,0,0,3.017,org,0
70,2,1,2,2,0,174,0,1,0,0,0,3.624,info,1
46,1,0,3,3,2,2159,1,0,1,0,0,3.735,fr,0
87,4,0,4,6,3,433,0,0,1,0,0,3.763,click,1
87,1,1,0,2,1,252,0,0,1,0,1,2.591,org,0
36,1,0,2,4,0,1147,0,0,1,0,1,2.345,com,0
58,1,3,1,2,2,1452,0,0,0,0,0,3.224,edu,0
68,3,3,5,1,1,185,0,1,0,1,1,4.501,zip,1
39,1,0,2,1,0,1694,0,0,1,0,0,3.231,com,0
24,1,0,3,0,3,1439,0,0,1,0,0,3.623,fr,0
93,4,1,5,2,2,28,0,0,1,0,0,3.129,com,1
33,3,3,1,0,1,1142,0,0,1,0,0,3.259,com,0
99,2,3,4,0,1,93,1,0,1,1,1,3.904,tk,1
65,2,1,8,1,3,97,0,0,1,1,0,3.248,top,1
64,1,0,1,0,1,956,0,0,1,0,0,2.773,fr,0
37,1,0,2,1,1,392,0,1,0,0,0,2.625,net,0
104,6,1,2,0,2,557,0,0,1,0,0,3.853,click,1
67,1,4,6,1,0,1018,0,0,0,0,0,3.378,com,0
65,3,0,2,2,1,1124,0,0,0,0,0,3.315,com,0
78,2,2,4,3,1,224,0,0,1,0,0,3.278,top,1
52,1,0,3,0,5,1151,0,0,1,0,1,2.562,org,0
14,1,0,3,1,0,414,0,0,1,0,1,2.491,fr,0
46,3,1,1,2,0,1207,0,0,1,0,0,3.109,fr,0
72,1,1,5,1,3,1103,1,0,1,0,0,3.708,com,0
69,3,2,5,2,3,160,0,0,1,0,1,3.021,com,1
56,1,0,3,2,0,1113,0,0,1,0,0,2.928,org,0
59,1,1,1,2,0,2739,0,0,0,1,0,3.416,net,0
26,1,0,1,2,0,988,0,0,1,0,0,2.643,com,0
76,1,0,2,1,0,1057,0,0,1,1,0,3.076,com,0
75,1,0,2,0,1,348,0,0,1,0,0,2.421,net,0
47,8,0,2,1,1,1209,1,0,1,0,0,3.033,edu,0
44,1,0,2,1,1,422,0,0,1,0,0,2.701,fr,0
81,1,0,3,3,0,715,0,0,1,0,0,3.129,org,0
71,1,1,4,4,0,540,0,0,1,0,0,3.642,net,1
36,1,1,1,0,1,2356,0,0,1,0,0,2.923,org,0
71,1,1,4,2,0,2816,0,0,1,0,0,3.051,org,0
47,1,0,1,1,0,871,0,0,1,0,0,3.505,com,0
77,1,1,1,3,0,624,0,0,1,0,0,2.995,org,0
71,1,0,2,1,1,668,0,0,1,0,0,2.259,com,0
52,1,1,2,4,0,1099,0,0,0,0,0,3.076,org,0
82,1,0,4,2,0,2407,0,0,1,0,0,2.541,com,0
27,4,0,1,1,2,1686,0,0,1,0,0,3.058,com,0
51,2,0,4,5,6,83,0,0,1,0,0,3.948,zip,1
39,2,0,4,0,0,2314,0,0,1,0,0,2.458,com,0
119,5,1,5,1,1,199,0,0,1,1,0,3.325,zip,1
13,1,0,2,0,3,788,0,0,1,0,0,2.934,fr,0
79,4,0,9,4,1,414,0,0,1,1,0,3.4,tk,1
34,5,0,5,0,1,461,0,0,1,0,0,2.943,org,0
40,2,0,0,0,1,1141,0,0,1,0,0,3.165,com,0
46,1,1,4,1,3,346,0,0,1,0,0,3.957,xyz,1
74,3,0,0,0,1,1982,0,0,1,0,0,3.208,com,0
102,4,1,0,0,0,932,0,0,1,0,0,2.878,org,0
31,3,0,1,1,1,395,0,0,1,0,0,2.478,com,0
69,3,2,4,3,1,237,0,1,1,0,0,4.066,xyz,1
43,1,0,1,1,0,1023,0,0,1,0,0,3.022,com,0
53,2,0,1,1,1,1979,0,0,1,0,0,2.978,org,0
38,7,1,5,3,0,409,1,0,1,0,0,3.237,tk,1
33,3,0,5,1,2,285,0,0,1,0,0,2.637,com,0
57,1,0,1,2,2,1485,0,0,1,0,0,3.195,gov,0
34,1,0,4,2,0,483,0,0,1,0,0,3.042,com,0
68,1,3,9,2,0,218,0,0,0,0,0,4.141,tk,1
104,4,0,9,1,0,145,0,0,1,0,0,3.577,top,1
51,2,2,1,0,1,537,0,0,1,0,0,3.169,com,0
83,2,0,4,3,0,2780,0,0,1,0,0,2.74,net,0
58,2,2,1,2,2,979,0,0,1,0,0,3.177,com,0
44,2,1,2,3,1,912,0,0,1,0,0,2.7,gov,0
20,3,0,0,2,1,1796,0,0,0,0,0,2.681,org,0
43,1,0,4,3,1,769,0,0,1,0,0,3.452,com,0
47,1,1,1,3,2,2481,0,0,1,0,0,2.476,com,0
68,1,1,3,0,1,1909,0,0,1,0,0,3.03,com,0
52,1,0,4,2,1,407,0,0,1,0,1,3.355,com,0
52,2,0,1,0,1,887,0,0,1,0,0,3.403,com,0
19,2,0,1,0,1,575,0,0,1,0,0,2.71,net,0
109,3,0,5,1,4,302,0,0,1,0,0,2.975,top,1
36,1,0,3,2,1,1610,0,0,1,0,0,3.534,com,0
28,3,0,2,2,1,911,0,0,1,0,0,3.204,fr,0
85,6,0,6,1,1,168,0,0,1,0,0,3.305,tk,1
65,1,2,0,2,0,1319,0,1,1,0,0,3.22,org,0
51,2,2,2,1,0,479,0,0,1,0,0,2.542,com,0
65,2,5,7,6,2,42,0,0,0,0,0,3.36,xyz,1
52,1,3,2,0,1,544,0,0,0,0,0,2.111,org,0
71,4,2,0,2,1,920,0,0,0,0,0,2.461,org,0
37,1,0,0,0,0,1063,1,0,1,0,0,3.087,com,0
48,2,1,0,2,0,2003,0,0,1,0,0,3.821,com,0
14,3,0,1,0,2,1277,0,0,1,0,0,3.582,com,0
73,2,1,4,2,1,1774,0,0,1,0,0,2.62,org,0
114,1,4,3,3,2,27,0,0,0,0,0,3.918,com,1
79,1,0,3,1,0,516,0,0,1,0,0,2.877,fr,0
65,4,1,5,1,1,345,1,0,0,0,0,3.467,xyz,1
43,3,0,1,4,0,1617,0,0,0,0,0,1.79,org,0
32,2,1,4,2,1,1147,0,0,1,0,0,3.125,gov,0
67,1,0,0,1,0,1060,0,0,1,0,0,2.835,com,0
51,4,0,5,0,1,342,0,0,1,0,0,3.039,com,0
41,5,0,3,0,0,919,0,0,0,0,0,2.449,gov,0
54,5,0,6,1,1,255,0,0,1,0,0,4.485,click,1
45,2,1,3,1,2,656,0,0,1,0,0,3.228,org,0
45,2,0,0,1,0,1110,0,0,1,0,0,3.753,com,0
32,1,1,2,2,1,615,1,0,1,0,0,3.223,fr,0
83,1,4,4,1,2,100,0,0,1,0,0,3.539,xyz,1
37,3,1,1,3,1,877,0,0,1,0,0,3.508,com,0
54,3,1,2,1,0,1292,0,0,1,0,0,2.921,com,0
59,4,1,2,0,0,538,0,0,1,0,0,3.092,net,0
18,1,1,2,2,0,277,0,0,1,0,0,2.636,com,0
85,1,0,3,1,0,1171,0,0,0,0,0,3.69,org,0
65,2,0,3,1,1,585,0,0,1,0,0,2.627,com,0
16,1,2,0,0,0,2245,0,0,0,0,0,2.779,com,0
131,4,2,4,2,2,225,0,0,1,1,0,3.797,tk,1
13,1,1,2,0,1,1204,0,0,1,0,0,2.971,com,0
39,1,0,1,0,2,515,0,0,0,0,0,3.241,com,0
41,1,0,4,1,2,233,0,0,1,0,0,2.69,edu,0
33,3,0,2,2,0,719,0,0,1,0,0,3.639,net,0
75,3,0,2,2,1,522,0,0,0,0,0,3.564,com,0
72,1,1,2,0,1,1465,0,0,0,0,0,3.303,edu,0
79,2,1,1,1,1,1765,0,0,0,0,1,2.754,com,0
58,3,2,2,2,1,1417,0,0,1,0,0,2.965,com,0
24,1,0,2,0,1,1096,0,0,0,0,0,4.15,com,0
60,7,4,3,3,2,88,0,0,1,1,0,3.566,xyz,1
48,3,3,4,0,1,402,0,1,1,1,0,3.522,top,1
87,1,0,0,2,4,871,0,0,1,0,0,3.071,fr,0
40,1,0,0,2,1,1285,0,0,1,0,0,3.289,com,0
39,1,1,1,1,0,1061,0,0,1,0,0,1.773,com,0
56,1,0,0,3,2,1030,0,0,1,0,0,3.199,fr,0
36,1,1,3,2,0,835,0,0,1,1,0,2.898,net,0
38,2,1,0,2,2,1756,0,0,1,0,0,3.21,com,0
50,2,0,2,0,1,627,0,0,1,0,0,2.724,fr,0
28,4,1,2,3,2,2257,0,0,1,0,0,2.678,gov,0
29,3,1,1,0,2,638,0,0,1,0,0,2.999,edu,0
92,4,1,2,2,1,1015,0,0,1,1,0,3.569,edu,0
47,2,0,0,2,1,1945,0,0,0,0,0,2.79,com,0
55,2,0,1,1,0,1108,0,0,1,0,0,2.485,fr,0
45,3,2,0,2,0,107,0,0,1,0,0,3.548,fr,0
81,5,2,2,2,2,407,0,0,0,0,1,3.277,top,1
47,1,0,3,0,0,1071,0,0,1,0,0,3.082,gov,0
74,3,1,1,0,2,1770,0,0,1,0,0,3.644,com,0
41,3,3,2,4,0,784,0,0,1,0,0,3.007,net,0
62,2,1,4,1,0,1505,0,0,1,1,0,2.974,com,0
74,2,0,2,2,2,613,0,0,1,0,0,3.253,net,0
40,2,1,0,1,1,2611,0,0,1,0,0,3.039,com,0
68,1,0,3,1,1,692,0,0,1,0,0,2.792,com,0
22,4,1,1,0,0,806,0,0,1,0,0,3.021,fr,0
40,3,1,2,1,0,522,0,0,1,0,0,2.455,net,0
54,3,1,3,0,0,794,0,0,0,0,1,2.415,com,0
15,1,0,2,1,3,317,0,0,0,0,0,3.365,xyz,1
45,1,2,3,2,1,1013,0,0,1,0,0,3.454,com,0
59,1,0,0,3,1,1127,0,0,0,0,0,2.745,net,0
110,3,1,8,3,0,48,0,0,1,1,0,2.726,xyz,1
50,1,0,2,2,0,1064,0,0,1,0,0,3.013,fr,0
44,2,0,3,1,0,1012,0,0,1,0,1,3.258,com,0
18,4,0,2,1,1,1190,0,0,1,0,0,3.469,net,0
12,2,2,2,2,1,935,0,0,1,0,0,3.482,com,0
67,2,0,1,1,0,931,0,0,1,0,0,2.688,fr,0
34,3,1,2,0,1,438,0,0,1,0,0,2.631,com,0
29,1,0,1,0,1,946,0,0,1,0,0,3.516,com,0
35,1,0,2,1,1,1438,0,0,1,0,0,3.218,fr,0
34,3,3,7,1,4,136,1,0,1,0,0,3.83,click,1
15,5,1,6,1,1,282,0,0,1,0,0,3.318,net,1
63,3,1,1,0,0,1284,0,0,1,0,0,3.1,fr,0
116,4,1,0,1,2,228,0,0,1,0,0,3.943,xyz,1
46,2,0,1,2,2,992,0,0,0,0,0,3.232,gov,0
33,4,0,0,1,2,1675,0,0,1,0,0,3.683,com,0
56,2,1,0,1,0,1078,0,0,1,0,0,3.24,net,0
44,1,1,3,1,0,1381,0,0,1,0,0,3.61,com,0
71,2,1,2,3,5,216,0,0,1,0,0,4.118,net,1
70,2,1,0,1,1,2241,0,0,1,0,0,2.823,net,0
117,4,2,4,1,1,555,0,1,1,1,0,2.688,xyz,1
59,2,0,3,0,1,3344,0,0,1,0,0,2.487,com,0
68,4,0,2,1,0,1364,0,0,1,0,0,3.406,fr,0
54,1,1,3,2,0,168,0,0,1,0,0,2.884,info,1
74,1,0,2,1,1,1446,0,0,0,0,0,3.089,com,0
93,4,2,4,2,0,341,0,0,0,0,0,3.777,xyz,1
12,1,1,3,0,2,2092,0,0,1,0,0,2.591,com,0
74,1,0,6,1,2,131,0,0,1,1,0,3.404,xyz,1
77,1,0,2,1,1,695,0,0,1,0,0,3.166,fr,0
71,3,1,3,2,1,844,0,0,1,0,1,2.876,com,0
76,3,0,1,0,4,1356,0,0,1,0,0,2.903,com,0
40,1,0,0,0,0,1390,0,0,1,0,0,3.164,com,0
15,1,1,0,1,0,327,0,0,1,1,1,2.763,net,0
125,2,1,6,0,2,448,0,0,1,0,1,3.178,xyz,1
47,3,0,1,2,0,1251,0,0,1,0,0,2.979,com,0
51,1,0,1,1,4,118,0,0,0,0,0,2.906,com,0
28,1,2,3,1,0,1644,0,0,0,1,0,2.431,net,0
58,1,0,1,0,1,936,0,0,1,0,0,2.613,com,0
36,3,2,2,0,1,1391,0,0,0,0,1,2.738,fr,0
55,2,1,4,0,2,111,1,0,1,1,0,3.378,top,1
63,7,1,1,3,0,759,0,0,1,0,0,3.593,com,0
12,1,1,1,1,1,1364,0,0,1,0,0,2.945,fr,0
83,3,0,2,2,0,1988,0,0,1,0,0,3.458,com,0
60,1,1,1,0,1,3289,0,0,1,0,0,3.545,org,0
76,1,3,2,1,1,139,0,0,1,0,0,3.736,click,1
59,1,1,2,3,1,1087,0,0,0,0,0,2.424,com,0
63,3,0,1,1,1,536,0,0,1,0,0,2.602,com,0
49,3,0,0,2,0,1292,0,0,1,0,0,3.4,fr,0
56,2,0,4,0,2,718,0,0,1,1,0,3.04,com,0
93,2,0,0,1,2,1118,0,0,1,0,0,3.142,com,0
16,2,0,3,0,0,571,0,0,1,0,0,2.884,com,0
83,4,0,0,1,0,235,0,0,1,1,0,2.967,com,0
31,1,2,3,0,0,296,0,0,1,0,1,2.801,gov,0
64,2,1,2,0,1,1396,0,0,1,0,1,3.132,com,0
55,3,0,2,3,2,1007,0,0,1,0,0,2.337,org,0
12,2,0,2,2,1,388,1,0,1,0,0,3.049,org,0
42,1,0,3,2,0,944,0,0,1,0,0,3.319,com,0
85,4,2,4,4,3,256,1,0,1,0,1,3.201,top,1
33,1,0,1,2,2,1926,0,0,1,0,0,3.466,com,0
84,1,1,1,1,1,533,0,0,1,1,0,3.086,gov,0
42,5,0,1,1,0,2031,0,0,1,0,0,3.302,org,0
99,4,2,2,4,3,88,0,0,1,1,0,3.069,xyz,1
86,4,3,4,1,1,38,1,0,1,0,0,3.297,info,1
44,2,0,0,1,0,831,0,0,1,0,0,3.149,com,0
38,2,1,2,1,0,732,0,0,1,0,0,3.206,com,0
108,3,0,4,0,2,163,0,0,1,0,0,3.865,tk,1
62,4,1,1,0,1,1199,0,0,1,0,0,3.819,net,0
56,4,0,4,3,0,162,0,0,1,0,0,4.433,click,1
55,1,0,2,4,0,1669,0,0,1,0,0,2.93,com,0
60,3,0,3,1,0,2203,0,0,1,0,0,2.569,com,0
42,5,1,3,0,1,86,0,0,1,0,1,3.085,com,1
16,1,1,7,1,2,141,0,0,1,0,0,3.608,info,1
42,2,2,2,0,0,1268,0,0,1,0,0,3.587,com,0
45,1,0,3,0,2,889,0,1,1,0,0,3.516,org,0
45,2,0,1,0,0,413,0,0,1,0,0,3.972,com,0
53,1,0,0,0,2,1332,0,0,1,0,0,3.888,com,0
57,1,1,1,2,2,1149,0,0,1,0,0,2.842,net,0
112,2,0,8,3,0,143,1,0,1,1,0,3.794,com,1
71,6,1,2,2,3,746,0,0,1,0,1,3.834,top,1
81,4,2,5,0,1,834,0,0,1,0,0,2.838,com,0
77,3,1,1,5,0,2655,0,0,1,0,0,3.211,fr,0
66,1,1,2,2,0,1802,0,0,1,0,0,3.232,com,0
67,2,4,4,1,2,96,0,1,1,0,0,3.038,xyz,1
35,3,0,0,0,0,1405,0,0,1,0,0,2.605,org,0
71,4,1,4,4,5,217,0,0,0,0,0,3.975,xyz,1
38,3,1,2,4,0,825,0,1,1,0,0,2.744,org,0
63,3,1,3,2,1,203,0,0,1,0,0,2.522,edu,0
88,1,0,3,0,1,1404,0,0,1,0,0,2.938,org,0
47,3,0,2,0,1,1699,0,0,1,0,0,3.146,com,0
85,2,1,6,1,0,102,0,0,1,0,0,3.23,top,1
12,1,0,1,1,2,1379,0,0,1,0,0,2.426,org,0
68,4,1,3,1,1,62,0,0,1,0,0,3.723,tk,1
47,3,0,0,1,0,510,0,0,1,0,0,3.251,com,0
69,7,3,5,0,1,216,0,0,1,0,0,3.151,tk,1
48,2,1,2,1,0,904,0,0,1,0,0,3.282,com,0
57,1,0,3,3,1,1282,0,0,1,0,0,3.31,com,0
38,4,1,1,0,1,634,0,0,1,0,0,3.579,com,0
35,3,2,2,1,2,1849,0,0,1,0,0,2.636,com,0
60,2,1,1,2,2,1135,0,0,1,0,0,3.635,com,0
60,3,1,4,1,0,1169,1,0,1,0,0,2.572,com,0
24,4,2,3,3,2,214,0,0,1,1,0,4.185,click,1
15,1,0,1,2,2,1491,0,0,1,0,0,3.262,com,0
60,2,0,0,1,1,765,0,0,0,0,0,3.179,org,0
65,1,0,4,2,3,297,0,0,1,0,0,2.748,edu,0
61,1,1,2,0,1,1363,0,0,1,0,0,3.022,org,0
78,1,0,1,3,1,1622,0,0,0,0,0,3.581,com,0
40,2,0,1,1,0,709,0,0,0,0,0,3.292,com,0
76,1,2,1,0,1,726,0,0,1,0,0,2.368,org,0
72,3,1,4,0,2,165,0,0,1,0,1,2.413,com,1
85,1,3,12,1,4,183,0,0,0,0,0,3.462,info,1
60,1,1,3,0,0,816,0,0,1,0,0,3.357,com,0
24,1,0,0,2,1,506,0,0,1,0,0,2.934,fr,0
60,2,0,0,2,0,780,0,0,1,0,0,2.581,net,0
48,3,0,2,1,1,456,0,0,1,0,0,3.748,com,0
36,3,2,5,1,1,113,0,0,0,0,0,3.384,tk,1
62,6,3,3,3,3,196,0,0,0,0,0,3.272,info,1
68,1,1,2,1,2,2265,0,0,0,0,0,2.603,org,0
61,3,1,1,1,0,2337,0,0,1,0,0,3.423,org,0
68,2,0,2,1,0,1236,0,0,1,0,0,3.565,net,0
72,1,0,3,0,1,361,0,0,0,0,0,3.218,org,0
84,4,1,1,2,3,515,0,0,1,0,1,2.73,org,0
49,5,2,1,3,3,316,0,0,0,0,0,2.526,org,0
49,5,0,1,2,1,1261,0,0,1,1,0,3.746,net,0
78,4,2,3,2,0,656,0,0,1,0,0,3.051,fr,0
74,1,1,3,2,0,638,0,0,1,0,0,2.366,org,0
66,3,0,0,0,2,1048,0,0,1,0,0,2.489,com,0
20,1,1,2,2,0,316,0,1,1,0,0,3.474,org,0
56,1,0,1,1,3,981,0,0,1,0,0,2.727,com,0
41,2,0,1,3,1,1334,0,0,1,0,0,2.206,fr,0
73,5,1,1,0,1,1181,0,0,1,0,0,3.055,fr,0
35,3,1,1,0,0,684,1,0,1,0,0,3.299,com,0
51,1,1,1,2,0,632,0,0,1,0,1,2.669,edu,0
93,1,1,4,3,4,79,0,0,0,0,0,3.574,net,1
93,3,0,7,5,4,27,0,0,1,0,0,3.754,tk,1
46,1,0,2,0,2,704,0,0,1,0,1,2.044,com,0
12,3,0,3,0,1,1480,0,0,1,0,0,2.088,com,0
23,2,3,1,2,0,1177,0,0,1,0,0,2.527,com,0
108,5,2,10,1,5,592,0,0,0,0,1,4.506,top,1
44,1,0,3,0,1,859,0,0,1,0,0,2.611,com,0
53,1,2,3,4,1,129,1,0,1,0,0,3.528,zip,1
86,1,1,5,0,1,372,0,0,1,0,1,3.468,xyz,1
66,2,2,8,4,2,96,0,0,1,0,0,4.151,tk,1
77,2,1,2,0,0,3549,0,0,1,0,0,2.735,com,0
52,2,1,3,0,0,525,0,0,1,0,0,2.94,net,0
44,1,1,0,3,1,692,0,0,1,0,0,3.487,com,0
57,2,0,1,1,0,774,0,0,1,0,0,2.909,org,0
70,5,0,1,4,1,1761,0,0,1,1,0,3.235,com,0
32,2,0,2,1,0,920,0,0,1,0,0,2.837,com,0
88,3,1,1,2,0,976,0,0,1,0,0,3.4,net,0
61,2,0,1,1,2,524,0,0,1,0,0,3.665,net,0
83,3,1,7,2,3,678,0,0,0,0,0,3.615,click,1
76,2,0,1,0,1,686,0,0,0,0,0,3.033,com,0
52,3,3,9,1,1,299,0,0,1,0,0,3.073,com,1
57,1,2,4,0,0,1013,0,0,1,0,0,3.266,net,0
30,2,0,4,1,3,2053,0,0,1,0,0,3.043,net,0
27,1,0,2,0,0,573,0,0,1,0,0,3.135,com,0
62,3,2,2,1,1,762,0,0,1,0,0,2.833,com,0
80,1,1,1,2,0,1063,0,0,1,0,0,2.986,net,0
59,1,0,0,0,1,608,0,0,1,0,0,3.311,net,0
54,4,0,1,1,2,940,0,0,1,0,0,2.075,com,0
68,2,0,7,3,1,78,0,0,0,0,1,2.935,click,1
45,1,1,5,1,1,416,0,0,1,0,1,3.809,top,1
60,1,0,1,1,1,332,0,0,1,0,0,3.936,com,0
27,3,0,2,3,1,2556,0,0,1,0,0,2.987,org,0
57,2,1,1,1,0,421,0,0,1,0,0,2.898,com,0
19,1,1,2,2,0,1672,0,0,1,0,0,3.35,edu,0
60,1,1,2,2,5,1076,0,0,0,0,0,2.961,edu,0
47,2,2,3,0,0,1629,0,0,1,0,0,3.174,com,0
63,3,0,2,4,0,719,0,0,1,0,0,2.391,edu,0
57,1,1,0,2,2,923,0,0,1,0,0,3.415,net,0
76,3,0,4,1,1,128,0,0,0,0,0,3.817,tk,1
58,1,0,1,2,0,1026,1,0,1,0,0,3.252,com,0
12,2,0,1,1,0,1393,0,0,1,0,0,3.306,fr,0
82,2,0,2,0,0,816,0,0,1,0,0,3.314,com,0
68,2,1,0,0,1,1414,0,0,1,1,0,3.385,fr,0
32,1,1,4,3,0,664,0,0,1,0,0,3.288,fr,0
31,3,2,3,1,0,786,0,0,1,0,0,3.237,com,0
69,3,0,3,2,1,904,0,0,1,0,0,3.531,org,0
50,5,2,4,3,0,586,0,0,1,0,1,2.94,zip,1
81,1,2,1,1,0,929,0,0,1,0,0,3.381,fr,0
58,2,0,0,1,2,698,0,0,1,0,1,3.25,com,0
58,2,0,2,1,1,556,0,0,1,0,0,3.638,edu,0
84,1,0,6,1,0,190,0,0,1,0,0,4.143,info,1
65,1,1,1,1,0,525,0,0,1,0,0,2.494,org,0
44,2,1,1,2,0,1253,0,0,1,0,0,3.154,fr,0
80,8,0,5,4,2,189,0,0,0,0,0,2.684,top,1
61,1,1,2,0,1,875,0,0,1,0,0,2.738,edu,0
46,3,0,1,0,2,2708,0,0,1,0,0,3.195,com,0
61,3,0,1,3,1,1429,0,0,0,0,0,3.946,gov,0
58,1,1,5,4,1,63,0,0,1,0,0,2.849,click,1
42,1,0,2,0,3,897,0,0,1,1,0,3.221,com,0
48,1,0,0,0,0,870,0,0,1,0,0,2.971,fr,0
21,1,0,9,4,0,75,1,0,0,0,1,4.301,info,1
61,2,3,1,0,0,282,0,0,1,0,1,3.813,top,1
73,3,0,2,0,0,590,0,0,1,0,0,3.353,com,0
29,3,0,2,2,1,675,0,0,1,1,0,3.318,com,0
36,3,3,2,0,2,537,0,0,1,0,0,3.916,com,0
85,1,3,3,0,4,125,0,0,1,1,0,3.816,top,1
47,1,0,3,0,0,2444,0,0,1,0,1,2.934,fr,0
46,1,1,2,2,0,881,0,0,1,0,0,3.178,com,0
49,4,0,3,3,2,1323,0,0,1,0,0,2.706,com,0
63,3,0,0,0,3,678,0,0,1,0,0,2.965,com,0
51,1,2,7,2,1,141,0,0,1,1,0,3.062,info,1
61,2,3,7,2,2,520,0,0,1,1,0,3.442,click,1
45,2,1,1,1,2,1567,0,0,1,0,0,2.888,com,0
47,1,0,3,2,1,1160,0,0,1,0,0,2.917,org,0
66,2,0,2,0,1,1201,0,0,1,0,0,2.819,com,0
44,4,0,3,1,0,1642,0,0,1,0,0,2.951,gov,0
97,4,1,5,0,1,1003,0,0,1,0,0,3.079,net,0
43,2,1,2,0,0,654,0,0,1,0,0,2.936,com,0
57,3,0,2,3,0,515,0,0,1,0,0,3.109,net,0
42,3,1,3,0,0,2115,0,0,1,0,0,3.153,com,0
36,3,2,2,3,0,638,0,0,1,0,0,2.876,com,0
94,5,0,2,1,0,2629,0,0,1,0,0,2.493,org,0
50,3,1,1,2,2,1238,0,0,1,1,0,2.336,net,0
43,4,0,0,2,1,705,0,0,1,0,0,2.988,com,0
69,2,0,2,1,0,753,0,0,1,0,0,2.482,com,0
31,2,1,2,3,2,1228,0,0,1,0,0,2.771,fr,0
100,1,3,2,3,0,51,0,0,1,0,1,3.127,info,1
16,1,0,0,0,3,764,0,0,1,0,0,2.823,com,0
53,1,1,3,4,1,1079,0,0,1,0,0,2.758,org,0
59,1,0,1,0,0,1833,0,1,1,0,0,2.964,org,0
69,1,0,3,1,0,1793,0,0,1,0,0,2.633,com,0
29,2,0,6,1,0,1071,0,1,1,0,0,2.8,com,0
72,2,1,8,1,2,319,0,0,0,1,0,2.81,click,1
80,2,2,5,2,2,131,0,0,1,0,0,4.415,info,1
48,1,0,2,1,1,794,0,0,1,0,0,2.602,org,0
67,3,0,4,0,0,125,0,0,1,0,0,3.888,top,1
28,1,0,1,2,0,943,0,0,1,0,1,2.979,gov,0
54,1,0,2,3,0,1119,0,0,1,0,0,3.25,org,0
64,3,1,2,0,1,2010,0,0,1,0,0,2.919,net,0
67,1,0,1,2,1,1454,0,0,1,0,0,2.986,com,0
61,2,3,4,0,1,1083,0,0,1,0,0,3.544,org,0
51,3,0,2,4,1,524,0,0,1,0,0,2.959,com,0
21,3,2,2,1,0,1617,0,0,1,0,0,3.498,org,0
67,5,1,2,0,2,614,0,0,0,0,0,3.608,com,0
43,4,0,1,3,1,737,0,0,1,0,1,2.362,com,0
54,2,3,4,2,1,225,0,0,0,1,0,3.281,xyz,1
64,3,1,2,0,0,1380,0,0,1,0,0,2.348,com,0
24,2,1,1,2,0,710,0,0,1,0,0,2.798,gov,0
66,1,1,2,0,1,762,0,0,1,0,0,2.73,com,0
68,1,0,3,1,1,1487,1,0,0,0,0,3.317,com,0
59,1,0,1,0,1,533,0,0,1,1,0,2.076,org,0
58,3,1,3,1,1,1046,0,0,0,0,0,3.577,com,0
63,1,0,1,2,1,760,0,0,1,0,0,3.031,fr,0
43,2,1,3,3,1,921,0,0,1,0,0,3.237,com,0
108,2,1,2,2,1,587,0,0,1,0,0,3.258,info,1
29,2,0,1,3,0,1734,0,0,1,1,0,2.555,fr,0
57,3,1,0,2,2,946,0,0,1,0,0,3.07,com,0
73,1,0,2,2,0,620,0,0,1,0,0,3.376,net,0
58,3,0,1,1,2,1029,0,0,1,0,0,3.085,com,0
52,1,0,2,2,1,773,0,0,1,0,0,3.251,com,0
152,4,3,4,3,0,228,0,0,0,1,1,3.704,xyz,1
12,2,0,1,1,1,1065,0,0,1,0,0,2.92,fr,0
71,3,2,3,0,2,282,0,0,1,0,0,3.318,click,1
71,1,2,2,2,2,2546,0,0,1,0,0,2.906,net,0
28,1,0,1,0,0,931,0,0,1,0,0,3.309,org,0
66,4,0,1,1,1,415,0,0,1,0,0,2.862,com,0
74,2,0,0,2,1,151,0,0,1,0,0,3.404,fr,0
56,1,0,2,0,2,1841,0,0,1,0,0,3.348,gov,0
77,3,2,1,2,3,112,0,0,1,0,0,3.532,net,1
32,3,0,3,0,1,461,0,0,1,0,0,2.835,gov,0
24,4,0,0,0,0,1020,0,0,1,0,0,2.276,org,0
32,1,1,3,2,1,622,0,0,1,0,0,3.217,org,0
113,2,2,2,0,2,356,0,1,1,1,0,3.451,zip,1
27,1,1,1,2,1,668,0,0,1,0,0,2.522,net,0
47,2,1,3,1,0,794,0,0,1,0,0,2.649,fr,0
65,4,0,1,1,0,775,0,0,1,0,0,2.631,fr,0
75,2,0,4,3,1,1062,0,0,1,0,0,2.267,org,0
92,3,1,3,4,3,134,0,0,1,0,1,3.203,info,1
58,3,0,1,0,1,450,0,0,1,0,0,3.904,com,0
81,1,0,1,1,2,1185,0,0,1,0,0,3.207,com,0
78,1,1,2,4,2,1168,0,0,1,0,0,2.927,fr,0
56,2,1,3,0,4,1367,0,0,1,1,0,2.382,com,0
62,2,1,5,5,2,129,0,1,1,0,1,4.133,top,1
26,3,0,4,0,1,926,0,0,1,0,0,3.402,com,0
72,2,1,4,2,1,1713,0,0,1,0,0,2.533,com,0
92,5,1,5,4,3,62,0,0,0,0,1,3.274,tk,1
74,2,1,5,0,0,61,0,0,0,0,1,3.59,net,1
109,4,4,5,2,2,326,0,0,1,1,0,3.262,tk,1
72,3,0,3,0,0,1640,0,0,1,1,0,3.937,org,0
41,1,0,0,0,1,493,0,0,1,1,0,3.211,com,0
87,3,3,2,2,2,77,0,0,0,0,0,3.901,com,1
69,1,1,1,0,1,2417,0,0,0,0,0,2.576,fr,0
58,1,0,1,1,0,1996,0,0,1,0,0,2.573,com,0
38,2,2,0,3,2,926,0,0,1,0,0,3.114,com,0
65,3,1,0,1,0,798,0,0,1,0,0,2.675,com,0
77,3,0,1,1,0,188,0,0,1,0,0,2.685,com,0
51,1,0,10,3,2,104,1,0,1,0,0,3.247,xyz,1
28,4,2,0,3,0,757,0,0,1,0,0,2.831,com,0
60,5,1,1,1,1,654,0,0,1,0,0,3.101,com,0
85,1,0,2,0,2,1931,0,0,1,1,0,3.021,fr,0
36,2,3,0,2,0,1030,0,0,1,0,0,3.162,com,0
27,2,1,2,1,0,1099,0,0,1,0,0,3.689,com,0
65,1,0,1,1,0,2975,0,0,1,0,0,2.688,com,0
46,2,2,3,0,1,2381,0,0,1,0,0,2.838,com,0
96,4,0,3,0,1,929,0,0,1,0,0,2.537,com,0
67,1,0,2,2,0,1004,0,0,0,0,0,3.744,com,0
75,1,1,3,1,0,1923,0,0,1,0,0,2.464,net,0
62,1,1,0,1,1,2474,0,0,1,0,0,2.136,fr,0
31,3,0,4,0,0,1891,0,0,1,0,0,2.487,fr,0
64,1,4,3,1,4,419,0,1,1,1,0,3.327,click,1
88,1,1,4,1,1,236,0,0,1,0,0,3.408,net,1
77,4,0,2,2,1,1447,0,0,1,0,0,2.631,com,0
64,1,4,6,5,3,555,1,0,0,0,1,4.602,xyz,1
104,6,0,6,2,1,131,0,0,0,0,0,3.324,info,1
66,1,1,0,0,2,1394,0,0,1,0,0,2.987,fr,0
63,5,0,1,0,3,539,0,0,0,1,0,2.535,fr,0
45,2,1,4,1,3,1195,0,0,1,0,0,3.143,com,0
49,1,1,3,1,0,382,0,0,1,0,0,2.983,gov,0
42,3,2,4,2,2,126,1,0,1,0,0,4.062,top,1
111,4,2,7,3,1,176,0,1,1,1,0,3.108,info,1
40,3,3,4,0,0,646,0,0,1,0,0,2.825,com,0
80,4,0,8,2,3,278,0,0,1,1,0,3.418,click,1
34,1,2,1,1,2,1198,0,0,1,0,0,2.967,org,0
60,1,0,4,0,0,977,0,0,0,0,0,3.042,com,0
80,3,0,4,6,0,328,1,0,1,0,0,4.542,net,1
56,1,2,2,1,2,761,0,0,1,0,0,2.496,edu,0
75,3,0,2,3,0,110,0,0,1,0,0,3.674,info,1
46,2,0,1,0,2,2091,0,1,1,0,0,2.41,fr,0
42,1,1,3,1,1,192,0,0,1,0,0,2.935,com,0
73,8,2,3,3,0,433,1,0,1,0,1,2.723,tk,1
32,4,2,2,1,1,2026,0,0,1,0,0,2.272,com,0
56,1,1,1,3,1,1073,0,0,1,0,0,2.778,com,0
84,1,0,2,2,1,1397,0,0,0,1,0,3.02,org,0
53,2,0,0,1,0,900,0,0,1,0,0,2.128,edu,0
87,5,1,9,1,1,545,1,0,1,0,1,3.879,com,1
76,3,1,6,2,2,351,0,0,1,0,0,3.286,xyz,1
31,1,0,2,0,1,1484,0,0,1,0,0,2.306,fr,0
34,3,0,1,0,1,932,0,0,1,0,0,2.324,com,0
41,2,0,0,2,0,818,0,0,1,0,0,2.831,com,0
47,1,3,2,1,2,170,0,0,1,1,0,3.703,click,1
62,1,1,1,7,2,177,0,0,1,0,0,3.78,tk,1
39,1,1,2,2,2,379,0,0,1,0,0,3.864,fr,0
74,2,1,7,3,6,471,0,0,1,0,1,3.447,net,1
51,3,0,0,1,0,588,0,0,0,0,0,2.764,com,0
65,1,1,0,1,0,1001,0,0,1,0,1,3.766,com,0
39,4,3,3,1,0,1628,0,0,1,0,0,3.459,fr,0
36,1,4,1,1,1,213,1,0,1,0,0,3.848,xyz,1
38,2,2,0,2,1,2007,0,0,1,0,0,2.726,edu,0
43,1,1,4,0,1,1293,0,0,1,0,0,3.095,com,0
68,4,0,3,2,2,1122,0,0,1,0,0,2.449,com,0
43,1,2,1,2,0,848,0,0,1,0,0,2.61,net,0
19,2,0,1,3,0,1350,0,0,1,0,0,2.98,org,0
64,1,0,2,0,2,1927,0,0,1,0,0,3.934,fr,0
44,1,1,0,1,2,971,0,0,1,0,0,2.522,net,0
60,1,0,3,1,0,2650,0,0,1,0,0,2.987,com,0
74,2,0,2,1,1,920,0,0,1,0,0,2.767,com,0
44,2,1,1,1,0,2588,0,0,1,0,0,3.985,org,0
65,1,2,0,1,0,1927,0,0,1,0,0,2.981,com,0
72,3,2,4,0,2,1506,0,0,0,0,0,3.586,com,0
50,2,0,5,0,2,1800,1,0,1,0,0,2.698,org,0
95,4,0,1,0,2,358,0,0,1,0,0,3.436,com,0
80,5,0,2,0,1,1155,0,0,1,0,0,2.993,net,0
68,1,1,2,4,1,788,0,0,1,0,0,3.418,gov,0
52,1,0,0,0,0,1390,0,0,1,0,0,2.448,org,0
46,2,1,3,2,0,1554,0,0,1,0,0,3.247,com,0
45,2,1,1,3,5,1603,0,0,1,0,0,2.803,net,0
30,2,3,6,3,0,232,0,0,1,0,0,4.012,tk,1
45,1,0,1,2,3,1042,0,0,1,1,0,2.873,com,0
24,1,0,1,2,1,2428,0,0,1,0,0,2.799,net,0
70,3,0,1,2,0,517,0,0,1,0,0,3.743,com,0
48,1,0,2,2,2,995,0,0,1,0,1,3.078,org,0
81,6,3,5,2,1,614,0,0,1,0,0,3.801,xyz,1
46,4,0,1,2,2,1641,0,0,1,0,1,3.075,com,0
69,1,0,1,0,1,1566,0,0,1,0,1,2.463,com,0
63,1,0,2,0,0,1101,0,0,1,0,1,3.686,com,0
59,1,0,4,3,0,1388,0,0,1,0,0,3.04,org,0
80,1,0,2,0,0,695,0,0,1,0,0,2.936,net,0
76,3,1,9,3,1,166,0,0,0,1,0,3.265,tk,1
67,5,2,5,1,1,321,0,0,0,1,0,3.099,info,1
71,2,1,3,1,0,1201,0,0,1,0,0,3.768,org,0
66,1,0,0,1,2,1377,0,0,1,0,0,3.173,com,0
73,3,1,0,0,1,972,0,0,1,0,0,3.014,com,0
38,1,0,4,1,2,961,0,0,1,0,1,3.099,com,0
68,1,1,0,2,0,1423,0,0,1,0,0,3.023,net,0
62,3,0,2,2,0,1820,1,0,1,0,0,2.302,com,0
97,4,1,5,1,2,274,0,0,0,0,0,3.092,tk,1
96,1,0,3,0,1,609,0,0,1,0,0,3.103,gov,0
32,1,0,0,1,2,1413,0,0,1,0,0,2.409,net,0
82,1,0,1,1,1,1399,0,0,1,0,0,3.397,net,0
37,1,0,3,1,2,1590,0,0,1,0,0,3.96,fr,0
12,2,1,3,0,1,1048,0,0,1,0,0,3.313,fr,0
82,3,3,1,2,0,2192,0,0,0,0,0,2.659,net,0
12,1,0,1,3,0,1164,0,0,1,0,0,4.247,com,0
40,2,1,5,1,3,241,1,0,1,0,1,2.652,info,1
54,1,0,1,3,0,2045,0,0,1,0,0,2.886,com,0
87,3,1,5,1,1,538,0,0,0,0,0,3.396,net,0
48,1,1,3,1,1,2226,0,0,1,0,0,3.687,net,0
106,3,3,3,4,0,298,0,0,0,0,1,4.517,top,1
17,2,0,5,2,0,130,0,0,1,1,0,4.549,xyz,1
44,1,1,2,1,1,1210,0,0,1,0,0,3.176,org,0
17,4,0,2,1,1,1409,0,0,1,0,0,2.515,com,0
68,3,1,3,3,2,1051,0,0,1,0,0,2.184,org,0
28,1,0,0,2,2,981,0,0,1,0,0,2.848,com,0
55,1,0,0,2,2,816,0,0,1,0,0,3.164,org,0
48,2,0,0,0,2,1268,0,0,1,0,0,2.621,com,0
31,1,0,1,3,2,1343,0,0,1,0,0,2.615,com,0
76,1,0,3,2,4,313,0,0,1,0,0,3.206,com,0
59,2,1,2,1,2,1088,0,0,1,0,0,2.823,com,0
80,4,1,4,2,4,164,0,1,1,0,0,3.626,tk,1
59,1,0,1,0,0,1316,0,0,1,0,0,2.689,com,0
40,1,0,3,4,0,685,0,0,1,0,0,3.949,net,0
43,1,1,3,0,1,1543,0,0,1,0,1,3.293,com,0
58,3,0,1,2,0,2112,0,0,1,0,0,3.451,fr,0
48,2,1,0,1,1,1993,0,0,1,0,0,2.893,com,0
14,1,1,3,1,1,582,0,0,1,0,0,2.683,com,0
74,2,0,2,0,0,1378,0,0,1,0,0,3.453,net,0
50,3,0,1,0,1,1156,0,1,1,0,0,2.808,com,0
32,1,0,4,2,2,929,0,0,1,0,0,3.132,com,0
72,2,0,0,1,1,641,0,0,1,0,0,2.344,net,0
94,6,0,8,3,1,70,0,0,0,1,1,2.451,xyz,1
67,3,0,5,2,4,139,0,0,0,0,1,3.362,tk,1
61,5,0,2,1,1,1750,0,0,0,0,0,2.48,com,0
80,4,0,0,1,1,1053,0,0,1,0,0,2.839,com,0
42,1,0,1,0,1,723,0,0,1,0,0,3.128,org,0
57,6,0,6,0,2,1193,0,0,0,0,0,3.109,fr,0
38,1,0,4,0,0,748,0,0,1,0,0,3.218,com,0
48,1,0,0,0,0,1480,0,0,1,0,0,3.032,fr,0
78,6,2,4,2,1,84,0,0,1,0,0,3.695,info,1
41,2,0,2,4,1,1399,0,0,0,0,0,3.008,org,0
29,2,1,0,4,2,2124,0,0,1,0,0,2.958,fr,0
53,2,0,1,2,2,1184,0,0,1,0,0,2.427,com,0
44,3,2,1,3,3,978,0,0,1,0,0,3.013,com,0
71,1,1,3,1,1,1820,0,0,1,0,0,3.856,com,0
56,3,0,3,2,1,1208,0,0,1,0,0,3.682,net,0
71,2,0,4,3,1,776,0,0,1,0,0,2.49,com,1
63,1,0,2,0,2,754,0,0,1,0,0,3.537,net,0
61,1,0,2,1,1,646,0,0,1,0,0,2.805,fr,0
67,2,1,0,1,0,1007,0,0,1,0,0,2.655,com,0
83,2,0,3,3,0,573,0,0,0,0,0,3.291,xyz,1
77,1,1,2,2,3,1581,0,0,1,0,0,3.263,com,0
88,1,0,2,2,1,1122,0,0,1,0,0,3.295,org,0
70,1,3,4,1,3,307,0,0,1,0,1,3.144,net,1
47,1,0,0,2,1,1603,0,0,1,0,0,3.616,org,0
27,1,1,2,0,0,1460,0,0,1,0,0,2.708,com,0
45,3,0,3,0,2,620,0,0,1,0,0,2.799,com,0
44,2,1,3,1,2,559,0,0,1,0,0,2.719,net,0
39,2,0,1,1,1,870,0,0,1,0,0,3.765,net,0
82,2,0,0,0,0,1477,0,0,1,0,0,2.74,fr,0
90,2,0,4,0,1,996,0,0,1,0,0,2.436,com,0
54,1,0,3,1,0,1603,0,0,1,0,0,3.356,net,0
77,1,0,3,1,1,205,0,0,1,0,0,3.025,org,0
107,5,0,3,1,1,420,0,0,0,1,1,3.95,top,1
58,2,2,3,1,0,1285,0,0,1,0,0,4.16,org,0
12,2,1,2,3,1,1475,0,0,1,0,0,2.013,com,0
49,1,0,3,2,1,2880,0,0,1,0,0,3.531,fr,0
56,1,1,3,0,0,1421,0,0,1,0,0,2.831,com,0
62,1,0,0,2,0,1381,0,0,1,0,0,2.588,gov,0
41,3,1,2,2,1,615,0,0,1,0,0,3.205,fr,0
34,1,2,4,2,1,303,0,0,0,1,1,3.427,xyz,1
43,2,2,4,0,0,1165,0,0,1,0,0,2.872,fr,0
62,1,0,0,0,1,1864,0,0,1,0,0,3.152,fr,0
47,1,0,1,2,3,1313,0,0,1,0,0,2.877,net,0
68,1,0,0,0,2,603,0,0,1,0,1,2.588,com,0
57,1,2,1,1,2,664,0,0,1,0,0,2.912,fr,0
73,1,3,2,1,2,288,0,0,0,0,0,4.071,top,1
60,1,1,6,4,2,99,0,0,0,1,0,3.564,click,1
39,1,1,2,0,0,1542,0,0,0,1,0,2.804,org,0
82,2,1,2,0,1,1096,0,0,1,0,0,3.26,com,0
36,6,2,1,0,1,178,0,0,0,0,0,3.46,click,1
60,1,1,2,1,4,915,0,0,1,0,0,2.525,net,0
68,4,1,7,1,2,131,0,0,0,0,0,4.158,xyz,1
42,1,0,3,1,1,782,0,0,1,0,0,2.14,net,0
52,1,0,1,2,0,1266,0,0,1,0,0,3.245,org,0
72,1,1,4,1,0,1478,0,0,1,0,0,3.419,fr,0
89,1,1,2,1,1,1365,0,0,1,0,0,2.401,org,0
17,2,2,1,3,0,1124,0,0,1,0,0,3.039,org,0
29,2,0,1,0,2,1038,0,0,1,0,0,2.461,com,0
75,3,0,1,2,1,783,0,0,1,0,0,4.018,edu,0
34,5,1,3,0,1,1615,0,0,1,0,0,2.585,org,0
74,1,1,1,1,2,747,0,0,1,0,0,2.36,com,0
84,4,1,1,3,4,170,0,0,0,0,0,3.415,xyz,1
71,3,3,3,2,0,356,0,0,0,0,0,3.387,xyz,1
68,1,2,2,1,2,401,0,0,1,0,0,4.323,xyz,1
47,4,2,7,3,1,605,0,0,1,1,1,4.317,xyz,1
47,2,1,1,1,1,2020,0,0,1,0,0,2.556,edu,0
55,3,0,1,2,0,649,0,0,1,0,0,2.931,com,0
39,3,1,3,2,1,483,0,0,1,0,0,3.246,com,0
55,3,1,4,4,2,932,0,0,1,0,0,2.952,net,0
39,1,1,1,0,0,2013,0,0,1,0,0,2.948,com,0
74,3,0,7,1,1,245,0,0,1,0,1,4.748,net,1
58,4,2,3,1,0,659,0,0,1,0,0,3.366,com,0
69,1,0,3,0,2,1066,0,0,0,0,0,2.85,com,0
72,2,0,2,3,0,1089,0,0,0,0,0,3.319,org,0
39,5,3,2,3,0,1581,0,0,1,0,0,2.814,com,0
39,1,0,0,0,1,1378,0,0,1,0,0,2.074,com,0
44,5,0,3,0,1,707,0,0,1,0,0,2.804,com,0
43,1,0,2,1,0,566,0,0,1,0,1,2.909,com,0
54,2,2,4,5,1,467,0,0,1,0,0,3.469,tk,1
32,2,1,4,1,2,133,0,0,1,1,0,3.745,info,1
35,3,1,2,2,0,163,0,0,1,0,0,2.666,com,0
52,1,0,3,3,1,692,0,0,1,0,0,2.89,org,0
40,1,1,1,1,1,901,0,0,1,0,0,2.601,com,0
48,4,0,3,0,0,757,0,0,1,0,1,2.532,com,0
79,1,2,2,2,0,638,0,0,0,1,0,3.291,zip,1
46,3,0,1,0,0,521,0,0,1,0,0,2.714,com,0
43,2,0,2,0,3,1222,0,0,0,0,0,2.706,com,0
69,2,0,3,2,0,1038,0,0,1,0,0,2.647,fr,0
78,1,1,1,0,1,1334,0,0,1,0,0,2.802,org,0
57,3,1,1,1,0,846,0,0,1,0,0,2.729,com,0
40,2,1,3,2,1,1113,0,0,1,0,0,3.341,org,0
36,5,1,2,2,2,303,0,0,1,0,0,3.686,click,1
30,1,0,1,1,0,1319,0,0,1,0,0,3.044,com,0
67,3,0,1,0,0,471,0,0,1,0,0,3.379,net,0
46,2,0,3,1,1,854,0,0,1,0,0,3.114,com,0
86,3,0,2,1,0,2164,0,0,1,0,0,3.203,fr,0
79,3,0,4,0,4,282,0,0,1,0,0,3.361,info,1
52,1,1,1,0,0,523,0,0,1,0,0,2.988,com,0
53,2,1,0,1,0,1946,0,0,1,1,0,2.796,com,0
63,3,2,1,0,3,2034,0,0,1,0,0,3.743,com,0
48,4,0,2,1,0,1195,0,0,1,1,0,2.258,com,0
61,5,2,7,2,2,83,0,0,1,1,0,4.174,xyz,1
60,4,1,1,1,1,800,0,0,1,0,0,2.701,com,0
52,1,0,3,2,1,1023,0,0,1,0,1,2.934,org,0
40,1,0,1,2,1,1981,0,0,1,0,0,3.335,com,0
27,4,0,1,1,0,988,0,0,1,0,0,3.201,org,0
56,4,0,3,1,0,889,0,0,1,0,0,2.251,com,0
67,2,1,2,3,1,270,0,0,1,0,0,3.911,xyz,1
67,3,2,4,0,0,1029,0,0,1,0,0,3.549,com,0
12,1,0,3,1,0,1293,0,0,1,0,0,2.739,com,0
67,3,0,1,0,0,954,0,0,1,0,0,2.389,org,0
48,4,0,3,2,0,3186,0,0,1,0,1,3.135,org,0
115,4,2,4,3,0,137,0,0,0,0,1,3.0,xyz,1
29,2,2,2,1,1,802,0,0,1,0,0,3.26,org,0
63,1,2,3,4,0,202,1,0,1,0,1,3.097,xyz,1
66,2,0,2,1,3,742,0,0,1,0,0,3.15,net,0
53,1,0,6,3,2,344,0,0,1,0,1,3.765,tk,1
33,1,0,4,1,1,637,0,0,0,0,0,2.936,com,0
48,4,0,0,2,0,1952,0,0,1,0,0,3.064,fr,0
38,4,4,1,2,1,244,0,0,1,0,0,2.774,info,1
71,4,3,4,2,6,153,0,0,1,1,0,4.655,click,1
59,3,1,3,0,0,1963,0,0,1,0,0,3.467,com,0
51,1,1,2,1,0,54,0,0,0,0,0,3.206,click,1
65,2,0,1,1,0,658,0,0,1,1,0,3.254,com,0
43,4,2,2,1,0,216,0,0,1,0,0,3.39,com,1
55,1,1,1,1,0,1617,0,0,1,0,0,2.819,gov,0
44,1,0,2,2,0,656,0,0,1,0,0,2.815,com,0
25,1,0,0,0,0,955,0,0,1,0,0,3.038,fr,0
116,5,0,1,2,3,446,0,1,0,0,1,3.368,xyz,1
44,3,0,2,4,3,95,0,0,1,1,1,4.427,xyz,1
54,1,0,7,1,3,47,0,0,0,0,0,4.042,top,1
73,1,0,0,0,1,1914,0,0,1,0,1,3.277,gov,0
58,4,2,4,3,0,1327,0,0,1,1,0,2.481,org,0
89,8,0,4,2,3,479,1,0,0,0,1,3.415,net,1
28,1,1,1,1,0,1129,0,0,1,0,0,3.748,org,0
58,2,0,3,3,0,317,0,0,1,0,0,2.507,zip,1
64,1,0,10,2,0,507,1,0,1,0,0,3.466,top,1
44,1,0,1,0,0,2082,1,0,1,0,0,2.393,com,0
64,4,0,1,2,3,629,0,0,1,0,0,3.0,com,0
69,2,0,3,0,2,1239,0,0,1,0,0,3.031,com,0
62,1,0,4,1,3,231,1,0,1,0,0,4.405,com,1
36,7,3,8,2,1,149,0,0,0,0,0,3.661,click,1
97,2,2,5,3,3,542,0,0,1,0,1,3.818,top,1
53,3,0,1,0,0,931,0,0,1,0,0,3.524,com,0
45,4,1,1,0,1,384,0,0,1,0,0,2.367,org,0
33,2,1,2,1,0,428,0,0,1,0,0,3.746,com,0
113,1,0,5,2,0,985,1,0,1,0,0,3.152,edu,0
46,2,2,4,1,3,277,0,0,1,0,0,3.274,net,1
58,2,0,1,1,1,1100,0,0,1,0,0,3.183,com,0
40,5,0,1,0,0,1001,0,0,1,0,0,3.193,com,0
30,2,1,1,4,0,2514,0,0,1,1,0,3.42,com,0
46,1,1,3,0,1,927,0,0,1,0,1,3.009,org,0
55,1,0,3,1,1,593,0,0,1,0,0,4.082,com,0
50,3,0,3,0,0,1103,0,0,1,0,0,2.958,com,0
69,3,1,2,0,2,2361,0,0,1,0,0,2.779,com,0
34,1,1,5,0,1,2210,0,0,1,0,0,2.761,com,0
74,3,2,5,4,2,131,0,0,0,1,0,3.614,info,1
70,1,0,4,0,4,223,0,0,1,0,0,3.271,xyz,1
55,3,1,2,2,1,2109,0,0,0,0,0,3.703,fr,0
79,1,1,2,0,2,81,0,0,0,1,0,3.671,info,1
52,4,0,0,0,0,889,0,0,1,0,0,3.05,org,0
89,2,2,3,1,0,1167,0,0,1,0,0,3.497,com,0
61,3,0,1,0,1,1099,0,0,1,0,0,2.753,com,0
50,1,0,0,2,1,738,0,0,1,0,0,3.103,gov,0
68,3,0,1,0,1,1811,0,0,1,0,0,2.427,com,0
67,3,1,4,4,0,918,0,0,1,0,0,3.067,fr,0
40,1,0,7,2,0,627,0,0,1,0,0,3.566,com,0
78,2,0,5,0,1,179,0,0,0,0,0,3.304,xyz,1
50,2,0,2,1,1,775,0,0,1,0,0,3.426,com,0
78,2,0,4,1,1,724,0,0,1,0,0,2.585,com,0
30,2,1,0,2,0,2151,0,0,0,0,0,3.554,org,0
28,3,1,1,1,0,541,0,0,1,0,0,3.091,com,0
89,1,3,8,2,3,535,0,0,0,0,1,3.132,net,1
72,4,0,1,2,2,78,0,0,1,1,0,3.281,info,1
86,2,2,2,1,2,281,0,0,1,0,0,3.061,fr,0
27,1,2,2,2,0,1370,0,0,0,0,0,3.411,net,0
36,1,1,2,1,0,852,0,0,1,0,0,3.701,fr,0
80,3,0,1,4,0,1474,0,0,1,0,0,3.062,net,0
25,4,0,2,3,1,1592,0,0,1,0,1,2.301,com,0
107,5,2,5,1,1,259,0,0,1,0,0,3.918,xyz,1
103,1,1,0,1,2,1063,0,0,0,0,0,2.922,net,0
83,2,0,3,1,1,1209,0,0,1,0,0,2.884,net,0
40,4,0,3,3,3,120,0,0,1,0,0,4.087,xyz,1
88,3,3,6,2,2,298,1,0,1,1,0,4.702,click,1
49,4,0,3,1,0,447,0,0,1,0,0,2.791,com,0
61,2,0,1,1,2,1471,0,0,1,0,0,3.364,net,0
38,3,0,1,0,2,706,0,0,1,0,0,3.067,net,0
65,6,1,5,1,1,395,0,0,0,0,0,3.731,xyz,1
59,1,2,5,2,0,897,0,0,1,0,0,3.008,net,0
40,1,2,5,2,1,1326,0,0,1,0,0,3.284,org,0
51,3,0,0,1,1,1829,0,0,1,0,0,3.275,com,0
40,4,1,1,0,1,701,0,0,1,0,0,2.861,com,0
56,1,1,1,2,0,1701,0,0,1,0,0,3.616,gov,0
88,2,1,2,1,1,396,0,0,1,1,0,3.963,xyz,1
97,3,0,5,0,1,899,0,0,1,0,0,3.959,top,1
24,2,1,2,2,0,2003,0,0,0,0,0,3.193,fr,0
56,1,1,3,0,0,604,0,0,0,0,0,2.739,org,0
61,5,2,9,0,1,198,0,0,0,1,0,3.808,net,1
44,1,1,0,0,1,1107,0,0,1,0,1,2.853,net,0
23,1,1,1,3,1,803,0,0,1,0,0,3.42,org,0
76,3,2,5,4,1,115,0,0,1,0,0,3.582,info,1
66,2,3,1,1,1,857,0,0,1,0,0,2.867,fr,0
50,1,0,1,0,1,500,0,0,1,0,0,2.176,com,0
85,1,1,0,0,1,650,0,0,1,0,0,2.872,com,0
59,3,0,3,1,0,2382,0,0,1,0,0,3.743,com,0
77,2,2,5,2,2,66,0,0,1,0,0,4.923,zip,1
54,1,0,2,0,2,750,0,0,1,0,0,2.802,fr,0
47,1,0,4,1,1,691,0,0,1,0,1,3.061,com,0
86,1,0,0,1,1,2392,0,0,1,0,0,2.862,com,0
73,3,0,1,0,2,1088,0,0,1,0,0,3.309,com,0
67,2,2,5,1,2,143,0,1,1,1,0,3.422,xyz,1
81,5,1,7,3,2,664,1,0,0,1,0,3.895,top,1
64,3,1,1,3,0,1329,0,0,1,0,0,3.433,com,0
73,1,0,1,1,3,1665,0,0,1,0,0,3.688,com,0
44,3,0,3,0,2,1115,0,0,1,0,0,3.414,com,0
95,4,5,8,1,2,105,0,0,1,0,0,2.711,top,1
82,3,1,0,2,1,509,0,0,1,0,0,2.916,gov,0
28,5,1,3,1,2,1554,0,0,1,0,0,2.88,edu,0
48,1,1,4,0,0,329,0,0,1,0,0,2.724,com,0
39,2,1,4,2,0,1242,0,0,1,0,0,3.134,com,0
38,2,0,3,2,2,580,0,0,1,0,0,3.582,org,0
45,1,0,2,1,1,2049,0,0,0,0,0,2.866,fr,0
43,2,2,1,2,0,1402,1,0,1,0,0,3.423,com,0
29,2,0,1,0,1,719,0,0,1,0,0,4.058,com,0
44,1,1,5,1,2,2322,0,0,1,0,0,2.815,edu,0
35,1,1,4,3,2,60,0,0,1,0,0,3.502,xyz,1
58,5,0,4,1,1,1285,0,0,1,0,1,3.312,fr,0
71,3,0,2,1,2,500,0,0,1,0,0,3.137,fr,0
50,4,1,1,1,1,565,0,0,1,0,0,3.299,org,0
28,1,1,1,2,0,494,0,0,1,0,1,2.895,com,0
59,3,0,2,2,1,1179,0,0,1,0,0,3.368,com,0
109,1,0,2,1,0,128,0,0,1,0,0,3.278,xyz,1
65,3,0,1,5,2,1591,0,0,1,1,0,2.495,com,0
58,1,0,0,1,2,394,0,0,0,0,0,3.343,fr,0
65,2,3,3,2,0,225,1,0,1,1,0,4.241,info,1
50,4,2,0,3,0,981,0,0,1,0,0,3.131,edu,0
103,1,2,4,2,6,301,0,0,1,1,0,3.649,top,1
58,3,1,3,1,1,678,0,0,0,0,0,3.003,org,0
58,2,0,0,2,1,1870,0,0,1,0,0,2.254,net,0
40,1,0,3,0,0,807,0,0,1,0,0,2.874,com,0
46,4,0,2,0,0,1017,0,0,1,0,0,2.406,gov,0
57,2,0,1,1,1,607,0,0,1,0,1,2.848,gov,0
91,6,0,6,5,2,156,0,0,1,0,0,4.502,zip,1
60,3,2,4,3,2,266,0,0,0,0,0,2.925,top,1
73,1,0,0,1,0,1173,0,0,1,0,1,3.546,fr,0
81,2,1,2,1,3,1126,0,0,1,1,0,2.683,com,0
63,1,0,2,2,0,1427,0,0,1,0,0,2.325,com,0
19,3,0,2,2,2,731,0,0,1,0,0,3.023,com,0
65,1,1,3,1,0,1379,0,0,1,0,0,2.456,fr,0
88,7,1,4,0,1,1720,0,0,1,0,0,3.484,edu,0
52,1,0,2,2,0,794,0,0,1,0,0,2.598,edu,0
71,2,2,1,2,2,861,0,0,1,0,0,2.804,com,0
58,1,1,1,0,0,759,0,0,1,0,0,3.343,fr,0
37,1,0,3,1,1,929,0,0,1,0,0,4.032,com,0
43,2,3,4,2,0,621,0,0,1,0,0,3.119,com,0
70,1,0,2,1,0,586,0,0,1,0,1,2.663,com,0
76,2,1,4,3,1,153,0,0,1,0,0,3.868,top,1
12,1,1,0,0,1,556,0,0,1,0,0,2.668,com,0
69,3,2,3,3,3,350,0,0,0,0,0,3.998,net,1
42,4,1,2,3,1,1047,0,1,1,0,0,2.738,com,0
34,1,0,1,0,2,1145,0,0,1,0,1,2.838,net,0
22,1,2,2,0,0,1756,0,0,1,0,0,2.338,gov,0
55,2,0,3,1,2,697,0,0,1,0,0,2.728,fr,0
90,1,0,3,3,2,1137,0,0,1,0,0,3.134,com,0
87,3,1,2,3,1,348,0,0,1,0,0,4.167,click,1
62,1,0,1,1,0,691,0,0,0,0,0,2.819,fr,0
63,3,2,1,1,1,1655,0,0,1,0,0,2.691,com,0
34,2,1,2,1,0,1159,0,0,1,0,0,3.896,com,0
12,1,0,2,2,1,1672,0,0,1,0,0,3.079,net,0
25,3,0,1,2,0,1457,0,0,1,0,1,2.953,edu,0
73,2,2,3,2,1,183,0,0,1,0,1,2.742,click,1
31,1,1,2,0,6,1563,0,0,1,0,0,2.921,org,0
103,4,0,2,2,1,1138,0,0,0,0,0,3.163,fr,0
81,2,1,2,2,1,606,0,0,1,0,0,3.61,tk,1
97,1,1,9,1,0,141,0,0,1,0,1,3.244,click,1
85,1,0,1,1,0,521,0,0,0,0,0,2.903,fr,0
78,3,3,5,2,4,454,1,0,0,0,1,3.595,info,1
63,2,0,2,1,1,642,0,0,1,0,0,3.132,fr,0
34,4,0,2,0,1,591,0,0,1,0,0,2.907,com,0
103,4,1,1,0,2,158,0,0,0,0,0,4.246,xyz,1
56,2,0,0,0,0,1186,0,0,1,0,0,3.223,com,0
62,3,1,1,0,2,468,0,0,1,0,0,3.378,com,0
55,2,0,1,1,1,1011,0,0,1,0,0,3.173,fr,0
61,2,2,1,0,0,971,0,0,1,0,0,2.897,fr,0
41,1,0,1,1,1,814,0,0,1,0,0,2.652,com,0
69,1,1,5,3,0,72,0,0,1,0,0,3.852,tk,1
52,1,2,2,2,0,2049,0,0,1,0,0,3.371,com,0
74,1,4,3,1,1,340,0,0,0,0,0,3.649,click,1
68,3,0,6,0,1,2356,0,0,1,0,0,3.532,com,0
79,3,0,1,0,0,669,0,1,1,0,0,2.71,com,0
73,4,1,1,0,0,510,0,0,1,0,0,2.445,fr,0
16,2,0,0,0,2,628,0,0,1,0,0,2.822,com,0
73,2,4,9,2,1,271,0,0,1,1,0,2.286,info,1
66,5,0,4,2,1,1629,0,0,0,0,0,3.113,com,0
80,4,0,4,2,3,469,0,0,1,0,0,3.311,com,0
78,2,1,1,1,1,1263,0,0,1,0,0,2.537,fr,0
64,2,0,1,1,2,929,0,0,1,0,0,3.223,com,0
103,2,3,3,1,4,454,0,0,0,0,0,3.798,tk,1
43,2,1,0,1,1,1561,0,0,1,0,0,2.87,fr,0
59,1,0,3,2,0,1697,0,0,1,0,0,2.659,net,0
28,1,0,2,1,0,951,0,0,1,0,0,3.095,com,0
90,4,0,5,1,3,199,0,0,1,0,0,3.095,xyz,1
96,3,1,2,3,3,375,0,0,0,1,0,3.145,com,1
47,3,3,9,2,2,17,0,0,1,0,0,3.781,tk,1
32,1,0,2,1,1,1975,0,0,1,1,0,3.28,com,0
68,1,1,2,0,0,1803,0,0,1,0,0,3.27,net,0
51,4,0,0,3,0,967,0,0,1,0,0,2.997,fr,0
63,2,0,1,1,0,1470,0,0,1,0,0,3.399,net,0
117,2,0,5,0,1,46,0,0,1,0,0,3.708,xyz,1
80,1,1,2,2,1,2074,0,0,1,0,0,2.876,org,0
29,1,0,2,4,0,957,0,0,1,0,0,2.962,fr,0
27,1,1,3,3,1,1181,0,0,1,0,0,2.926,com,0
31,2,3,6,1,0,141,0,0,1,0,0,3.898,tk,1
28,1,0,2,1,0,1663,0,0,1,1,0,3.392,com,0
64,1,0,2,1,0,1146,1,0,1,0,0,2.942,com,0
61,1,1,0,1,1,563,0,0,1,0,0,3.478,com,0
55,2,2,1,0,0,2181,0,0,1,0,0,3.569,com,0
44,2,0,1,1,0,2262,0,0,1,0,0,2.965,com,0
48,6,2,4,2,3,445,0,0,0,0,0,2.391,tk,1
52,1,0,4,1,0,672,0,0,0,0,0,3.286,gov,0
56,4,2,4,0,2,566,0,0,1,0,0,2.629,com,0
70,2,0,2,0,1,1412,0,0,1,0,0,2.45,org,0
55,2,5,1,1,3,528,0,0,1,0,0,3.987,info,1
88,2,1,3,0,0,264,0,0,0,0,0,3.299,top,1
45,2,1,3,0,0,1786,0,0,1,0,0,2.87,org,0
48,1,0,4,0,1,566,1,0,1,0,0,3.39,com,0
28,4,1,2,1,0,1058,0,0,1,0,0,2.673,com,0
85,5,1,2,2,1,493,0,0,0,0,0,3.288,info,1
72,4,0,6,1,3,189,0,0,1,0,0,2.969,top,1
86,1,1,2,0,0,452,0,0,1,0,0,2.84,com,0
60,5,0,1,1,2,1582,0,0,1,0,0,2.636,fr,0
59,1,0,0,0,0,1154,0,0,1,0,0,3.859,net,0
69,2,0,1,1,1,818,0,0,1,0,0,3.303,com,0
24,1,0,2,1,0,1728,0,0,1,0,0,2.944,edu,0
39,1,1,3,1,0,1375,0,0,1,0,0,2.211,net,0
26,2,1,3,2,1,72,1,0,1,0,1,3.519,xyz,1
93,2,1,5,1,1,236,0,1,1,0,1,3.251,xyz,1
49,2,1,1,2,2,1079,0,0,1,0,0,2.916,com,0
78,4,0,1,1,1,1246,0,0,0,0,0,3.149,com,0
56,1,0,1,3,3,991,0,0,1,0,0,2.455,gov,0
62,3,1,3,3,0,1618,0,0,1,0,1,2.515,fr,0
27,4,2,0,2,1,2535,0,0,1,0,0,3.295,org,0
40,3,1,3,0,0,1304,0,0,1,0,0,2.763,org,0
43,4,1,2,3,1,1153,0,0,1,0,1,4.083,net,0
55,3,1,2,1,3,883,0,0,1,0,0,2.505,com,0
42,1,1,2,0,3,2579,0,0,1,0,0,2.972,net,0
64,5,1,2,2,1,133,0,0,1,0,1,2.687,info,1
52,2,0,1,1,0,1152,0,0,1,0,1,3.334,org,0
82,2,0,1,0,1,1679,1,0,1,0,0,3.202,com,0
69,1,1,3,2,1,1255,0,0,1,0,0,2.508,org,0
37,3,0,3,0,1,1261,0,0,1,0,0,2.834,edu,0
94,4,1,3,2,1,506,0,0,1,1,1,3.092,tk,1
45,1,1,1,1,0,735,0,0,1,0,0,3.043,com,0
80,1,0,4,3,0,80,0,0,1,0,1,2.903,com,1
67,4,2,1,0,2,673,0,0,1,0,0,3.14,com,0
63,3,0,8,2,3,221,0,1,1,0,0,3.396,tk,1
73,1,0,1,2,0,1347,0,0,1,0,0,3.16,com,0
62,2,0,1,0,1,1542,0,0,1,0,0,3.103,com,0
74,1,0,2,1,2,2026,0,1,1,0,0,2.301,com,0
61,1,1,0,2,1,1850,0,0,1,0,0,2.492,com,0
56,2,1,4,3,0,28,0,0,1,1,0,3.835,xyz,1
36,4,0,1,0,1,917,0,0,1,0,0,2.418,edu,0
56,3,0,6,2,2,400,0,0,0,0,0,2.568,top,1
46,1,0,1,1,0,908,0,0,1,0,0,2.862,net,0
71,3,1,1,0,2,1093,0,0,1,0,0,2.534,org,0
70,2,1,2,3,4,279,0,0,0,0,0,3.558,top,1
64,1,1,2,2,1,2310,0,0,1,0,0,2.991,com,0
23,1,0,2,1,2,805,0,0,1,0,0,2.226,fr,0
59,1,1,1,1,0,1221,1,0,1,0,0,2.028,fr,0
34,1,1,2,3,2,280,0,0,1,0,1,4.051,zip,1
59,3,0,0,1,3,1330,1,0,1,0,0,3.022,com,0
28,1,0,3,2,1,583,0,0,1,0,1,3.477,com,0
25,1,0,1,0,1,1494,0,0,1,0,0,3.402,org,0
51,1,0,1,0,2,917,0,0,0,0,0,3.009,gov,0
58,2,0,3,0,1,1693,0,0,1,1,1,2.377,fr,0
49,1,0,1,1,0,987,0,0,1,0,0,3.048,com,0
89,1,0,5,2,2,173,0,0,0,0,0,3.089,info,1
53,2,0,3,2,1,734,0,0,1,0,0,3.714,com,0
38,5,3,7,1,3,56,1,0,0,1,0,3.63,com,1
42,1,1,2,0,1,562,0,0,1,0,0,3.301,com,0
52,4,4,2,0,1,1173,0,0,1,0,0,3.469,com,0
51,2,0,5,1,1,488,0,0,1,0,0,3.008,com,0
82,6,1,3,2,1,283,1,0,0,0,1,3.988,info,1
81,2,0,4,3,1,260,0,0,1,0,1,3.88,zip,1
46,3,0,1,0,0,589,0,0,1,0,0,3.418,org,0
67,2,0,2,2,1,1038,0,0,1,0,0,3.084,com,0
57,2,0,1,3,0,1035,0,0,1,0,0,3.072,com,0
17,1,0,1,3,1,1007,0,0,1,0,0,2.454,org,0
53,1,0,5,0,3,1519,0,0,1,0,0,3.73,net,0
107,5,2,6,2,2,188,0,0,1,0,0,2.479,xyz,1
94,2,0,1,2,1,1070,0,0,1,1,0,3.304,org,0
56,4,0,0,0,1,857,0,0,1,1,0,3.423,com,0
47,3,1,2,1,2,1074,0,0,1,0,0,3.365,com,0
61,6,0,3,1,0,1255,0,0,1,0,0,2.703,fr,0
38,1,0,3,0,0,994,0,0,1,0,0,2.85,com,0
93,4,0,6,0,2,371,0,0,1,0,0,3.464,xyz,1
142,4,2,6,1,2,299,0,0,1,0,0,3.388,click,1
67,4,0,4,2,1,963,0,0,1,0,0,2.509,gov,0
65,1,1,1,0,1,2563,0,0,1,0,0,2.984,com,0
49,1,1,6,1,1,104,0,0,1,0,1,2.712,zip,1
86,5,0,0,1,0,1646,0,0,1,0,0,3.277,org,0
37,2,0,3,1,1,2161,0,0,1,1,0,3.45,org,0
77,2,0,2,0,2,1102,0,0,1,0,0,2.787,fr,0
72,1,0,1,1,1,1167,0,0,0,0,0,3.13,org,0
142,2,1,0,4,1,50,1,0,0,0,0,3.8,top,1
49,1,0,0,1,0,2012,0,0,0,1,0,4.198,net,0
59,2,0,2,1,2,1911,0,0,0,0,0,2.977,com,0
58,1,1,7,3,1,436,0,0,1,0,0,4.127,xyz,1
61,2,0,4,1,5,65,0,0,1,0,1,2.931,xyz,1
76,2,0,0,1,1,1554,0,0,1,0,0,2.372,org,0
88,2,1,2,4,0,11,0,0,0,0,0,3.949,net,1
39,1,0,0,1,1,1462,0,0,1,0,0,3.068,org,0
93,3,0,4,1,3,151,1,0,0,0,0,2.898,xyz,1
57,1,1,1,0,1,714,0,0,1,0,0,3.553,net,0
46,2,1,9,3,4,431,1,0,1,0,0,3.507,com,1
15,2,6,2,2,1,295,0,0,1,0,0,3.468,click,1
28,2,3,3,3,1,198,1,0,0,0,0,2.778,top,1
109,4,2,6,1,1,199,1,0,1,0,1,3.67,top,1
55,4,0,5,0,1,1581,0,0,1,0,0,2.681,com,0
80,2,1,2,3,2,109,1,0,0,0,1,2.778,net,1
45,2,0,3,1,3,1070,0,0,1,0,0,2.608,fr,0
78,2,1,1,1,0,698,0,0,1,0,0,3.671,com,0
68,1,0,2,0,3,1253,0,0,1,0,0,2.681,com,0
83,2,1,4,2,3,247,0,0,1,0,0,3.503,xyz,1
89,1,0,2,2,1,1243,0,0,0,0,0,3.671,com,0
12,1,0,3,2,0,212,0,0,1,0,1,3.371,org,0
48,4,0,1,0,1,115,0,0,0,0,0,3.16,xyz,1
63,1,1,2,2,2,196,0,0,0,0,0,3.655,xyz,1
15,2,1,3,2,1,1476,0,0,1,0,0,3.153,com,0
58,1,0,2,0,1,1096,0,0,1,0,0,3.375,fr,0
104,4,2,2,2,1,225,0,0,0,0,1,3.44,info,1
106,4,2,4,3,2,188,0,0,1,0,0,4.288,xyz,1
101,2,0,1,1,4,193,1,1,1,0,0,4.188,xyz,1
46,3,0,2,1,1,1239,0,0,1,0,0,3.039,com,0
94,3,1,6,3,1,92,0,0,0,0,0,3.479,tk,1
65,4,0,5,2,2,141,1,0,0,0,0,4.534,net,1
12,2,1,4,0,0,930,0,0,1,0,0,2.527,fr,0
60,1,1,2,0,0,812,0,0,0,0,0,2.487,fr,0
88,1,1,0,0,2,1785,0,0,1,0,0,2.747,com,0
44,4,0,4,0,0,1110,0,0,1,0,0,2.193,com,0
63,1,0,0,0,0,1606,0,0,1,0,0,1.912,com,0
60,2,0,1,0,0,496,0,0,1,0,0,2.626,com,0
46,3,0,4,0,1,1116,0,0,0,0,0,2.973,org,0
77,2,1,2,3,2,2362,0,0,1,1,0,3.168,edu,0
41,1,0,1,0,2,493,0,0,1,0,0,3.375,com,0
18,1,0,4,0,1,59,0,0,0,0,0,3.389,zip,1
70,1,0,3,2,1,765,0,0,1,0,0,3.076,com,0
87,1,1,2,4,1,1751,0,0,1,0,0,3.593,edu,0
18,1,0,1,0,0,1662,0,0,1,0,0,2.443,net,0
64,3,0,2,2,1,1163,0,0,1,0,0,2.257,com,0
74,3,0,1,1,1,344,0,0,1,0,0,3.01,org,0
67,1,0,2,0,2,1219,0,0,0,0,0,3.543,org,0
46,1,0,2,1,0,1042,0,0,1,0,0,2.094,org,0
133,1,3,5,1,2,420,0,0,0,1,1,2.153,top,1
46,1,0,2,0,2,607,0,0,1,0,0,2.595,com,0
31,1,4,5,3,1,78,0,0,0,0,0,4.046,click,1
74,5,2,6,1,0,48,0,1,0,0,0,3.405,top,1
45,2,2,5,2,0,1241,0,0,1,0,0,2.255,com,0
63,2,0,3,2,0,795,0,0,1,0,1,3.878,com,0
95,3,0,2,0,1,1106,0,0,1,0,0,1.69,net,0
62,1,0,1,3,0,980,0,0,1,0,0,2.722,org,0
49,5,1,6,4,1,230,0,1,1,0,1,3.872,xyz,1
106,1,1,2,0,3,1136,0,0,1,0,0,2.985,fr,0
56,3,1,1,0,0,1041,0,0,1,0,0,3.321,com,0
57,1,1,1,0,2,951,0,0,1,0,0,3.721,com,0
85,6,3,3,3,0,182,0,0,1,0,0,2.659,click,1
85,5,1,5,3,2,532,0,0,0,0,0,3.124,xyz,1
58,2,0,1,1,0,2072,1,0,1,0,0,3.16,com,0
53,1,0,0,1,0,1451,0,0,1,0,0,3.044,com,0
41,2,0,1,0,0,800,0,0,1,0,0,3.081,com,0
49,1,1,2,1,0,1901,0,0,1,0,0,3.476,com,0
61,2,0,0,1,0,1386,0,0,1,0,0,3.299,net,0
48,3,0,0,0,0,1029,0,0,1,0,0,3.718,com,0
45,2,3,5,2,1,621,0,0,1,0,0,3.133,fr,0
80,2,0,4,1,2,110,0,0,1,1,0,3.032,click,1
104,2,0,5,2,2,270,0,0,1,0,0,4.966,click,1
59,1,0,5,3,2,148,0,0,1,1,1,3.7,com,1
83,3,0,0,1,1,1480,0,0,1,0,0,3.015,com,0
81,1,0,1,2,0,403,0,0,0,0,0,2.993,com,0
37,1,0,2,2,2,713,0,0,1,0,0,3.422,net,0
70,5,0,3,3,0,296,1,0,1,0,0,3.126,top,1
51,3,0,1,1,0,2170,0,0,0,0,0,3.187,com,0
39,1,0,2,3,3,468,0,0,0,1,0,3.425,com,1
61,2,3,2,0,2,1914,0,0,1,0,0,3.663,gov,0
78,1,2,5,2,0,1233,0,0,1,0,0,3.169,fr,0
39,2,1,1,3,2,1360,0,0,1,0,0,3.098,org,0
37,3,3,5,2,2,95,0,1,1,0,0,4.2,tk,1
85,1,1,7,1,0,827,0,0,0,0,0,3.21,net,1
30,1,0,1,2,2,803,0,1,1,0,1,2.817,com,0
88,1,1,2,1,2,1010,0,0,1,0,0,3.077,com,0
52,1,2,2,0,1,1383,0,0,1,0,0,2.857,com,0
28,3,0,1,1,1,1313,0,0,1,0,0,3.194,org,0
76,1,0,6,1,2,818,0,0,1,0,0,2.237,gov,0
44,3,0,0,1,1,1211,0,0,1,0,0,2.587,com,0
65,4,0,7,1,3,337,0,0,1,0,1,3.65,com,1
41,2,0,2,1,0,1327,0,0,1,0,0,2.681,net,0
55,1,0,4,0,1,1311,0,0,1,0,0,3.915,com,0
30,2,2,1,1,0,1272,0,0,1,0,0,3.074,com,0
33,2,0,4,1,1,772,1,0,1,0,0,3.014,com,0
21,1,1,5,1,1,177,1,0,1,0,0,4.62,tk,1
103,1,1,7,0,3,322,0,0,0,0,0,3.401,xyz,1
67,1,0,2,0,2,659,0,0,1,0,0,2.633,com,0
54,1,0,0,1,1,1101,0,0,1,0,0,3.081,org,0
73,1,0,0,1,2,1561,0,0,1,0,0,2.534,com,0
52,1,3,0,2,0,482,0,0,1,0,0,3.122,org,0
46,4,1,7,0,2,365,0,0,0,1,0,3.551,click,1
52,4,3,1,1,3,649,0,0,1,0,0,2.058,com,0
74,1,0,2,2,0,1778,0,0,1,0,0,2.66,fr,0
110,1,1,6,2,2,113,0,0,1,0,1,3.912,info,1
47,1,0,1,2,0,301,0,0,1,0,0,2.719,com,0
41,2,0,3,3,1,2088,0,0,1,0,0,3.439,com,0
50,1,2,6,3,2,247,0,0,0,0,0,3.708,tk,1
47,3,0,0,0,2,674,0,0,1,0,0,3.254,org,0
52,3,0,1,1,0,1477,0,0,1,0,0,2.758,gov,0
49,1,0,1,0,2,671,0,0,1,0,0,3.3,com,0
67,3,2,3,2,0,265,0,0,1,0,0,4.106,net,1
58,5,0,3,2,1,2285,0,0,1,0,0,2.843,gov,0
74,1,1,4,1,2,499,0,0,1,0,0,4.053,xyz,1
51,1,0,0,0,1,484,0,0,1,0,0,2.781,fr,0
45,5,0,1,1,1,1159,0,0,1,0,0,3.507,fr,0
69,2,0,0,2,1,1893,0,0,1,0,0,3.166,com,0
19,1,2,2,0,0,1290,0,0,1,0,1,2.884,org,0
86,3,0,2,1,0,1602,0,0,1,0,0,2.873,com,0
57,2,1,1,1,0,338,0,0,1,0,0,2.746,org,0
53,3,0,0,1,1,653,0,0,0,0,0,2.25,com,0
67,3,0,4,0,0,1961,0,0,1,0,0,3.002,com,0
52,1,1,3,5,0,2300,0,0,1,0,0,3.227,net,0
95,5,0,2,0,1,240,1,0,0,0,0,3.008,click,1
59,1,0,2,1,2,882,0,0,1,0,1,3.124,com,0
51,1,1,2,1,2,1418,0,0,1,0,0,3.315,com,0
55,2,1,2,3,3,1369,0,0,1,0,0,3.176,com,0
66,2,1,4,2,1,230,0,0,0,0,1,3.868,click,1
36,1,0,3,1,3,2257,0,0,1,0,0,3.481,fr,0
64,3,2,2,1,1,189,0,0,1,0,0,3.29,click,1
86,3,1,8,3,2,271,0,0,0,0,0,4.198,xyz,1
104,4,2,4,5,2,168,0,0,1,0,0,2.936,xyz,1
73,3,3,4,2,2,394,0,1,1,0,1,3.557,top,1
30,1,1,4,3,1,1574,0,0,1,0,0,3.502,fr,0
89,1,1,5,4,0,223,1,0,1,0,0,3.691,com,1
47,5,1,0,2,1,648,0,0,1,0,0,2.767,com,0
80,1,0,7,3,1,252,1,0,1,0,0,3.888,xyz,1
54,2,1,3,1,0,2811,0,0,1,0,0,3.261,org,0
27,1,1,0,4,1,742,0,0,1,1,0,2.574,com,0
30,2,2,0,1,2,830,0,0,1,0,0,3.274,net,0
12,1,0,4,0,2,1523,0,0,1,0,0,2.91,edu,0
73,2,3,3,0,2,1125,0,0,1,0,0,3.008,org,0
46,2,1,3,1,0,927,0,0,1,0,0,3.391,edu,0
69,4,1,0,1,2,538,0,0,1,0,0,3.47,org,0
66,1,1,1,1,2,766,0,0,1,0,0,2.939,org,0
71,1,0,1,3,1,1852,0,0,1,0,0,2.907,edu,0
72,3,2,0,2,2,2094,0,0,1,0,0,2.675,net,0
69,2,1,1,1,1,1892,0,0,1,0,0,3.055,com,0
25,1,0,0,1,1,2270,0,0,1,0,0,2.96,fr,0
16,1,0,1,1,2,1704,0,0,1,0,0,2.34,fr,0
70,1,0,4,0,1,1163,0,0,1,0,0,2.662,com,0
70,1,2,4,1,1,191,0,0,1,0,0,3.162,com,1
60,1,0,1,0,0,518,0,0,1,0,0,3.347,fr,0
46,5,0,4,0,2,414,1,0,1,0,0,2.472,com,0
31,2,0,3,2,4,638,0,0,1,0,0,3.537,net,0
81,1,1,5,2,1,292,0,0,1,0,0,3.271,top,1
46,2,0,0,2,1,1031,0,0,1,0,0,3.473,com,0
42,1,0,1,3,1,1644,0,0,1,0,0,2.757,fr,0
36,1,0,3,0,4,2897,0,0,1,0,0,3.13,com,0
96,1,0,0,1,0,817,0,0,1,0,0,3.821,com,0
114,1,5,2,4,1,195,0,0,1,0,1,4.131,xyz,1
74,2,0,1,2,1,935,0,0,0,0,0,3.227,fr,0
45,1,0,2,1,1,1718,0,0,1,0,1,2.364,net,0
48,7,1,0,0,0,913,0,0,1,0,0,3.678,fr,0
49,3,2,1,0,0,1957,0,0,1,0,0,3.34,net,0
81,3,0,7,1,3,297,1,0,1,0,0,3.941,click,1
97,3,0,2,2,3,593,0,0,1,0,0,3.393,xyz,1
44,1,0,1,0,0,718,0,0,1,0,0,3.013,com,0
32,3,3,2,2,1,670,0,0,1,0,0,3.661,net,0
70,7,2,1,2,4,609,1,0,0,0,0,3.023,xyz,1
12,1,0,2,1,0,1167,0,0,1,0,0,3.089,fr,0
35,2,1,0,2,1,318,0,0,1,0,0,2.267,fr,0
84,3,1,6,4,2,355,0,0,1,0,0,3.456,com,1
88,1,2,1,0,0,794,0,0,1,0,0,3.594,fr,0
27,1,0,0,3,2,776,0,0,1,0,0,3.095,edu,0
50,5,3,3,2,3,172,0,0,1,0,1,3.788,top,1
65,1,0,1,1,0,741,0,0,1,0,0,2.752,com,0
76,2,2,5,1,0,195,0,0,1,0,0,2.537,org,0
43,5,2,4,1,1,432,0,0,1,0,0,3.549,xyz,1
59,1,1,4,2,3,650,0,0,1,0,0,2.932,net,0
19,1,1,4,0,0,2131,0,0,1,1,0,3.211,net,0
74,3,1,3,2,0,1557,0,0,1,0,0,3.937,com,0
48,2,1,0,1,1,795,0,0,1,1,0,3.588,com,0
68,5,0,4,1,1,1411,0,0,1,0,0,2.733,net,0
81,4,1,5,2,1,20,0,0,0,0,0,3.098,info,1
37,2,1,0,1,0,930,0,0,1,0,0,2.408,com,0
70,3,1,6,2,1,217,0,0,1,0,0,3.386,click,1
91,1,1,1,5,0,559,0,0,1,0,1,2.657,com,0
79,2,2,3,2,0,905,0,0,1,1,0,3.294,com,0
42,1,1,3,0,0,550,0,0,1,0,0,2.191,org,0
65,3,0,8,4,2,96,0,0,1,0,0,3.25,net,1
90,3,0,3,1,1,892,0,0,1,0,0,2.39,net,0
64,1,0,4,2,1,1444,0,0,1,0,0,3.612,com,0
65,1,4,2,1,3,121,0,0,1,0,1,3.978,com,1
96,5,2,4,5,2,182,1,0,1,0,0,3.73,tk,1
116,4,1,4,1,2,277,0,0,0,0,1,3.539,top,1
40,1,3,1,2,0,1149,0,0,1,0,0,3.171,org,0
29,4,2,8,0,1,314,0,0,1,0,0,3.485,top,1
39,1,0,1,2,1,1138,0,0,1,0,0,3.128,com,0
113,2,1,4,0,0,941,0,0,1,0,0,2.343,com,0
56,1,3,1,0,1,665,0,0,1,1,0,3.561,com,0
55,1,0,2,3,2,538,0,0,1,0,0,3.996,click,1
82,1,3,1,1,1,1943,1,0,1,0,0,2.607,com,0
91,5,0,3,2,2,417,0,0,1,1,1,3.749,xyz,1
12,1,0,1,0,1,931,0,0,1,0,0,1.922,gov,0
22,1,1,0,2,2,986,0,0,0,0,0,3.631,net,0
46,1,1,0,3,0,1181,0,0,1,0,0,3.832,fr,0
12,2,0,1,2,2,419,0,0,1,0,0,2.761,com,0
47,1,0,1,0,2,2971,0,0,1,0,0,3.045,fr,0
64,2,1,5,0,2,926,0,0,1,0,0,1.75,org,0
41,1,1,1,0,0,1716,0,0,1,0,0,3.532,com,0
64,4,0,1,1,0,1693,0,0,1,0,0,2.927,com,0
105,4,2,6,2,1,289,0,0,0,0,0,3.137,net,1
17,2,0,2,1,0,816,0,0,1,1,0,2.227,org,0
106,1,2,5,4,1,213,0,0,1,0,0,2.916,top,1
43,2,1,3,1,4,580,0,0,1,0,0,2.555,com,0
90,1,0,2,2,0,1280,0,0,1,0,0,3.166,fr,0
24,2,0,0,3,0,1663,0,0,1,0,0,2.245,com,0
19,1,0,0,0,1,1755,0,0,1,0,0,3.51,com,0
108,4,0,2,1,2,1515,0,0,1,0,1,3.283,com,0
68,4,0,4,1,3,818,0,0,1,0,0,3.012,com,0
33,1,1,2,0,2,1724,0,0,1,0,0,2.953,com,0
63,1,3,0,0,0,1333,1,1,1,0,0,2.983,com,0
78,2,1,7,2,2,87,0,0,0,0,0,3.614,net,1
76,2,2,4,1,1,293,0,0,1,0,0,3.071,tk,1
61,2,0,2,1,0,735,0,0,1,0,1,3.31,com,0
49,2,0,0,3,2,938,0,0,1,0,0,3.126,com,0
73,1,0,0,1,1,517,0,0,1,0,0,2.619,com,0
41,1,0,2,1,1,1293,0,0,1,1,0,2.874,org,0
70,4,1,5,3,2,325,0,0,1,0,1,4.173,click,1
47,2,3,8,2,0,139,0,0,1,0,0,3.259,info,1
68,1,2,1,1,1,806,0,0,1,0,0,3.039,fr,0
83,3,1,1,0,2,583,0,0,1,0,0,3.294,com,0
64,1,0,1,0,4,1150,0,0,1,0,0,2.824,com,0
70,1,0,0,1,0,1095,0,0,1,0,0,3.39,gov,0
57,3,1,0,1,0,380,0,0,1,1,0,3.192,fr,0
71,2,2,1,2,1,481,0,0,1,0,0,4.163,tk,1
55,1,1,3,2,3,1067,0,0,0,0,0,3.123,com,0
77,1,2,5,4,1,284,0,0,0,0,0,3.765,com,1
37,2,0,1,1,0,1174,0,1,1,0,0,3.538,net,0
127,3,0,6,4,5,197,0,0,0,1,0,2.532,top,1
34,3,1,2,0,0,477,0,0,1,0,0,3.071,org,0
60,2,1,4,3,2,653,0,0,0,0,0,2.814,org,0
95,3,1,3,1,2,320,0,0,0,0,0,3.529,xyz,1
66,1,0,2,0,2,1609,0,0,0,0,0,2.797,com,0
57,3,0,1,0,1,729,0,0,1,0,0,2.411,com,0
54,3,0,1,0,1,1476,0,0,1,0,0,3.135,org,0
54,2,1,0,2,0,876,0,0,1,0,1,3.281,fr,0
38,3,1,4,2,1,964,0,0,1,0,0,3.104,org,0
110,3,1,3,5,0,120,0,0,0,0,0,3.72,net,1
114,4,2,3,0,2,298,0,0,1,0,0,3.705,xyz,1
100,3,3,1,1,0,826,0,0,1,0,0,2.752,com,0
52,1,1,1,0,0,677,0,0,1,1,0,3.046,com,0
64,2,0,4,2,0,1355,0,0,0,1,0,2.66,org,0
84,1,0,1,1,0,1333,0,0,1,0,0,2.944,fr,0
50,1,0,1,0,2,884,0,0,1,0,0,3.665,fr,0
79,5,2,6,2,4,240,0,0,1,0,1,3.577,click,1
34,2,0,3,1,0,1988,0,0,1,0,0,2.812,org,0
34,3,0,0,1,1,1675,0,0,0,0,0,3.228,com,0
38,4,2,4,1,0,755,0,0,1,0,0,3.143,com,0
82,1,0,0,1,0,830,0,0,1,0,0,3.106,com,0
35,1,0,4,0,0,1391,0,0,1,0,0,3.014,com,0
34,3,0,1,1,3,776,0,0,1,1,0,3.433,com,0
59,1,2,2,1,2,106,0,0,1,0,0,2.827,xyz,1
49,4,2,0,1,0,901,0,0,1,0,0,3.11,org,0
67,1,0,3,0,0,1474,0,0,1,0,0,2.947,org,0
87,1,2,6,2,2,351,0,0,0,1,0,4.41,xyz,1
78,1,0,1,1,0,759,0,0,1,0,0,3.288,org,0
23,1,2,4,0,1,800,0,0,1,1,0,2.896,com,0
50,1,0,2,3,4,1253,0,0,1,0,0,2.75,net,0
64,2,0,4,1,0,1630,1,0,1,0,0,2.908,com,0
37,1,0,0,1,0,2567,0,0,1,0,0,2.146,com,0
89,5,3,4,1,1,280,0,0,0,0,1,3.308,xyz,1
56,2,0,1,1,4,700,0,0,1,0,0,3.039,org,0
66,1,0,3,1,0,1868,0,0,1,0,0,3.257,net,0
100,5,1,3,2,2,217,0,1,0,0,0,3.476,top,1
38,2,0,5,1,0,718,0,0,1,0,0,2.832,fr,0
56,2,0,2,1,0,1264,1,0,1,0,0,3.482,net,0
18,1,0,3,2,3,129,0,0,1,0,0,3.101,fr,0
74,1,0,1,1,2,1665,0,0,1,0,0,3.66,com,0
50,1,0,6,0,0,1571,0,0,1,1,0,3.562,fr,0
65,1,0,4,2,1,969,0,0,0,0,0,3.588,org,0
12,4,1,1,0,0,1028,0,0,1,0,0,2.489,com,0
42,2,1,1,2,0,1025,0,0,1,0,0,3.191,fr,0
46,1,0,2,4,1,1313,0,0,1,0,0,3.452,fr,0
42,1,0,4,0,2,1181,0,0,1,0,0,2.992,com,0
55,3,0,1,0,0,857,0,0,1,0,0,3.042,com,0
43,2,0,1,0,1,904,1,0,1,0,0,3.649,org,0
27,4,1,1,1,0,1554,0,0,1,0,0,3.104,fr,0
97,2,0,5,4,1,632,0,0,0,0,0,2.733,tk,1
75,1,0,1,1,0,1544,0,0,0,0,0,3.221,com,0
48,2,0,4,0,0,2027,0,0,1,0,0,2.333,com,0
62,3,0,9,2,3,654,0,0,1,0,1,4.513,xyz,1
18,1,4,5,0,1,39,0,0,0,0,0,3.598,xyz,1
97,3,1,1,3,2,139,0,0,1,0,0,3.177,tk,1
86,1,0,2,1,1,1468,0,0,1,0,0,3.243,com,0
44,6,0,3,1,3,284,1,0,1,0,0,2.691,top,1
57,4,2,0,2,0,1082,0,0,1,0,0,3.933,com,0
33,5,0,5,0,4,1633,0,0,1,0,0,3.465,com,0
28,1,1,2,2,0,851,0,0,0,0,0,3.463,org,0
45,3,2,2,2,0,1082,0,0,1,0,0,2.819,org,0
53,2,1,2,1,1,1017,0,0,1,0,0,3.147,com,0
67,1,0,2,0,1,1274,0,0,1,0,0,2.829,com,0
43,1,0,3,0,0,482,0,0,1,0,0,3.176,com,0
84,3,0,1,1,1,970,0,0,1,0,0,2.893,com,0
74,2,3,2,0,0,437,0,0,0,0,0,3.744,click,1
28,3,0,2,0,5,1573,1,0,1,0,0,3.489,com,0
119,1,1,0,0,1,1189,0,0,1,0,0,3.249,gov,0
49,1,0,2,1,2,558,0,0,1,0,0,2.713,com,0
78,2,0,0,0,1,1702,0,0,1,0,0,2.348,fr,0
56,2,1,3,1,1,1437,0,0,1,0,0,2.779,edu,0
68,1,0,3,1,1,642,0,0,1,0,0,2.646,gov,0
26,1,0,1,1,0,793,0,0,0,0,1,3.222,com,0
74,1,1,5,0,1,912,0,0,1,0,0,2.33,fr,0
65,4,2,4,1,4,2284,0,0,1,0,0,2.881,com,0
66,3,6,7,1,1,179,0,0,1,0,1,3.415,info,1
33,1,0,1,4,0,1537,0,0,0,0,0,3.14,com,0
49,3,3,3,0,3,1479,0,0,1,0,0,3.252,com,0
25,1,2,1,2,1,825,0,0,1,0,0,2.669,com,0
50,1,1,1,2,0,903,0,0,1,0,0,2.747,com,0
79,1,0,0,2,0,974,0,0,1,0,0,3.329,edu,0
61,5,2,3,1,3,431,0,0,1,0,0,3.194,com,1
56,1,0,1,1,1,676,0,0,1,0,1,2.889,fr,0
18,3,1,0,2,1,499,0,0,1,0,0,3.175,com,0
42,2,0,0,0,1,930,0,0,1,0,0,2.432,org,0
59,1,2,3,1,1,1793,0,0,1,0,0,3.373,net,0
80,4,1,5,2,1,491,0,0,0,1,0,3.751,net,1
19,1,1,1,0,1,1034,0,0,0,1,0,2.049,com,0
28,3,0,1,0,1,1224,0,0,1,0,1,3.348,com,0
70,2,1,1,4,3,849,0,0,1,0,0,3.357,com,0
89,6,1,6,2,3,349,0,0,1,0,0,4.528,tk,1
77,2,0,3,2,3,225,1,0,1,1,1,3.724,com,1
25,1,0,1,0,1,2013,0,0,1,0,0,3.549,com,0
28,2,1,1,0,1,1856,0,0,1,0,0,3.35,com,0
61,1,0,0,0,0,2010,0,0,1,0,0,2.159,fr,0
25,1,0,0,0,0,903,0,0,1,0,0,3.101,com,0
36,2,2,1,1,2,1617,0,0,1,0,1,3.401,com,0
55,2,0,0,0,1,932,0,0,1,0,0,3.311,net,0
50,1,0,0,1,1,1266,0,0,1,0,0,3.05,fr,0
80,2,0,2,1,1,145,0,1,0,0,0,4.144,info,1
42,1,1,3,1,0,1420,0,0,1,0,0,2.7,com,0
44,4,1,1,0,1,199,0,0,1,0,0,3.457,click,1
51,1,1,1,1,3,687,0,0,1,0,0,2.87,com,0
33,4,0,1,4,1,359,0,0,1,0,0,3.617,com,0
46,2,0,4,0,0,789,1,0,1,0,0,2.582,net,0
36,1,0,1,1,1,995,0,0,1,0,0,2.354,com,0
66,2,0,2,0,1,1500,0,0,1,0,0,2.562,com,0
83,4,1,4,0,1,1325,0,0,1,0,0,2.953,org,0
65,1,1,1,3,1,2323,0,0,1,0,0,3.485,com,0
24,1,0,3,1,0,1119,0,0,1,0,0,3.234,com,0
21,2,1,2,0,0,1962,0,0,0,0,0,3.599,com,0
59,5,1,0,1,0,1250,0,0,1,0,1,4.041,com,0
48,1,1,3,0,1,1475,0,0,1,0,0,3.325,com,0
31,6,0,2,2,1,949,0,0,1,0,0,3.067,com,0
57,2,0,2,2,0,657,0,0,1,0,0,2.593,com,0
67,1,0,0,1,2,1210,0,0,1,0,0,2.007,fr,0
77,1,0,2,2,1,817,0,0,1,0,0,2.917,com,0
77,1,1,0,0,1,671,0,0,1,0,0,2.479,com,0
80,2,0,2,2,1,514,0,1,0,0,0,3.643,fr,0
108,2,1,5,3,4,596,0,0,1,0,0,3.548,top,1
86,3,1,0,2,0,638,0,0,1,0,0,3.534,com,0
55,6,1,3,0,0,906,0,0,1,0,0,3.056,net,0
99,5,0,4,0,0,770,0,0,1,0,0,2.875,edu,0
65,2,3,1,0,2,715,0,0,1,0,0,2.428,com,0
69,4,0,2,3,0,271,0,0,1,0,0,3.289,org,0
58,3,2,5,3,1,348,0,0,1,0,0,3.566,zip,1
50,1,1,1,1,2,896,0,0,1,0,0,2.846,fr,0
111,1,1,5,3,1,177,0,0,0,0,1,3.628,click,1
16,2,0,2,1,1,1140,0,0,1,0,1,3.06,com,0
77,7,5,2,0,4,177,0,0,1,0,1,2.397,click,1
76,2,1,6,2,0,682,1,0,0,0,0,2.775,click,1
84,1,0,9,1,1,282,0,0,1,0,0,3.435,com,1
63,1,0,0,1,0,522,0,0,1,0,0,3.107,fr,0
82,1,1,3,3,1,1662,0,0,1,0,1,3.812,top,1
88,3,3,4,2,2,128,0,0,1,0,0,3.955,xyz,1
61,2,2,1,1,1,1660,0,0,1,0,0,3.231,com,0
72,1,0,2,2,2,118,0,0,1,0,1,3.494,net,1
88,5,1,1,0,2,1849,0,0,1,0,0,3.929,org,0
53,3,0,2,1,1,1356,0,0,1,0,0,3.243,com,0
34,5,1,4,0,2,2111,0,0,1,0,0,2.724,fr,0
53,2,0,1,1,2,884,0,0,1,0,0,2.636,edu,0
37,4,1,2,1,2,1243,0,0,1,0,0,2.085,net,0
29,2,1,1,2,1,594,0,0,1,0,0,2.842,com,0
29,2,0,3,1,5,459,0,0,1,0,0,2.491,com,0
72,1,2,2,0,0,2220,0,0,1,0,0,2.849,org,0
50,2,1,0,4,0,539,0,0,1,0,0,3.303,com,0
20,5,0,2,0,2,925,0,0,1,0,1,2.749,org,0
66,5,0,0,1,3,2489,0,0,1,0,0,3.019,fr,0
40,1,0,1,1,0,1466,0,0,1,0,0,2.397,com,0
59,1,2,2,1,1,832,0,0,1,0,0,3.325,net,0
39,1,1,2,0,0,403,0,0,1,0,0,3.681,com,0
87,1,2,2,2,3,400,0,0,1,1,0,3.141,com,1
53,1,0,0,2,1,980,0,0,0,0,0,2.965,com,0
77,6,2,6,1,2,163,1,0,1,0,0,4.083,tk,1
61,4,2,4,1,0,200,0,0,0,0,1,3.95,zip,1
31,1,1,1,1,2,663,0,0,0,0,0,3.214,org,0
65,3,1,2,2,1,662,0,0,1,0,1,2.438,com,0
56,2,0,2,2,0,1656,0,0,1,0,0,3.242,com,0
58,3,1,2,2,1,1457,0,0,1,0,0,2.425,com,0
79,1,0,2,1,0,1367,0,0,1,0,0,2.848,net,0
74,1,2,1,3,2,125,0,0,1,0,0,2.758,top,1
34,2,1,4,1,0,1267,0,0,1,0,0,2.47,org,0
31,3,0,4,1,1,2850,0,0,1,0,0,3.893,net,0
39,2,2,0,1,4,1633,0,0,1,0,0,3.064,com,0
55,2,0,2,1,0,849,0,1,1,0,0,3.349,net,0
23,4,1,1,0,1,1669,0,0,1,0,0,3.227,fr,0
46,5,1,2,2,2,2007,0,0,1,1,0,3.23,com,0
105,4,0,2,0,2,907,0,0,1,0,0,3.951,com,0
52,3,1,1,0,0,1161,0,0,1,0,0,2.501,org,0
58,3,0,4,0,0,1163,0,0,1,0,0,3.072,com,0
55,2,0,1,1,0,548,0,0,1,1,1,3.63,fr,0
88,5,3,3,3,1,389,1,0,1,0,0,3.528,zip,1
12,1,0,0,0,2,746,0,0,1,0,0,3.046,com,0
59,1,1,1,2,0,1747,0,0,1,0,0,2.67,edu,0
70,1,0,3,4,0,1128,0,0,1,0,0,2.582,com,0
33,1,0,1,1,2,763,0,0,1,0,0,2.358,fr,0
34,1,0,1,1,0,861,0,0,1,0,0,3.032,com,0
12,2,2,1,1,1,566,0,0,1,0,0,3.69,com,0
67,2,0,3,1,0,789,0,0,0,0,0,3.083,com,0
41,3,2,4,2,1,40,0,1,0,0,0,3.24,net,1
60,6,0,11,2,1,273,1,0,1,0,0,3.915,top,1
46,4,1,4,1,3,185,0,1,1,0,0,3.693,tk,1
47,3,0,3,2,0,461,0,0,1,0,0,2.71,net,0
54,2,0,3,1,2,642,0,0,1,0,0,3.351,com,0
57,4,0,3,1,1,2913,0,0,1,0,0,2.656,edu,0
35,4,1,5,1,0,1508,1,0,1,0,0,2.749,com,0
71,1,0,1,1,0,756,0,0,1,0,0,3.435,com,0
43,2,0,3,0,1,1104,0,0,1,0,0,2.957,gov,0
45,1,0,1,0,1,878,0,0,0,0,0,3.024,fr,0
90,2,2,1,2,1,17,0,0,1,1,0,3.799,top,1
73,5,4,2,2,2,80,0,0,1,0,0,4.081,xyz,1
41,3,0,2,0,1,1361,0,0,0,0,0,3.141,gov,0
35,1,1,2,0,3,2156,0,0,1,0,0,2.608,com,0
50,2,0,1,2,0,2033,0,0,1,0,0,3.836,fr,0
63,2,0,2,2,2,1230,0,0,1,1,0,2.875,net,0
32,2,0,1,0,2,896,0,0,1,1,0,2.598,com,0
35,1,0,1,1,0,475,0,0,1,0,0,3.073,net,0
54,2,1,1,0,1,1155,0,1,1,0,0,2.907,com,0
70,2,1,3,0,1,764,0,0,1,0,0,2.527,fr,0
57,3,1,1,1,2,911,0,0,1,0,0,3.571,fr,0
53,2,2,2,2,0,1323,0,0,1,0,0,2.748,com,0
72,1,1,0,2,0,1317,0,0,1,0,0,2.119,org,0
49,3,1,3,1,1,879,0,0,1,0,0,3.246,fr,0
61,1,0,3,0,3,1963,0,0,0,0,0,3.367,fr,0
53,1,1,2,1,1,1553,0,0,1,0,0,3.233,com,0
73,2,0,4,2,0,1159,0,0,1,0,0,3.623,fr,0
79,1,1,6,1,0,664,0,0,1,1,0,3.627,tk,1
52,2,1,3,1,0,1294,0,0,1,0,0,2.626,fr,0
38,1,0,3,1,0,1616,0,0,1,0,0,3.418,com,0
48,3,1,3,2,0,460,0,0,1,0,0,2.88,edu,0
90,3,0,2,2,1,1075,0,0,0,0,0,2.638,com,0
62,3,1,1,1,1,652,0,0,1,0,0,3.104,net,0
77,1,0,1,4,2,532,0,0,1,0,0,3.734,org,0
62,2,0,1,0,2,2152,0,0,1,0,0,2.911,com,0
47,1,2,1,0,3,36,0,0,1,0,0,2.542,fr,0
89,2,0,0,1,1,924,0,0,1,0,0,4.222,com,0
49,1,0,6,1,1,1745,0,0,1,0,0,3.606,com,0
58,4,0,8,2,2,661,1,0,1,0,0,3.335,net,0
80,1,0,5,1,0,215,0,0,0,0,0,3.503,zip,1
71,4,0,1,2,0,2458,0,0,1,0,0,2.539,com,0
88,1,1,0,1,2,2106,0,0,1,0,0,3.106,com,0
31,1,1,0,1,2,1356,0,0,1,0,0,3.318,fr,0
70,1,0,1,2,3,1132,0,0,1,0,1,3.527,org,0
19,2,1,2,1,0,801,0,0,1,0,0,2.336,com,0
47,2,3,6,3,2,51,0,0,1,0,0,3.541,net,1
67,3,0,2,0,0,723,0,0,0,0,0,2.979,fr,0
69,3,0,1,1,1,1709,0,0,1,0,0,3.009,org,0
89,1,0,2,2,1,1323,0,0,1,1,0,3.062,net,0
75,1,0,2,1,2,1066,0,0,1,0,0,3.275,com,0
49,3,0,3,1,0,430,0,0,1,1,1,2.706,zip,1
69,2,0,4,3,0,187,0,0,1,0,0,3.312,net,1
62,3,1,2,0,1,2579,0,0,1,0,0,2.893,fr,0
65,6,1,1,0,2,687,0,0,1,0,0,2.875,fr,0
32,1,0,5,1,3,1479,0,0,1,1,0,2.887,fr,0
49,2,1,1,2,0,1063,0,0,0,0,0,2.508,com,0
55,1,0,1,0,1,2591,0,0,1,0,0,2.87,com,0
49,3,0,3,1,0,770,0,0,1,0,0,3.799,fr,0
85,2,0,0,1,0,279,0,0,1,0,0,4.325,xyz,1
64,1,0,0,1,2,2268,0,0,1,0,0,2.303,org,0
77,2,0,1,1,0,1373,0,0,1,0,0,3.084,org,0
33,3,0,2,1,0,357,0,0,1,1,0,2.351,com,0
36,2,1,2,1,0,1074,0,0,1,0,0,3.573,com,0
45,2,2,3,1,1,450,0,0,1,0,0,3.432,com,0
37,3,1,1,2,1,390,0,0,1,0,0,3.556,com,0
61,4,0,1,1,1,1702,0,0,1,1,0,3.279,fr,0
71,4,1,0,2,2,1168,0,0,1,0,0,3.34,com,0
60,2,1,2,1,1,1019,0,0,1,0,0,2.319,net,0
87,2,2,1,1,2,588,0,0,1,1,0,2.988,top,1
33,4,0,1,1,1,1007,0,0,1,0,0,2.901,fr,0
48,1,2,1,1,0,620,0,0,0,1,0,2.449,org,0
72,1,1,0,0,0,1521,0,0,1,0,1,3.132,fr,0
71,2,1,1,3,1,618,0,0,1,0,0,2.931,gov,0
47,1,0,4,0,2,1489,0,0,1,0,0,3.577,com,0
29,3,2,3,1,1,253,0,0,1,0,1,2.57,fr,0
44,2,1,0,3,2,1456,0,0,1,0,0,3.378,com,0
40,1,1,2,1,1,734,0,0,1,0,0,3.282,com,0
54,7,0,3,2,1,2385,0,0,1,0,0,2.975,net,0
26,1,0,2,1,1,637,0,0,1,0,0,2.802,gov,0
20,1,0,1,1,0,1206,0,0,0,0,0,2.541,org,0
36,1,0,2,1,1,1892,0,0,1,1,0,3.208,com,0
12,1,1,3,1,0,621,0,0,1,0,1,2.525,gov,0
16,4,1,3,0,2,1550,0,0,1,0,0,2.938,org,0
74,3,2,5,3,4,393,0,1,1,1,0,3.212,tk,1
66,2,0,0,2,1,915,0,0,1,0,0,2.794,com,0
91,1,5,3,4,4,53,0,0,1,0,0,3.498,xyz,1
40,2,2,1,0,3,242,0,0,1,0,0,3.652,com,1
48,1,0,1,1,2,852,0,0,1,0,0,3.13,com,0
67,1,0,3,1,0,1786,0,0,1,0,0,2.814,com,0
35,1,0,2,0,3,2018,0,0,1,0,0,3.306,com,0
15,1,1,4,1,1,439,1,0,0,0,0,2.696,top,1
23,1,1,4,1,1,949,0,0,1,1,0,3.083,net,0
111,2,1,5,3,2,237,0,1,1,0,0,3.578,net,1
108,2,0,1,1,1,274,1,0,1,0,0,2.516,fr,0
17,4,0,2,1,0,482,0,0,1,0,0,3.373,com,0
70,2,2,9,0,0,173,0,0,1,0,1,3.309,info,1
47,7,0,2,1,1,1930,0,0,1,0,0,2.549,com,0
72,5,2,2,1,1,533,0,0,1,1,0,3.566,xyz,1
77,1,1,2,0,1,1261,0,0,0,0,0,2.64,com,0
100,6,0,7,0,5,608,1,0,1,0,0,2.727,tk,1
56,7,2,5,1,3,350,0,0,1,0,0,3.068,tk,1
57,2,1,2,1,3,906,0,0,1,0,0,3.07,org,0
45,2,1,0,0,0,2094,0,0,1,0,0,2.624,com,0
88,6,0,6,1,1,143,0,0,0,1,1,3.716,top,1
57,2,0,1,3,1,1321,0,0,1,0,0,2.826,com,0
12,2,2,4,0,1,1575,1,0,1,0,1,3.925,com,0
76,1,0,4,2,3,294,0,0,0,0,1,2.807,top,1
37,3,0,1,1,2,2533,0,0,1,0,0,3.313,fr,0
57,1,3,0,0,2,949,0,0,0,0,0,3.579,edu,0
54,2,0,2,0,1,264,0,0,1,0,0,3.239,com,0
45,5,2,1,0,0,949,0,0,1,0,0,3.353,fr,0
102,1,0,4,3,0,2725,0,0,1,0,0,2.829,com,0
72,2,0,1,2,0,404,0,0,1,0,0,3.54,org,0
74,2,0,7,2,2,539,0,0,1,0,0,3.826,net,1
73,3,1,3,2,0,1115,0,0,1,0,0,2.737,com,0
46,3,0,5,1,1,2030,0,0,1,0,0,2.974,net,0
71,5,0,1,5,1,132,0,0,0,0,0,3.726,xyz,1
60,1,0,3,1,0,1198,0,0,1,0,0,2.888,com,0
53,1,1,1,3,1,604,0,0,0,1,0,3.201,com,0
17,3,0,2,0,0,1653,0,0,1,0,0,2.294,net,0
48,1,1,2,2,4,113,0,0,1,0,0,2.971,top,1
74,3,0,2,1,2,672,0,0,1,0,0,3.601,com,0
83,1,0,5,1,3,221,0,0,1,0,0,3.048,tk,1
85,4,0,3,2,1,230,0,0,0,0,0,4.067,zip,1
80,3,3,2,1,1,244,0,0,1,1,0,4.294,click,1
20,2,0,1,2,0,575,0,0,1,0,0,3.014,fr,0
65,1,1,0,2,0,1540,0,0,1,1,0,2.566,com,0
37,1,1,1,2,1,1601,0,0,1,0,0,3.511,org,0
74,3,3,3,4,2,59,0,0,0,1,0,3.846,zip,1
62,1,1,1,1,0,1020,0,0,0,1,1,2.9,org,0
51,1,1,2,2,1,1422,0,0,1,1,0,2.818,com,0
19,2,0,2,1,1,1607,0,0,1,0,0,3.002,com,0
39,2,2,2,0,0,792,0,0,1,1,0,3.17,net,0
64,2,1,3,2,3,113,0,0,1,0,0,3.705,zip,1
54,1,0,2,0,1,518,0,0,1,0,0,3.925,fr,0
72,4,0,2,2,0,1583,0,0,1,0,0,2.889,net,0
16,2,0,3,1,3,1127,0,0,1,0,0,2.498,gov,0
46,1,0,2,0,1,944,0,0,0,0,0,2.571,com,0
72,2,0,1,2,2,1175,1,0,0,0,0,3.158,org,0
64,1,0,2,1,0,564,0,0,1,0,0,3.221,com,0
80,1,0,1,2,0,71,0,0,1,0,0,3.791,zip,1
37,2,1,1,2,4,122,0,0,1,0,0,4.046,xyz,1
31,1,1,2,1,2,491,1,0,1,0,0,3.048,fr,0
70,2,1,4,2,1,1298,0,0,1,0,0,3.414,org,0
43,1,0,5,5,0,196,0,0,1,0,1,3.589,info,1
15,5,0,0,1,1,1147,0,0,0,0,0,4.708,edu,0
55,3,0,4,2,2,1841,0,0,1,0,0,2.589,com,0
97,1,0,1,1,1,803,0,0,1,1,0,2.156,net,0
82,3,1,3,4,1,929,0,0,1,0,0,3.092,org,0
42,4,4,7,1,0,234,0,0,1,0,0,2.675,xyz,1
52,5,0,1,2,4,129,0,0,0,0,0,3.268,zip,1
78,1,0,1,0,2,1652,0,0,1,1,0,3.352,net,0
23,2,3,2,3,2,1941,0,0,1,0,0,3.515,org,0
47,1,0,4,1,1,1855,0,0,1,0,0,2.548,com,0
19,1,1,2,1,1,649,0,0,1,0,0,2.385,com,0
73,3,1,7,3,1,140,0,0,1,0,1,2.291,info,1
41,2,0,2,1,0,927,0,0,1,0,0,2.543,net,0
18,3,0,2,0,1,1797,0,0,1,0,0,2.7,com,0
61,2,0,2,1,1,1453,0,0,1,0,0,3.646,com,0
47,5,1,7,1,1,279,0,0,1,0,1,2.183,info,1
40,2,0,5,1,0,392,0,0,1,0,0,2.469,com,0
85,3,0,2,0,1,644,0,0,0,1,0,2.884,com,0
66,1,1,2,4,2,99,0,0,1,0,0,3.65,info,1
45,2,3,0,2,1,1365,0,0,1,0,0,2.997,org,0
61,2,0,2,0,1,717,0,0,1,1,0,2.956,fr,0
57,3,0,0,0,1,1327,0,0,1,1,0,3.453,com,0
67,1,0,5,0,4,121,0,0,1,0,0,3.637,xyz,1
51,1,1,0,1,0,1567,0,0,0,0,0,2.89,com,0
41,1,0,6,0,0,1561,0,0,1,0,0,3.053,org,0
20,3,1,4,1,0,517,0,0,0,0,0,2.995,com,0
51,3,0,1,3,0,852,0,0,1,0,0,2.409,com,0
52,1,2,3,0,2,1497,0,0,1,0,0,2.958,com,0
35,4,1,4,2,1,320,1,0,1,0,1,2.972,top,1
56,6,2,4,2,0,344,0,0,0,1,1,3.276,zip,1
63,2,0,1,3,1,3476,0,0,1,0,0,2.815,com,0
46,2,0,2,0,0,535,0,0,1,0,0,3.099,fr,0
36,4,2,1,0,1,1816,0,0,0,0,0,2.949,org,0
69,1,2,3,1,0,1042,0,0,0,0,0,3.042,fr,0
70,1,0,0,0,3,1825,0,0,1,0,0,3.504,edu,0
68,4,1,3,2,2,139,0,0,1,0,0,2.965,xyz,1
46,1,0,4,3,0,2231,0,0,1,0,0,3.329,com,0
62,1,1,0,0,0,465,0,0,1,0,0,2.932,com,0
71,5,0,1,0,2,1413,1,0,1,0,0,3.119,gov,0
23,1,2,2,0,0,798,0,0,1,0,0,2.859,com,0
47,4,0,3,1,0,1898,0,0,1,0,0,2.994,com,0
69,2,1,4,1,1,687,0,0,1,0,0,2.583,net,0
77,5,0,3,3,2,570,0,0,0,0,0,3.284,net,1
77,3,3,4,4,0,67,0,0,0,0,0,3.062,click,1
37,2,2,4,0,0,789,0,0,1,0,0,2.739,com,0
75,2,2,5,0,2,333,0,0,1,0,1,4.516,top,1
101,2,0,1,1,0,1336,0,0,1,0,0,2.378,org,0
12,2,0,2,2,2,2712,0,0,1,0,0,3.431,org,0
23,4,0,3,1,0,1117,0,0,1,0,0,2.285,com,0
55,3,0,1,0,3,515,0,0,0,0,0,2.948,net,0
52,2,1,1,2,1,1022,0,0,1,0,0,2.333,fr,0
69,4,1,1,0,1,1044,0,0,1,0,0,2.666,net,0
33,1,1,0,1,1,763,0,0,1,1,0,3.211,com,0
54,1,0,4,0,2,714,0,0,1,0,0,2.955,fr,0
70,1,0,1,0,1,1148,0,0,1,0,0,2.973,com,0
62,1,0,2,2,1,680,0,0,0,0,0,2.768,com,0
27,4,0,0,1,1,1005,0,0,1,0,0,2.838,com,0
61,2,1,3,0,0,1194,0,0,1,0,0,2.904,net,0
90,3,3,4,1,1,121,0,0,1,0,0,2.904,xyz,1
68,3,4,2,1,2,91,0,0,1,0,1,3.053,xyz,1
92,5,5,5,1,1,31,0,0,0,0,0,4.044,top,1
25,2,0,2,2,1,1445,0,0,1,0,0,3.431,fr,0
59,2,0,0,2,0,1066,0,0,1,0,0,2.302,com,0
47,1,0,3,1,2,1029,0,0,1,0,0,3.477,com,0
77,5,2,5,1,2,455,0,0,1,0,0,2.955,top,1
85,1,0,1,0,2,490,0,0,1,0,1,2.979,org,0
40,4,0,1,0,0,1300,0,0,1,0,0,3.817,org,0
85,3,2,0,1,1,1266,0,0,1,0,0,2.788,com,0
58,1,1,2,1,2,1636,0,0,1,0,0,2.298,com,0
27,3,1,3,1,1,2443,0,0,1,0,0,2.864,com,0
28,1,0,2,0,0,685,1,0,1,0,0,2.208,com,0
55,1,1,0,1,1,1320,0,0,1,0,0,2.875,com,0
12,1,1,1,1,1,71,0,0,1,0,1,3.563,org,0
112,3,2,4,1,4,654,1,0,1,1,1,2.79,net,1
48,1,1,1,1,0,664,0,0,1,1,0,2.681,com,0
32,1,1,3,0,2,293,0,0,1,0,0,3.125,fr,0
28,1,0,4,1,2,613,0,0,0,0,0,3.251,net,0
21,5,1,0,0,3,484,0,0,1,0,0,3.592,fr,0
62,2,0,3,2,1,1282,0,0,1,1,0,3.152,org,0
41,2,1,1,0,0,1193,0,0,1,0,0,3.039,com,0
44,1,2,3,0,0,2329,0,0,0,0,0,3.188,fr,0
40,3,0,1,0,0,1350,0,0,1,0,0,2.837,com,0
66,3,1,2,3,0,1661,0,0,1,0,0,3.077,org,0
44,3,0,1,2,3,950,0,0,0,0,0,2.579,fr,0
73,3,1,1,1,1,1964,0,0,1,0,0,2.836,fr,0
43,3,0,3,1,1,800,0,0,1,0,0,3.195,com,0
33,1,0,1,5,0,539,0,0,1,0,0,2.813,fr,0
49,1,0,3,0,4,1229,0,0,1,0,0,2.89,fr,0
87,3,3,7,2,0,374,0,0,0,0,0,3.477,xyz,1
84,1,2,4,2,3,257,0,0,1,1,1,3.682,top,1
43,1,1,2,1,1,1752,0,0,1,0,0,3.092,fr,0
55,2,0,3,2,0,412,0,0,1,0,0,3.605,com,0
89,4,0,1,1,0,903,0,0,0,0,0,3.52,fr,0
55,4,1,2,0,0,463,1,0,1,0,0,3.335,com,0
55,3,2,2,0,1,848,0,0,1,0,0,2.793,com,0
45,3,0,0,0,1,772,0,0,1,0,0,2.941,com,0
18,6,0,1,1,3,1578,0,0,1,0,0,2.959,com,0
64,1,1,2,0,2,641,0,0,1,0,0,3.476,com,0
42,3,1,0,0,1,2334,0,0,1,0,0,2.75,com,0
90,2,0,1,2,2,541,0,1,1,0,0,2.838,com,0
94,1,1,5,1,2,296,0,0,0,0,1,4.276,info,1
77,2,1,3,0,0,630,0,0,1,0,0,2.856,org,0
72,1,0,0,1,1,774,0,0,1,0,0,2.95,fr,0
16,1,0,2,4,1,241,0,0,1,0,0,4.393,com,0
34,2,1,3,0,1,642,0,0,1,0,0,2.492,com,0
32,2,2,3,1,1,211,1,0,0,0,0,4.095,top,1
54,1,3,1,0,1,1655,0,0,1,0,0,2.148,com,0
63,1,0,2,1,1,1140,0,0,1,0,0,2.831,com,0
80,1,3,6,4,1,43,0,0,1,0,0,3.159,tk,1
55,2,0,2,1,0,1163,0,0,1,0,0,2.712,com,0
74,1,0,1,1,0,1105,0,0,1,0,0,3.075,fr,0
27,2,0,2,1,1,1460,0,0,1,0,0,2.476,net,0
67,3,1,4,3,1,64,0,0,1,1,0,3.894,tk,1
49,8,0,3,3,0,846,0,0,0,0,0,2.358,fr,0
35,4,0,2,1,2,1222,0,0,1,1,0,3.239,com,0
39,1,1,2,2,0,1453,0,0,1,0,0,3.057,com,0
29,2,1,4,1,0,1796,0,0,1,0,0,2.673,com,0
45,2,0,1,2,0,1604,0,0,1,1,0,2.076,net,0
37,2,4,5,3,1,186,0,0,0,1,0,3.267,com,1
68,3,1,3,1,2,2687,0,0,0,0,0,2.41,fr,0
60,3,1,2,1,2,2083,0,0,0,0,0,2.892,org,0
22,6,0,4,3,0,1740,0,0,1,1,0,3.732,fr,0
68,4,0,0,2,2,657,0,0,0,0,0,3.164,edu,0
39,5,0,1,0,1,1323,0,0,1,0,0,3.021,org,0
97,3,0,5,3,3,440,0,0,0,0,0,2.643,xyz,1
66,2,0,1,2,0,1443,0,0,1,0,0,3.517,net,0
56,2,0,1,2,1,1902,0,0,1,0,0,2.82,org,0
22,3,0,1,1,1,455,0,0,1,0,0,2.288,net,0
38,2,2,1,0,1,455,0,0,1,1,0,3.329,com,0
74,5,2,2,3,4,589,0,0,1,0,0,3.653,xyz,1
26,1,0,3,0,1,502,0,0,1,0,0,2.981,com,0
75,3,0,3,1,0,1049,0,0,1,0,0,2.866,com,0
74,1,0,0,2,2,2852,0,0,1,0,0,3.285,com,0
75,1,4,4,4,2,290,0,0,0,0,0,3.291,info,1
37,1,0,0,0,1,714,0,0,1,1,0,3.457,com,0
58,2,0,3,1,1,464,0,0,1,0,0,3.059,com,0
57,2,0,2,2,1,834,0,0,1,0,0,3.59,com,0
28,3,0,1,1,1,1132,0,0,1,0,0,3.314,org,0
130,1,0,9,5,1,479,0,0,1,0,0,3.568,info,1
34,2,0,2,1,0,1051,0,0,1,1,0,2.458,org,0
19,2,2,2,1,2,826,0,0,1,0,0,2.449,com,0
64,1,0,1,0,1,1423,0,0,1,0,0,2.995,com,0
74,1,2,5,2,1,474,0,0,1,0,1,2.419,top,1
107,2,0,1,1,2,2829,0,0,1,0,0,2.534,com,0
75,1,1,4,0,0,1779,0,1,1,0,0,2.862,com,0
45,1,0,4,0,0,425,0,0,0,0,0,2.368,org,0
64,2,0,5,1,1,1460,0,0,1,0,0,2.652,com,0
71,2,0,6,4,0,205,0,0,0,0,0,4.421,net,1
24,1,0,1,1,1,1341,0,0,1,0,0,3.604,edu,0
51,1,2,2,0,2,308,0,0,1,0,0,3.513,tk,1
31,4,2,5,0,1,286,0,0,1,0,0,3.526,top,1
98,1,0,4,0,0,888,0,0,1,0,0,2.765,fr,0
62,1,0,0,0,1,1392,0,0,1,0,0,2.782,fr,0
53,3,0,0,2,0,2141,0,0,1,0,0,2.243,org,0
90,5,0,2,1,1,1120,0,0,1,0,1,2.973,com,0
72,3,0,2,1,1,1188,0,0,0,0,0,2.994,org,0
70,1,0,3,1,2,725,0,0,0,0,0,2.977,org,0
68,4,0,2,1,4,806,0,0,1,0,0,3.199,com,0
22,1,0,2,1,0,1240,0,0,1,0,0,2.767,com,0
48,1,0,1,0,2,1643,0,0,1,0,0,3.068,fr,0
50,4,0,0,0,2,2768,0,0,0,0,0,2.999,com,0
44,1,1,2,0,1,866,0,0,1,0,0,2.792,net,0
33,1,2,2,1,0,396,0,0,1,0,0,2.617,com,0
20,3,1,2,1,0,299,0,0,1,0,0,3.101,gov,0
75,3,0,2,0,1,1242,0,0,0,1,0,3.15,com,0
16,1,0,2,0,1,614,0,0,1,1,0,2.539,com,0
53,1,0,2,0,0,1622,0,0,0,1,1,3.433,net,0
64,2,1,1,1,0,347,0,0,1,0,0,2.812,com,0
26,4,0,4,2,2,1312,0,0,1,0,0,3.328,org,0
82,2,1,5,2,2,298,0,0,1,0,0,3.003,zip,1
12,1,2,2,1,1,2003,0,0,1,0,1,2.798,fr,0
42,3,2,0,0,2,1174,0,0,1,0,0,1.708,org,0
40,1,0,3,1,1,810,0,0,1,0,0,3.113,net,0
26,1,0,1,1,2,248,0,0,0,1,0,3.15,com,0
62,3,3,3,1,1,1155,0,0,1,0,0,3.736,edu,0
80,1,0,0,1,2,1336,0,0,0,0,0,2.701,net,0
32,3,0,4,1,3,353,0,0,1,1,0,3.141,com,0
74,3,0,4,2,1,257,0,0,1,0,0,3.679,xyz,1
36,1,0,0,2,0,1395,0,0,1,0,0,3.117,com,0
53,1,2,1,3,1,827,0,0,1,0,0,3.335,net,0
72,2,1,4,1,1,1449,0,0,1,0,0,2.716,com,0
71,3,0,1,2,1,520,0,0,1,0,0,3.845,com,0
54,2,2,0,1,0,2152,0,0,1,0,0,3.184,edu,0
76,1,0,2,1,2,499,0,0,1,0,0,2.78,com,0
109,4,1,6,1,0,98,0,0,1,0,1,3.576,net,1
59,3,1,1,5,0,732,0,0,1,0,0,2.877,com,0
27,1,1,2,1,1,1091,0,0,1,0,0,2.73,gov,0
53,2,3,2,0,4,2329,1,0,1,0,0,3.299,com,0
38,2,0,3,0,1,2101,0,0,0,0,0,1.708,com,0
76,3,3,5,2,3,181,0,0,1,0,0,4.427,net,1
54,2,0,1,1,1,1137,0,0,1,0,0,2.749,net,0
71,3,2,1,3,1,212,0,0,0,1,1,3.31,top,1
15,2,1,4,2,2,1179,0,0,1,0,0,3.441,com,0
40,2,4,2,2,1,215,0,0,1,0,0,3.128,fr,0
117,2,1,4,4,1,178,0,0,1,0,0,2.796,net,1
14,6,1,4,0,1,611,0,0,1,0,0,2.838,com,0
37,5,0,2,0,3,1406,0,0,1,0,0,3.056,fr,0
63,2,0,2,1,1,868,0,1,0,0,1,3.299,net,0
62,2,2,1,2,1,2016,0,0,1,0,0,3.145,fr,0
92,1,0,4,0,1,1585,0,0,1,0,0,3.076,fr,0
53,4,0,1,2,0,604,0,0,1,0,0,3.231,com,0
61,4,1,1,2,1,1133,0,0,1,0,0,3.72,fr,0
52,1,1,2,1,2,1581,0,0,1,0,0,2.803,edu,0
55,2,1,3,1,1,1742,0,0,1,0,0,3.785,com,0
29,2,1,5,0,2,1625,0,0,0,0,0,2.992,com,0
59,1,1,4,2,0,688,0,0,1,0,0,2.523,com,0
55,1,0,1,1,0,1809,0,0,0,0,0,3.222,fr,0
40,2,1,4,5,3,1267,0,0,1,0,1,2.996,com,0
87,1,0,2,1,2,954,0,0,1,0,0,2.657,com,0
47,1,1,1,0,0,1338,0,0,1,1,0,2.664,com,0
48,2,1,1,2,0,638,0,0,1,1,0,2.049,gov,0
24,3,2,2,1,0,615,0,0,1,0,0,3.23,com,0
31,1,0,4,0,0,856,0,0,1,0,0,3.187,net,0
103,4,2,4,3,1,139,0,0,1,0,0,3.598,info,1
50,2,0,2,0,1,1157,0,0,1,0,0,3.236,com,0
18,3,0,0,1,3,606,0,0,1,0,0,3.101,net,0
40,1,1,4,3,0,1320,0,0,1,0,0,2.928,fr,0
80,2,0,0,1,0,1255,0,0,1,0,0,3.108,com,0
43,3,1,3,2,4,74,0,0,1,0,1,3.96,click,1
60,1,1,3,2,1,550,0,0,1,0,0,2.257,org,0
62,1,2,5,2,0,2989,0,0,0,0,0,2.18,fr,0
43,4,1,7,1,1,231,0,0,1,0,1,3.908,info,1
54,3,1,1,1,1,935,0,0,0,0,0,3.869,org,0
46,1,1,0,2,0,931,0,0,0,0,0,2.887,edu,0
75,2,1,1,1,1,1485,0,0,1,0,0,2.567,edu,0
50,5,0,2,1,0,819,0,0,1,0,0,3.237,org,0
86,1,1,5,0,3,444,0,0,1,0,0,4.043,xyz,1
65,1,0,3,0,0,85,0,0,1,0,1,3.487,top,1
34,1,0,0,1,0,2153,0,0,1,0,0,2.452,fr,0
61,1,4,2,3,0,591,0,0,0,0,0,2.626,xyz,1
51,4,1,3,2,1,307,0,1,1,0,0,3.237,xyz,1
57,1,0,1,1,0,1437,0,0,1,0,0,2.986,com,0
60,1,0,3,2,1,603,0,0,1,0,0,2.655,org,0
63,1,1,2,0,0,702,0,0,1,0,0,3.387,com,0
84,4,1,1,2,2,2349,0,0,0,0,0,2.358,fr,0
38,1,1,1,0,0,3777,0,0,0,0,0,3.057,edu,0
42,2,0,2,3,1,973,0,0,0,0,0,3.571,com,0
69,1,0,5,1,0,1619,0,0,1,0,0,3.21,com,0
28,2,1,1,2,0,753,0,0,1,0,0,3.752,net,0
89,6,0,6,1,1,334,0,0,1,0,0,3.541,xyz,1
16,2,0,1,0,3,901,0,0,1,0,0,3.358,edu,0
90,2,0,4,0,0,429,0,0,1,1,0,3.697,click,1
46,2,0,3,2,1,1448,0,0,0,0,0,3.076,com,0
45,1,0,4,1,0,1054,0,0,1,0,0,2.571,org,0
44,2,3,2,0,0,1181,0,0,1,0,0,3.555,com,0
41,3,2,3,3,1,413,0,0,1,0,0,3.242,tk,1
25,1,0,4,2,0,1155,0,0,1,0,0,3.445,com,0
62,4,3,3,2,3,370,0,0,1,0,1,3.728,tk,1
23,1,1,6,1,1,141,0,0,1,0,1,3.226,xyz,1
40,2,2,3,2,3,304,0,0,1,0,0,3.411,xyz,1
22,6,1,5,2,3,259,0,1,1,0,0,2.709,click,1
70,1,0,2,1,0,878,0,0,1,0,0,2.576,com,0
31,3,1,1,1,3,732,0,0,1,0,0,3.3,org,0
42,2,0,1,3,1,898,0,0,1,0,0,3.372,com,0
54,1,0,1,1,2,496,0,0,1,0,0,3.436,com,0
120,2,3,9,1,0,216,1,1,0,0,0,2.924,tk,1
48,1,1,4,3,1,1244,0,0,1,0,0,2.617,com,0
65,1,0,5,1,1,604,0,0,0,0,0,3.04,org,0
86,1,0,3,0,0,978,0,0,1,0,0,2.933,com,0
51,1,0,1,1,1,532,0,0,1,0,0,2.89,org,0
44,3,0,3,0,0,837,0,0,1,0,0,3.765,com,0
66,2,1,2,0,1,1352,0,0,1,0,0,2.2,com,0
125,3,0,5,2,0,147,0,0,1,0,0,3.755,com,1
52,1,0,4,2,0,1386,0,0,1,0,0,2.902,com,0
74,1,0,3,3,0,2086,0,0,1,0,0,2.331,org,0
84,2,0,0,1,0,1910,0,0,1,1,0,2.721,org,0
52,1,0,0,2,1,1151,0,0,1,0,0,3.324,com,0
65,1,0,0,1,0,863,0,0,1,1,0,2.804,com,0
40,5,0,5,0,2,182,0,0,1,0,0,3.293,tk,1
54,1,1,4,1,3,998,0,0,0,0,0,2.486,edu,0
87,2,0,2,2,0,269,0,0,0,0,0,3.107,top,1
120,1,1,1,0,2,245,0,0,1,0,0,2.951,zip,1
52,3,0,3,2,0,1353,0,0,1,0,0,2.65,com,0
17,3,0,2,0,1,991,0,0,1,0,0,3.488,com,0
59,3,0,1,0,2,548,0,0,1,1,0,2.366,org,0
72,2,0,3,0,0,555,0,0,1,0,0,3.049,com,0
39,1,1,4,0,0,777,0,0,1,0,0,3.125,fr,0
43,1,1,1,1,1,757,0,0,1,0,0,3.277,com,0
12,2,0,2,1,1,685,0,0,1,0,0,3.815,com,0
36,3,0,3,1,3,2170,0,0,1,0,0,2.85,com,0
92,1,0,0,1,1,1265,0,0,0,0,0,2.3,com,0
