char_length,num_words,num_digits,uppercase_ratio,num_exclamation,num_currency,num_free_keywords,num_urgent_keywords,has_url,has_phone,avg_word_length,language,is_spam
76,20,1,0.169,0,0,0,0,0,0,4.94,fr,0
116,12,0,0.313,0,0,0,0,0,0,4.43,fr,0
117,26,3,0.509,2,2,2,2,0,1,4.61,fr,1
26,11,4,0.036,0,0,0,0,1,0,4.88,fr,0
145,6,8,0.644,3,0,1,1,1,1,5.11,fr,1
178,3,4,0.48,2,0,3,1,0,0,5.56,en,1
48,18,0,0.1,1,0,0,0,1,0,5.87,en,0
149,27,2,0.112,0,0,0,0,0,0,5.59,en,0
115,30,5,0.144,0,0,0,0,0,0,5.01,fr,0
46,14,0,0.072,0,0,1,0,1,0,3.89,fr,0
60,40,0,0.115,0,0,1,0,0,0,4.22,fr,0
153,30,5,0.323,6,1,3,1,0,0,5.52,fr,1
100,20,5,0.361,3,1,1,3,1,0,6.12,en,1
218,19,5,0.468,5,0,1,2,1,0,4.87,fr,1
133,28,10,0.313,1,0,1,3,0,1,5.62,fr,1
144,37,7,0.441,1,0,3,4,1,1,6.44,fr,1
142,39,8,0.202,3,2,4,5,1,1,3.7,en,1
113,28,4,0.285,3,2,2,4,1,0,5.38,fr,1
71,24,0,0.105,0,0,0,1,0,0,4.34,fr,0
121,52,9,0.428,1,2,1,2,1,1,5.76,fr,1
120,16,8,0.209,4,0,4,3,1,0,5.91,fr,1
121,21,0,0.091,0,0,0,0,0,0,5.09,en,0
109,14,2,0.311,0,0,0,0,0,0,5.92,en,0
117,19,0,0.298,0,0,0,0,0,0,3.9,en,0
93,22,2,0.272,2,0,0,0,0,0,5.47,fr,0
191,5,2,0.177,1,0,0,1,0,1,5.15,en,0
70,13,1,0.161,0,0,0,0,0,0,4.38,fr,0
101,19,0,0.02,0,0,0,1,0,0,4.89,fr,0
126,19,12,0.538,0,2,1,3,1,1,5.05,fr,1
115,26,1,0.143,1,0,0,0,1,0,5.19,en,0
145,3,1,0.038,1,0,0,0,0,0,4.25,en,0
93,28,12,0.538,3,1,0,3,1,0,4.43,fr,1
95,17,3,0.189,0,0,0,0,0,0,3.31,fr,0
177,22,0,0.028,1,0,0,0,0,0,4.73,fr,0
58,31,6,0.592,5,1,2,1,1,0,4.2,fr,1
133,17,4,0.573,3,0,1,4,1,0,6.65,en,1
65,13,0,0.092,0,0,0,0,0,0,6.29,fr,0
55,22,2,0.258,0,0,0,0,0,0,4.74,fr,0
108,10,2,0.053,1,0,0,0,0,0,4.2,en,0
71,12,3,0.073,1,0,0,0,0,0,3.97,en,0
43,34,1,0.145,0,0,0,0,0,0,5.45,en,0
124,23,8,0.385,6,4,2,2,0,1,5.32,fr,1
98,29,5,0.572,1,3,2,4,0,0,4.82,en,1
59,12,0,0.115,0,0,0,0,1,0,4.53,en,0
74,23,6,0.37,1,4,2,1,1,0,6.31,fr,1
5,16,0,0.04,0,0,0,0,0,0,4.56,fr,0
114,8,0,0.045,0,0,0,0,0,0,5.43,fr,0
59,29,0,0.028,0,0,0,0,0,0,4.72,en,0
86,15,1,0.02,0,0,0,0,0,0,4.42,fr,0
206,6,0,0.071,0,0,1,0,0,0,5.16,en,0
120,19,2,0.078,0,0,0,0,0,0,5.97,en,0
149,12,12,0.446,3,6,5,3,1,1,4.36,fr,1
87,15,2,0.138,0,0,1,0,0,0,4.22,fr,0
122,20,3,0.066,0,0,0,0,0,0,3.82,fr,0
134,23,3,0.344,2,3,2,1,1,1,4.96,fr,1
62,27,1,0.141,0,0,0,1,0,0,4.29,en,0
90,31,0,0.122,0,0,0,0,0,0,4.53,fr,0
74,12,0,0.12,0,0,0,0,0,0,5.04,fr,0
52,18,0,0.503,1,0,0,0,0,0,4.31,fr,0
98,9,4,0.299,1,0,3,4,1,0,6.22,fr,1
133,12,2,0.567,3,3,0,0,1,0,4.87,en,1
61,17,0,0.15,1,0,0,0,0,0,5.56,fr,0
122,26,2,0.061,0,0,0,0,0,0,6.13,fr,0
113,20,0,0.044,0,0,1,0,0,0,5.05,en,0
53,27,2,0.161,1,0,0,0,0,0,3.58,fr,0
71,13,0,0.016,0,0,0,0,0,0,3.85,en,0
90,24,3,0.157,0,0,0,0,0,0,3.41,en,0
127,22,0,0.238,0,0,0,0,0,0,5.15,en,0
119,29,1,0.442,0,1,0,0,1,0,4.81,fr,0
66,22,1,0.042,0,0,0,0,0,0,5.13,fr,0
101,16,1,0.13,0,0,1,0,1,0,4.2,fr,0
131,25,7,0.452,1,3,2,2,1,0,5.12,en,1
108,21,3,0.488,1,4,0,3,1,0,6.47,en,1
117,19,7,0.378,3,1,1,3,1,0,7.45,fr,1
139,4,1,0.035,1,0,1,0,0,0,5.51,en,0
139,34,2,0.335,2,0,0,2,0,1,4.74,fr,1
96,30,11,0.562,3,3,4,4,1,1,5.18,en,1
99,29,11,0.587,4,2,0,1,0,0,4.29,fr,1
68,28,0,0.041,1,0,0,0,0,0,4.44,en,0
192,19,1,0.082,0,0,0,0,0,1,5.44,en,0
165,32,7,0.411,3,1,1,2,1,0,4.95,en,1
169,25,10,0.245,3,1,2,5,1,0,5.36,en,1
74,25,3,0.257,0,1,0,0,0,1,5.01,fr,0
189,23,7,0.519,2,2,7,2,0,0,4.96,fr,1
99,14,1,0.108,1,0,0,0,0,0,3.78,en,0
133,20,6,0.404,1,1,0,4,1,0,5.45,fr,1
207,26,8,0.294,1,1,0,2,1,0,4.3,en,1
65,24,1,0.122,0,0,0,1,0,0,5.17,en,0
5,13,2,0.084,1,0,0,1,0,0,5.0,en,0
130,20,3,0.046,1,0,0,0,0,0,4.18,fr,0
194,8,1,0.051,1,0,0,0,0,0,5.52,fr,0
42,14,0,0.361,0,0,0,0,0,1,5.84,fr,0
59,14,2,0.139,1,0,0,0,1,0,5.06,en,0
116,11,2,0.103,1,0,0,0,1,0,4.18,fr,0
63,15,1,0.206,1,0,0,0,0,0,4.13,en,0
102,25,1,0.23,0,0,0,0,0,0,6.88,en,0
156,30,4,0.487,3,2,3,4,1,0,5.95,en,1
126,18,4,0.689,0,0,2,5,1,0,4.91,en,1
112,16,1,0.104,0,0,0,0,1,0,5.97,en,0
139,14,0,0.161,0,0,0,0,0,0,5.09,en,0
130,16,0,0.049,0,0,0,0,0,0,3.16,fr,0
61,16,3,0.283,0,0,0,0,0,0,3.92,en,0
95,5,0,0.153,0,0,0,1,0,0,3.54,en,0
62,18,0,0.076,0,0,0,0,0,1,4.6,fr,0
138,20,8,0.069,3,1,1,1,1,1,4.09,fr,1
163,30,5,0.399,2,0,1,2,1,0,6.18,en,1
5,24,4,0.142,0,0,0,0,0,0,5.39,en,0
149,9,6,0.656,3,1,1,1,1,1,7.42,fr,1
94,12,1,0.005,1,0,0,0,0,0,4.19,fr,0
95,10,2,0.067,1,1,0,0,0,1,3.74,fr,0
98,1,3,0.155,0,0,0,0,0,0,4.04,fr,0
89,35,1,0.02,0,0,0,0,0,0,4.58,en,0
122,20,7,0.332,2,0,1,0,1,0,5.32,en,1
48,27,3,0.168,1,1,0,0,0,0,4.01,fr,0
103,21,3,0.459,2,3,1,2,1,0,5.64,en,1
122,17,4,0.343,1,1,2,1,0,0,4.99,en,1
159,15,1,0.098,2,0,0,0,0,0,5.16,fr,0
5,17,1,0.086,0,0,0,0,1,0,4.09,fr,0
43,12,1,0.063,0,0,0,0,0,1,5.4,fr,0
48,35,0,0.191,0,0,0,0,0,0,4.33,fr,0
43,13,1,0.027,0,0,0,0,0,0,5.2,fr,0
195,21,6,0.463,2,3,5,1,1,1,5.29,fr,1
13,21,1,0.027,1,0,0,0,0,0,3.63,en,0
110,20,2,0.07,1,0,0,0,0,0,4.36,en,0
136,21,9,0.456,0,1,6,1,1,1,4.94,en,1
49,16,3,0.057,0,0,0,0,0,0,4.03,fr,0
124,19,7,0.402,4,2,4,4,0,1,4.76,fr,1
140,32,6,0.413,1,2,2,5,0,1,4.85,fr,1
86,17,0,0.001,0,0,0,0,0,0,4.58,en,0
58,16,1,0.052,2,0,1,0,0,0,5.07,en,0
198,27,9,0.692,3,3,3,5,0,0,7.05,en,1
161,19,3,0.143,2,0,0,0,0,0,5.13,en,0
77,22,5,0.559,1,6,3,1,1,1,5.63,fr,1
136,1,1,0.092,1,0,0,0,0,0,4.73,fr,0
141,20,4,0.232,3,2,2,1,1,1,5.07,fr,1
82,18,1,0.078,0,0,0,0,0,0,4.88,fr,0
142,22,0,0.039,0,0,0,0,0,0,6.02,fr,0
168,38,4,0.291,3,1,1,1,1,1,4.86,en,1
102,10,1,0.088,0,0,0,0,0,0,6.03,en,0
58,33,2,0.549,2,2,3,4,1,1,4.49,fr,1
178,26,4,0.776,2,2,1,2,1,1,4.29,en,1
97,16,1,0.231,0,0,0,0,1,0,4.44,fr,0
69,19,1,0.07,0,0,0,0,0,0,5.34,fr,0
51,24,1,0.057,0,0,0,0,0,0,3.99,fr,0
146,29,6,0.29,3,1,3,2,1,0,5.84,fr,1
120,16,2,0.064,0,1,0,0,0,0,4.52,fr,0
14,20,0,0.239,1,0,0,0,0,0,4.86,fr,0
112,37,3,0.59,1,1,1,1,1,0,4.23,fr,1
153,17,0,0.311,0,0,0,0,0,0,5.25,fr,0
118,12,1,0.089,1,0,0,0,0,0,5.15,fr,0
134,29,1,0.108,0,0,0,0,0,1,5.72,fr,0
82,21,2,0.204,0,0,0,0,0,0,4.33,fr,0
18,22,0,0.07,0,0,0,0,0,0,3.97,fr,0
103,11,9,0.43,4,5,2,3,1,1,4.17,fr,1
40,14,0,0.305,0,0,0,0,0,0,3.42,fr,0
123,18,1,0.056,0,0,0,0,0,1,5.09,en,0
230,22,0,0.309,0,0,0,0,0,0,4.56,en,0
89,26,0,0.324,1,0,0,1,0,0,4.84,en,0
62,1,1,0.144,1,0,0,0,0,0,4.25,en,0
118,19,0,0.034,0,0,0,0,1,0,2.28,en,0
5,23,2,0.026,0,0,0,0,0,0,4.88,en,0
90,13,1,0.053,1,0,0,0,0,0,4.55,fr,0
74,24,0,0.058,2,0,0,0,0,0,3.22,fr,0
211,17,1,0.164,1,0,0,0,0,0,4.19,en,0
153,19,4,0.031,0,0,0,0,0,0,4.23,en,0
68,16,0,0.074,1,0,0,0,0,0,5.52,fr,0
126,27,1,0.134,1,0,0,0,0,0,3.29,fr,0
114,33,2,0.144,0,0,0,0,0,1,4.73,fr,0
59,33,3,0.05,0,0,0,0,0,0,4.31,en,0
99,24,1,0.099,1,0,0,1,1,0,4.86,fr,0
149,31,3,0.627,1,0,1,1,1,1,4.53,fr,1
113,32,1,0.022,0,0,0,1,0,0,4.33,fr,0
54,21,1,0.034,0,0,0,0,0,0,3.71,fr,0
35,11,0,0.062,0,0,0,0,0,0,5.46,en,0
108,33,8,0.301,1,1,2,2,1,0,4.61,fr,1
102,39,5,0.251,3,4,3,2,1,1,5.38,en,1
143,10,2,0.044,1,0,0,0,0,0,5.47,fr,0
187,25,5,0.205,4,3,2,3,0,1,4.52,fr,1
47,4,0,0.156,0,0,0,0,0,0,4.19,fr,0
5,19,2,0.223,0,0,0,0,0,0,5.8,fr,0
174,10,6,0.147,2,2,1,2,1,1,5.33,fr,1
40,15,0,0.052,0,0,0,0,0,0,3.12,fr,0
165,21,6,0.11,2,1,2,4,0,0,4.97,fr,1
174,32,6,0.546,4,1,1,0,1,1,4.92,fr,1
230,14,1,0.172,0,0,0,0,0,0,4.0,fr,0
113,21,0,0.098,1,0,0,0,0,0,4.29,fr,0
126,17,5,0.264,4,3,2,1,1,0,6.84,en,1
80,24,1,0.27,1,0,0,0,0,1,5.76,fr,0
106,24,2,0.066,0,0,1,0,1,1,5.21,fr,0
140,5,0,0.035,0,0,0,0,0,0,5.48,fr,0
115,17,6,0.304,0,5,3,4,1,0,5.88,en,1
140,11,8,0.345,3,1,3,1,1,1,6.71,fr,1
45,10,1,0.145,0,0,0,0,0,0,4.22,fr,0
111,14,3,0.201,1,0,0,0,0,0,5.72,fr,0
117,12,8,0.424,6,2,3,1,1,0,4.98,fr,1
46,14,3,0.607,1,1,0,1,0,0,7.61,en,1
95,19,2,0.075,0,0,0,0,1,0,3.08,en,0
116,17,10,0.264,1,4,1,2,0,1,5.11,fr,1
138,29,6,0.522,4,1,1,1,1,1,3.55,fr,1
162,22,2,0.632,3,1,0,1,1,0,4.92,en,1
160,30,2,0.317,6,3,1,4,0,0,6.86,en,1
81,29,3,0.642,2,3,2,1,1,0,5.45,en,1
70,23,1,0.128,0,0,0,0,0,0,4.4,en,0
105,14,1,0.02,1,0,0,0,0,0,4.57,en,0
84,23,0,0.124,0,0,0,0,0,0,5.15,fr,0
53,23,2,0.043,0,0,0,0,0,0,3.92,fr,0
121,9,1,0.12,0,0,0,0,0,0,5.4,en,0
192,25,6,0.412,2,0,1,1,1,0,5.03,fr,1
121,4,13,0.318,1,2,2,3,1,1,4.53,fr,1
103,32,0,0.243,0,0,0,0,0,0,5.05,fr,0
187,21,7,0.473,4,4,3,3,1,0,4.53,fr,1
60,20,2,0.305,0,0,0,0,0,0,3.91,fr,0
39,20,2,0.149,0,0,0,0,0,0,4.65,fr,0
17,27,2,0.121,0,0,1,0,0,0,3.98,en,0
105,15,2,0.145,0,0,0,0,0,0,4.53,fr,0
80,25,0,0.017,0,0,0,0,0,0,5.23,fr,0
61,30,0,0.116,0,0,0,0,0,0,2.04,en,0
86,9,0,0.294,0,0,0,0,0,0,5.48,fr,0
68,30,1,0.069,0,0,0,0,0,0,4.76,en,0
148,23,9,0.334,3,2,1,2,1,1,4.83,en,1
120,12,8,0.386,0,0,2,0,1,1,4.85,fr,1
102,13,3,0.138,1,0,0,0,0,0,4.37,fr,0
82,22,1,0.108,0,0,0,0,0,0,3.67,en,0
152,10,1,0.129,0,0,0,0,0,0,2.85,fr,0
49,15,3,0.064,0,0,1,0,0,0,4.73,fr,0
15,24,1,0.115,1,0,0,1,0,0,4.57,fr,0
130,15,4,0.147,0,0,3,0,1,1,3.64,fr,1
87,13,0,0.041,1,0,0,0,0,0,4.29,en,0
121,8,2,0.045,1,1,0,0,0,0,2.6,fr,0
5,17,0,0.108,1,0,0,0,0,0,4.26,fr,0
172,8,10,0.221,0,2,4,2,1,1,3.2,en,1
91,27,1,0.052,1,0,0,0,0,0,5.36,en,0
123,11,1,0.088,0,0,0,0,0,0,5.38,en,0
63,21,3,0.266,1,0,0,0,0,0,4.37,en,0
163,27,7,0.311,4,2,2,1,0,0,5.02,fr,1
139,12,3,0.137,0,0,0,0,0,0,4.99,fr,0
124,26,3,0.188,0,0,0,0,0,0,4.79,en,0
109,9,0,0.149,1,0,0,0,0,0,4.72,fr,0
146,19,3,0.344,1,1,5,5,0,0,5.59,fr,1
115,12,1,0.047,0,0,0,1,0,0,4.85,fr,0
86,21,1,0.066,0,0,0,0,0,0,5.25,en,0
88,13,0,0.225,0,0,0,0,0,1,4.54,en,0
111,19,2,0.142,0,0,1,0,0,0,4.5,fr,0
117,29,7,0.274,2,0,4,2,1,0,4.93,en,1
91,18,0,0.044,0,0,0,0,0,0,2.99,en,0
175,30,5,0.148,3,0,3,2,1,1,6.01,en,1
94,21,2,0.432,5,3,2,4,1,1,5.24,fr,1
142,36,4,0.401,2,4,4,2,0,1,4.93,fr,1
33,15,2,0.041,1,0,0,0,1,0,4.63,fr,0
23,16,1,0.391,0,0,2,0,0,0,5.05,fr,0
106,12,0,0.108,1,0,0,0,0,0,4.93,fr,0
52,19,2,0.16,0,0,0,0,0,0,5.2,fr,0
182,27,4,0.019,0,0,0,0,0,0,4.81,en,0
170,27,5,0.42,2,2,3,4,1,1,6.61,fr,1
165,30,1,0.17,0,0,0,0,0,0,3.61,fr,0
91,40,3,0.573,4,0,2,2,1,1,5.65,en,1
119,13,6,0.304,2,1,2,5,0,1,4.46,fr,1
185,5,3,0.449,3,0,3,1,1,1,3.14,fr,1
31,26,2,0.023,0,0,0,0,0,0,4.03,fr,0
114,21,1,0.101,0,0,0,0,1,0,5.48,fr,0
162,24,6,0.45,1,2,1,3,1,0,4.52,en,1
155,12,8,0.497,7,4,1,1,1,1,6.68,en,1
120,24,5,0.136,2,4,0,2,1,1,4.97,en,1
145,28,0,0.134,0,0,0,1,0,0,5.02,en,0
81,16,1,0.268,0,0,0,0,0,0,4.27,fr,0
139,18,10,0.398,1,2,3,0,1,0,5.03,fr,1
89,17,1,0.076,1,0,0,0,0,0,5.59,fr,0
5,34,0,0.045,0,0,0,0,0,1,4.59,fr,0
54,23,2,0.104,1,0,1,0,0,0,4.0,fr,0
59,24,0,0.06,0,0,0,0,0,0,6.21,fr,0
15,21,0,0.04,0,0,0,1,0,1,4.4,en,0
102,38,2,0.193,3,3,2,3,1,1,5.13,en,1
129,19,3,0.339,3,1,1,3,0,1,5.17,fr,1
120,37,7,0.355,2,2,2,5,1,1,4.72,fr,1
120,23,8,0.254,1,3,1,3,0,1,5.36,fr,1
116,16,3,0.167,0,0,0,0,0,0,4.68,fr,0
138,19,10,0.251,4,0,2,1,1,0,7.44,fr,1
137,14,1,0.193,0,0,0,0,1,0,6.11,fr,0
118,24,3,0.001,1,0,0,0,0,0,4.94,fr,0
87,15,1,0.057,0,0,0,0,0,1,4.19,en,0
79,17,0,0.046,1,0,0,0,0,0,3.77,fr,0
79,16,1,0.121,1,0,0,0,0,0,3.43,fr,0
90,13,2,0.083,1,0,0,0,0,1,4.22,fr,0
159,22,4,0.416,5,1,1,4,1,0,5.17,fr,1
141,26,1,0.203,0,0,0,0,0,0,4.18,fr,0
5,11,0,0.087,2,0,0,0,0,0,3.28,en,0
68,14,2,0.066,1,0,0,0,0,0,4.83,fr,0
180,31,2,0.592,0,1,2,6,1,1,4.33,fr,1
54,24,1,0.046,0,0,0,1,0,0,4.65,en,0
182,20,3,0.374,3,2,0,2,1,1,4.25,fr,1
127,34,7,0.35,3,0,2,2,0,0,5.32,en,1
90,1,1,0.145,0,0,0,0,0,0,4.17,en,0
168,22,5,0.471,2,3,2,1,0,1,4.13,fr,1
145,20,8,0.423,1,0,2,3,1,1,6.99,fr,1
75,19,1,0.035,2,0,0,0,0,0,4.5,en,0
114,14,0,0.076,0,0,0,0,1,0,4.69,en,0
138,38,3,0.32,5,0,1,1,0,0,6.11,en,1
83,1,2,0.097,1,0,0,0,0,0,4.08,en,0
138,44,4,0.264,1,1,2,4,0,0,3.82,fr,1
78,13,1,0.058,0,0,0,1,0,0,5.36,en,0
185,18,5,0.543,3,1,2,2,1,0,4.59,en,1
173,23,1,0.073,0,0,1,0,0,0,4.56,fr,0
138,8,2,0.104,1,0,0,0,0,0,4.65,en,0
107,12,0,0.055,0,0,0,0,0,0,5.13,fr,0
58,23,2,0.136,0,0,0,0,1,0,4.14,fr,0
109,26,0,0.055,0,0,0,0,0,0,5.34,en,0
65,20,0,0.042,2,0,0,0,0,0,3.06,fr,0
130,34,0,0.068,1,0,0,1,0,0,4.64,en,0
94,19,9,0.483,4,2,3,5,0,1,4.25,fr,1
152,20,4,0.432,2,2,4,1,0,0,4.45,fr,1
112,18,3,0.371,4,1,3,2,1,0,7.04,fr,1
157,11,1,0.057,0,0,0,0,0,0,5.1,en,0
78,22,4,0.388,7,1,1,4,1,0,6.2,en,1
118,15,2,0.024,1,0,0,0,0,0,5.34,fr,0
17,24,1,0.061,0,0,0,0,1,0,5.24,fr,0
101,14,1,0.007,0,0,0,1,0,0,3.94,en,0
203,19,12,0.263,2,0,0,3,0,1,5.05,en,1
17,19,3,0.184,0,0,0,0,0,0,4.58,fr,0
40,29,0,0.025,0,0,0,0,0,1,5.52,en,0
104,17,1,0.075,0,1,0,0,0,0,4.96,fr,0
79,2,0,0.092,0,0,0,0,0,0,4.51,en,0
124,1,2,0.088,0,1,0,0,0,0,4.57,fr,0
153,24,9,0.149,3,1,0,2,1,1,4.42,en,1
86,18,0,0.131,0,0,0,0,0,0,4.83,fr,0
85,16,1,0.005,1,0,0,0,0,0,4.92,en,0
79,12,0,0.104,0,0,0,0,0,0,3.39,en,0
97,22,2,0.058,0,0,0,0,0,0,4.81,fr,0
89,20,2,0.031,0,0,0,0,0,0,3.25,fr,0
5,12,2,0.045,1,0,0,0,0,0,5.2,fr,0
118,22,3,0.074,0,0,0,0,0,0,4.58,en,0
134,30,9,0.455,0,3,4,2,0,0,6.26,fr,1
184,15,1,0.11,0,0,0,0,0,0,4.55,fr,0
100,28,9,0.543,2,3,3,0,1,1,4.63,en,1
78,22,8,0.334,2,2,0,2,1,1,4.6,en,1
31,14,1,0.111,0,0,0,0,1,0,6.14,fr,0
148,19,1,0.053,0,0,0,0,0,0,3.8,fr,0
198,27,8,0.289,2,3,1,4,1,1,6.66,fr,1
5,15,1,0.061,0,0,0,0,0,1,4.61,en,0
93,12,2,0.334,0,0,1,0,1,0,3.37,fr,0
71,33,9,0.41,4,2,3,4,1,0,6.21,fr,1
96,24,6,0.56,4,0,3,4,1,1,3.01,en,1
251,28,9,0.322,3,0,4,5,1,0,5.36,en,1
127,9,9,0.414,2,3,5,1,1,1,6.08,fr,1
56,30,0,0.03,1,0,0,0,0,0,5.45,fr,0
36,18,2,0.041,0,0,0,0,0,0,2.68,fr,0
173,17,0,0.024,3,0,0,1,0,0,5.06,fr,0
94,9,1,0.041,0,0,1,0,0,0,4.15,en,0
5,15,2,0.119,0,0,0,0,0,0,6.16,fr,0
216,6,10,0.374,2,1,2,3,0,0,6.58,fr,1
130,16,1,0.328,0,0,0,0,1,0,3.73,fr,0
164,15,0,0.162,0,0,0,0,1,0,4.88,fr,0
17,13,1,0.584,0,0,0,0,1,0,4.34,fr,0
113,16,3,0.091,0,0,0,0,0,0,4.86,fr,0
100,14,0,0.122,1,0,0,0,0,0,4.56,en,0
5,9,0,0.055,0,0,0,0,0,0,5.39,en,0
158,26,12,0.344,3,1,2,2,1,0,6.12,fr,1
117,29,7,0.367,5,2,3,2,1,1,5.88,fr,1
188,23,0,0.309,0,0,1,0,1,0,4.7,fr,0
45,15,6,0.739,4,0,5,3,1,1,5.78,en,1
128,28,1,0.374,3,2,2,2,1,0,5.47,fr,1
149,27,1,0.243,0,0,0,1,0,0,5.15,en,0
78,15,3,0.034,0,0,0,0,0,0,3.2,fr,0
88,2,2,0.022,1,0,0,0,0,0,5.27,en,0
135,27,0,0.031,3,0,0,1,0,0,3.79,fr,0
47,26,2,0.12,1,0,0,0,0,0,4.33,en,0
95,20,1,0.089,1,0,0,0,0,0,3.92,fr,0
164,22,2,0.112,0,0,0,0,0,0,5.04,fr,0
127,17,3,0.194,1,0,0,0,0,0,4.83,en,0
82,21,1,0.029,0,0,0,1,0,0,5.7,fr,0
97,8,4,0.418,6,0,1,3,1,0,5.16,en,1
35,19,2,0.286,1,0,0,0,1,0,4.86,en,0
109,14,0,0.076,1,0,0,0,0,0,4.5,en,0
109,1,0,0.077,1,0,0,0,0,1,4.4,en,0
62,17,1,0.095,0,0,0,0,0,0,6.03,fr,0
129,9,1,0.203,1,0,0,0,0,0,4.71,fr,0
125,17,4,0.02,1,0,0,0,1,0,4.44,fr,0
81,25,1,0.08,0,0,0,1,0,0,6.44,fr,0
78,17,4,0.153,1,0,0,0,0,0,4.48,fr,0
121,18,0,0.055,1,0,1,0,1,0,4.51,fr,0
72,5,2,0.106,1,0,0,0,1,0,2.71,en,0
145,22,7,0.478,3,1,2,2,0,1,4.03,fr,1
175,26,6,0.54,4,2,5,2,1,1,6.21,fr,1
122,25,13,0.575,3,2,5,2,0,1,6.69,fr,1
74,5,2,0.011,0,0,0,1,0,0,3.64,fr,0
106,23,0,0.14,0,0,0,0,0,1,5.17,fr,0
203,22,0,0.1,0,0,0,0,0,0,4.73,en,0
121,27,3,0.102,2,0,0,0,0,0,4.82,fr,0
124,28,0,0.051,1,0,0,0,0,0,3.7,fr,0
188,8,1,0.262,2,4,3,5,0,0,4.91,fr,1
159,18,4,0.571,2,2,3,0,0,1,4.29,fr,1
91,40,13,0.231,1,0,1,3,1,1,4.99,en,1
69,4,1,0.135,0,0,0,0,0,1,5.42,fr,0
29,17,2,0.108,0,1,0,0,0,0,3.86,en,0
203,18,9,0.764,2,1,1,3,1,0,5.68,fr,1
189,19,6,0.674,1,3,3,4,1,0,4.91,fr,1
64,2,1,0.268,0,0,0,0,0,0,5.28,fr,0
69,18,13,0.639,2,2,0,2,1,0,6.0,fr,1
205,27,5,0.401,2,3,2,1,1,1,7.55,fr,1
128,11,1,0.034,0,0,0,0,0,0,5.4,fr,0
122,17,0,0.052,0,0,0,0,0,0,4.9,en,0
179,31,4,0.545,3,0,2,1,1,1,6.21,fr,1
78,20,0,0.084,1,0,0,0,0,0,5.47,fr,0
119,25,0,0.097,0,0,0,0,0,0,5.14,en,0
144,23,8,0.117,1,3,3,2,1,0,5.59,en,1
61,9,1,0.042,1,0,0,0,1,0,4.49,en,0
122,14,1,0.171,0,0,0,0,0,0,3.91,fr,0
123,43,2,0.548,2,2,2,4,1,0,4.03,en,1
74,25,0,0.037,0,0,1,0,0,1,3.83,fr,0
42,15,1,0.116,0,0,0,0,0,0,3.41,en,0
122,15,3,0.157,1,0,0,1,0,1,4.38,fr,0
178,22,6,0.417,5,3,2,3,1,0,4.6,en,1
53,20,3,0.248,0,0,0,0,0,0,4.96,en,0
165,31,6,0.538,1,0,3,3,1,1,6.47,fr,1
133,11,0,0.082,0,0,0,1,0,0,5.02,fr,0
74,18,2,0.042,0,0,0,0,0,0,4.56,fr,0
104,18,0,0.067,0,1,0,0,0,0,3.92,fr,0
83,6,0,0.194,2,0,1,0,0,0,4.59,fr,0
117,29,0,0.09,0,0,0,0,1,0,5.15,fr,0
124,13,2,0.238,3,0,0,0,0,0,4.23,en,0
138,7,2,0.096,0,0,0,0,0,0,4.21,en,0
180,9,7,0.339,2,2,7,0,1,0,4.23,en,1
80,13,0,0.028,1,0,0,0,0,0,4.18,en,0
150,16,0,0.113,2,0,0,0,0,0,4.04,en,0
24,14,2,0.069,1,0,0,0,0,0,3.8,en,0
63,20,1,0.225,0,0,0,0,0,0,5.71,en,0
85,39,7,0.224,2,2,0,6,1,0,5.89,en,1
191,33,6,0.478,4,0,2,2,1,1,5.44,fr,1
117,9,0,0.085,1,0,0,0,0,0,3.62,fr,0
49,18,2,0.115,1,0,0,0,0,0,4.51,en,0
5,21,1,0.003,1,0,0,1,0,0,4.51,en,0
96,12,3,0.116,0,0,0,0,0,0,2.44,fr,0
127,7,3,0.449,3,3,1,3,0,1,3.99,en,1
83,9,8,0.456,3,1,2,4,0,1,4.77,en,1
162,12,0,0.054,1,1,0,0,0,0,4.85,en,0
55,16,2,0.117,0,0,1,0,1,0,4.89,fr,0
136,20,3,0.046,0,0,0,0,0,0,4.46,en,0
114,26,0,0.075,0,0,0,0,1,0,4.21,fr,0
144,33,1,0.446,0,0,0,0,0,0,4.55,fr,0
136,23,9,0.301,1,1,1,5,1,0,6.25,en,1
140,38,1,0.049,1,0,0,0,0,0,4.34,en,0
234,24,6,0.436,1,2,3,1,1,1,6.28,fr,1
43,17,0,0.044,0,0,0,0,1,0,4.09,fr,0
16,30,0,0.052,0,0,0,0,0,0,4.62,fr,0
102,20,4,0.266,2,1,2,1,1,0,4.38,fr,1
68,10,1,0.132,0,0,0,0,0,0,4.96,en,0
72,13,1,0.157,2,0,0,0,0,1,5.16,en,0
82,40,8,0.253,5,4,5,0,1,1,3.42,en,1
121,19,1,0.147,0,0,0,0,0,0,5.11,en,0
85,32,1,0.185,2,1,0,1,0,0,6.2,en,0
87,1,1,0.109,1,0,0,0,0,0,3.97,en,0
96,20,3,0.085,1,0,1,0,0,0,4.61,fr,0
194,14,10,0.42,4,4,2,3,1,1,5.76,en,1
84,24,0,0.216,0,0,0,0,0,0,5.01,fr,0
91,2,0,0.321,0,0,0,1,1,0,3.36,en,0
69,17,1,0.005,0,0,0,0,0,0,5.24,fr,0
69,31,8,0.265,1,2,2,0,0,1,4.37,en,1
185,12,0,0.014,0,0,0,0,0,0,4.95,en,0
41,16,0,0.037,1,0,0,0,0,0,5.94,fr,0
110,36,3,0.081,1,0,0,0,0,0,4.1,en,0
108,32,9,0.578,2,1,1,1,1,0,6.2,en,1
71,15,1,0.04,0,1,0,0,0,0,4.78,fr,0
120,17,2,0.166,0,0,0,0,0,0,3.01,en,0
110,15,10,0.321,2,1,1,5,0,1,6.9,fr,1
90,18,1,0.166,1,0,0,0,0,0,5.23,fr,0
64,29,7,0.362,2,2,7,4,1,0,5.98,fr,1
45,6,5,0.251,1,3,0,3,1,1,6.4,fr,1
96,28,0,0.057,0,0,0,0,0,0,6.11,fr,0
113,14,0,0.022,2,0,0,0,0,0,4.31,fr,0
46,8,1,0.073,0,0,0,0,0,0,5.11,en,0
122,19,7,0.332,3,3,2,2,1,1,4.31,fr,1
114,15,1,0.092,1,0,0,0,0,0,3.91,fr,0
250,27,6,0.463,1,0,0,5,0,1,4.66,en,1
126,14,1,0.072,2,0,0,0,0,0,5.56,fr,0
67,30,2,0.442,5,1,1,3,1,0,4.4,en,1
107,18,0,0.043,1,0,0,0,0,0,4.85,fr,0
122,42,6,0.607,1,1,1,2,1,0,4.43,en,1
95,22,0,0.308,1,0,1,1,0,0,3.5,en,0
82,31,0,0.173,0,0,0,0,0,0,6.69,en,0
151,27,1,0.16,0,0,0,0,0,0,4.62,en,0
32,23,2,0.05,0,0,0,1,0,0,5.09,en,0
88,12,1,0.042,0,0,0,0,0,0,4.98,fr,0
97,20,5,0.138,1,0,0,0,0,0,4.3,fr,0
7,12,5,0.053,0,1,0,0,0,0,6.09,fr,0
106,19,10,0.441,0,0,2,1,1,0,5.21,en,1
76,23,7,0.404,2,0,4,1,1,1,5.29,en,1
121,17,7,0.408,3,0,7,2,1,1,6.62,fr,1
5,12,2,0.442,0,0,0,0,0,0,4.36,fr,0
158,22,5,0.283,2,3,2,1,1,1,5.6,fr,1
185,14,1,0.122,0,0,0,0,1,0,4.68,fr,0
126,21,0,0.099,1,0,0,0,0,0,4.14,en,0
12,9,0,0.019,1,0,0,0,0,1,4.22,en,0
119,6,6,0.645,2,5,3,0,0,1,5.55,en,1
112,26,9,0.37,1,1,0,1,1,1,4.98,fr,1
152,30,5,0.362,4,1,2,2,1,0,6.54,en,1
94,31,1,0.089,0,0,0,0,0,0,4.68,fr,0
104,11,5,0.402,2,2,4,1,0,1,5.56,fr,1
111,19,0,0.139,1,0,0,0,0,0,4.82,fr,0
124,31,8,0.239,1,0,1,2,1,0,4.7,fr,1
174,35,7,0.492,2,0,3,3,0,1,5.85,en,1
136,26,6,0.368,2,1,1,5,0,1,4.55,fr,1
169,15,2,0.344,0,0,3,5,1,1,6.29,en,1
114,13,2,0.054,0,0,0,0,0,0,4.69,fr,0
96,2,1,0.08,0,0,0,0,0,0,4.05,en,0
84,21,2,0.165,0,0,0,1,0,0,5.83,en,0
86,20,1,0.063,0,0,0,0,0,0,5.73,en,0
106,11,2,0.104,0,0,0,0,0,0,5.59,en,0
124,33,7,0.374,2,3,6,3,1,1,7.6,en,1
81,20,0,0.043,1,0,0,0,0,1,5.61,en,0
178,17,0,0.005,1,0,0,0,0,0,4.89,en,0
49,20,3,0.135,0,0,0,0,0,0,4.79,fr,0
142,10,1,0.315,0,0,0,0,0,0,5.4,fr,0
84,7,3,0.284,2,0,0,0,0,0,4.95,en,0
150,36,15,0.473,1,3,1,0,1,1,5.02,en,1
32,19,0,0.075,1,0,1,0,0,0,3.06,en,0
194,39,4,0.268,10,3,3,1,1,1,4.73,fr,1
160,25,0,0.081,0,0,0,0,1,0,5.13,fr,0
63,28,1,0.156,1,0,0,0,0,0,4.4,fr,0
82,13,0,0.101,0,0,0,0,0,0,4.67,en,0
98,14,2,0.113,0,0,0,0,0,0,3.62,en,0
127,14,0,0.025,0,0,1,0,0,0,3.69,fr,0
109,35,2,0.009,0,0,0,0,0,0,3.01,fr,0
21,21,1,0.095,0,0,0,0,0,0,3.2,en,0
42,9,2,0.018,0,0,0,0,0,0,3.87,en,0
65,23,0,0.14,0,0,0,0,0,0,2.95,fr,0
107,11,0,0.011,0,0,0,0,0,0,5.78,en,0
168,24,8,0.494,0,2,0,2,0,0,4.98,fr,1
52,5,2,0.134,0,0,0,0,1,0,3.36,en,0
124,37,7,0.444,3,1,3,3,1,0,6.13,fr,1
99,21,2,0.252,2,2,0,2,1,0,4.45,fr,1
83,19,0,0.031,0,0,0,0,1,0,4.36,fr,0
156,1,1,0.094,0,0,0,0,0,0,4.47,fr,0
43,10,0,0.054,0,0,0,1,0,0,5.27,en,0
186,29,3,0.36,0,3,1,3,1,0,5.46,fr,1
126,3,3,0.039,1,0,0,0,0,0,5.48,fr,0
5,6,2,0.026,0,0,0,0,1,0,4.57,en,0
113,23,1,0.03,1,0,0,0,0,0,4.66,fr,0
81,17,1,0.396,1,0,0,0,0,0,3.51,fr,0
58,18,3,0.515,0,0,0,0,0,0,4.52,fr,0
138,15,0,0.095,0,0,1,0,0,0,3.3,fr,0
113,24,3,0.641,0,2,1,3,1,0,4.81,fr,1
157,27,9,0.204,2,4,3,2,1,1,3.01,fr,1
38,21,1,0.129,0,0,0,0,0,0,3.26,en,0
65,19,1,0.064,1,0,0,0,0,1,5.9,fr,0
118,19,0,0.097,0,0,1,1,0,0,4.23,en,0
5,3,0,0.096,0,0,0,0,0,0,3.54,fr,0
51,35,1,0.124,0,0,0,0,0,0,4.17,fr,0
88,15,9,0.298,2,1,2,7,0,0,5.5,en,1
20,23,6,0.219,1,0,0,4,1,0,4.92,en,1
172,10,1,0.193,0,0,0,0,1,0,4.4,fr,0
163,31,6,0.414,4,1,0,3,0,0,4.79,en,1
109,12,0,0.024,0,0,0,0,0,0,4.49,fr,0
83,20,7,0.256,2,1,3,1,1,1,5.06,en,1
84,27,3,0.014,0,0,0,0,0,0,3.78,fr,0
27,21,0,0.008,0,0,0,0,1,0,3.98,fr,0
145,12,1,0.043,0,0,0,0,0,0,4.65,fr,0
96,23,1,0.158,0,0,0,0,0,1,5.73,fr,0
29,26,0,0.018,0,0,0,0,0,0,4.89,en,0
177,19,6,0.601,3,5,3,2,1,1,5.0,en,1
61,24,0,0.011,0,0,0,0,0,0,5.85,fr,0
138,19,1,0.196,0,0,0,0,0,0,3.79,en,0
116,15,1,0.133,0,0,0,0,0,0,3.64,fr,0
196,39,6,0.477,3,0,1,4,1,0,4.26,fr,1
5,8,0,0.055,0,0,0,0,0,1,5.17,fr,0
109,20,1,0.105,1,0,0,0,0,0,4.5,fr,0
160,27,4,0.569,3,0,2,4,1,1,5.55,fr,1
199,26,3,0.416,2,0,4,1,1,1,5.47,en,1
150,24,10,0.469,2,2,0,1,0,1,4.77,fr,1
131,21,5,0.419,2,0,3,2,1,0,6.37,fr,1
66,35,0,0.203,0,0,0,0,1,0,4.85,fr,0
166,5,2,0.167,1,0,0,0,0,0,5.28,fr,0
111,9,1,0.175,0,0,0,1,1,0,2.81,fr,0
43,19,0,0.053,1,0,0,0,0,0,4.39,en,0
80,23,1,0.317,0,0,0,0,0,0,5.65,fr,0
70,23,2,0.115,0,0,1,0,0,0,4.32,fr,0
9,19,0,0.084,1,0,0,2,1,0,3.98,fr,0
37,11,0,0.13,0,0,0,1,0,0,4.8,en,0
152,20,1,0.077,0,0,0,0,0,1,4.93,fr,0
40,18,2,0.236,1,0,1,1,0,0,4.66,en,0
205,6,1,0.082,0,0,1,0,0,0,4.61,en,0
95,17,1,0.111,0,0,0,0,0,0,5.87,en,0
121,12,2,0.169,0,0,0,0,0,0,3.73,fr,0
81,13,2,0.127,0,0,0,0,0,0,3.97,fr,0
61,20,0,0.041,2,0,0,1,0,0,4.99,fr,0
35,24,1,0.063,2,0,0,0,0,0,3.48,fr,0
90,10,5,0.274,0,0,1,0,1,0,5.89,fr,0
89,16,0,0.085,0,0,1,0,0,1,5.43,en,0
118,32,4,0.056,1,0,0,0,0,0,3.16,fr,0
102,32,0,0.113,2,0,0,0,0,0,5.61,fr,0
67,23,1,0.016,1,0,0,0,0,0,3.81,fr,0
5,30,1,0.182,0,0,0,0,0,0,4.89,fr,0
82,31,5,0.699,5,3,1,2,1,1,5.56,en,1
66,19,0,0.077,0,0,0,1,0,0,5.5,fr,0
131,30,4,0.381,2,2,2,1,1,0,4.29,en,1
154,4,1,0.071,0,0,0,0,0,0,3.53,fr,0
105,30,0,0.027,1,0,0,0,1,0,3.7,en,0
97,16,1,0.289,0,0,0,0,0,0,5.0,fr,0
100,9,2,0.174,0,0,0,0,0,0,4.68,fr,0
145,26,0,0.03,0,0,0,1,0,0,5.98,fr,0
119,17,2,0.125,0,0,0,0,0,0,5.46,en,0
53,14,1,0.178,0,0,0,0,0,0,4.13,fr,0
5,26,2,0.01,1,0,0,0,0,0,5.06,en,0
149,11,5,0.337,2,1,4,2,1,1,4.92,fr,1
142,10,0,0.199,0,0,0,0,1,0,4.26,fr,0
117,19,8,0.414,1,2,1,3,1,0,6.29,en,1
75,8,1,0.072,1,0,0,2,0,0,5.58,fr,0
5,10,1,0.033,0,0,0,0,1,0,4.94,fr,0
95,21,2,0.051,1,0,0,1,0,0,4.7,en,0
74,25,0,0.06,0,0,0,1,0,1,5.22,fr,0
195,23,3,0.421,4,6,1,4,1,0,4.5,en,1
194,9,0,0.065,0,0,0,0,0,0,4.53,fr,0
42,23,2,0.008,0,0,0,0,0,0,4.74,en,0
157,21,6,0.499,1,2,1,1,0,0,4.12,en,1
149,30,5,0.408,1,0,1,3,0,0,6.66,en,1
163,25,6,0.425,0,0,5,3,1,0,4.46,fr,1
144,13,1,0.027,0,1,0,1,0,1,4.13,fr,0
182,2,1,0.083,0,0,1,0,0,0,4.75,en,0
187,23,7,0.572,1,0,1,2,1,1,4.59,fr,1
112,27,0,0.098,0,0,0,0,0,0,4.16,fr,0
126,3,0,0.097,0,0,1,1,0,1,4.26,en,0
153,4,4,0.189,0,3,0,0,0,0,4.26,en,0
76,16,1,0.21,1,0,0,0,0,0,5.18,fr,0
46,9,1,0.066,0,0,0,0,1,0,4.58,en,0
91,9,1,0.002,1,0,0,0,0,0,5.19,fr,0
95,16,2,0.042,0,0,0,0,1,0,4.96,fr,0
109,24,0,0.116,0,0,0,0,0,0,3.15,en,0
105,32,3,0.313,2,1,4,0,1,1,4.68,fr,1
135,11,0,0.025,0,0,1,0,0,0,4.71,fr,0
102,1,1,0.07,0,0,0,0,0,1,4.83,en,0
117,20,0,0.22,0,0,0,0,0,0,4.39,fr,0
167,10,8,0.341,2,0,1,4,0,1,4.09,fr,1
66,26,0,0.091,0,0,0,0,0,0,4.34,fr,0
73,9,10,0.572,4,3,1,4,0,1,4.14,en,1
157,15,0,0.127,0,0,0,0,0,0,4.95,fr,0
75,20,0,0.014,1,0,0,0,0,0,5.06,en,0
108,23,5,0.47,1,4,2,1,1,0,7.02,en,1
72,15,2,0.025,0,0,0,0,0,0,5.22,fr,0
46,8,1,0.055,0,0,0,0,0,0,3.65,fr,0
49,26,2,0.101,0,1,0,0,0,0,4.99,fr,0
153,23,2,0.089,1,0,0,0,0,0,5.0,fr,0
14,28,2,0.183,0,0,0,0,0,0,4.0,en,0
104,14,1,0.068,0,0,0,0,0,0,5.5,en,0
82,14,0,0.173,0,0,0,0,0,0,4.11,en,0
42,32,2,0.17,0,0,0,0,1,0,5.03,fr,0
134,30,0,0.045,1,1,1,0,1,0,4.8,fr,0
97,31,6,0.393,1,3,2,1,1,0,5.02,fr,1
136,21,10,0.561,1,5,2,3,0,0,6.02,fr,1
204,15,10,0.52,2,2,5,4,1,0,6.17,en,1
43,18,0,0.134,1,0,0,0,0,1,4.79,en,0
42,10,1,0.09,0,0,0,0,0,0,4.56,fr,0
108,19,0,0.147,2,0,0,1,0,0,5.7,en,0
74,11,2,0.121,1,0,0,0,0,0,3.99,fr,0
64,17,1,0.047,1,0,0,0,0,0,4.68,fr,0
55,9,1,0.034,1,0,0,0,0,0,3.88,fr,0
37,30,0,0.018,0,1,0,0,0,0,4.28,fr,0
36,10,0,0.022,0,0,0,0,0,0,4.52,en,0
108,30,2,0.231,1,4,2,2,1,0,4.81,en,1
41,21,1,0.046,0,0,0,0,0,0,4.37,en,0
131,11,0,0.228,1,1,0,0,0,0,5.12,fr,0
110,27,7,0.276,6,1,2,5,1,0,6.31,en,1
127,25,2,0.066,0,0,0,0,0,0,6.13,fr,0
98,10,2,0.258,1,0,0,0,0,0,4.83,fr,0
129,25,9,0.642,1,1,6,2,0,0,4.75,en,1
71,17,0,0.023,0,0,0,0,0,0,3.85,en,0
133,20,9,0.453,1,0,2,3,1,0,3.01,fr,1
158,18,1,0.036,0,0,0,0,0,1,5.09,fr,0
86,17,0,0.244,0,0,0,0,0,0,5.16,fr,0
69,12,0,0.075,0,0,0,0,0,0,6.25,en,0
131,25,1,0.085,0,0,0,0,0,0,5.13,en,0
120,11,1,0.011,0,0,0,0,1,0,4.25,en,0
85,6,1,0.085,1,0,0,0,0,0,4.03,en,0
46,21,1,0.151,1,0,0,0,0,0,4.64,fr,0
184,28,10,0.368,1,1,2,2,1,1,4.81,fr,1
128,15,0,0.042,0,0,0,0,0,0,3.64,en,0
144,6,2,0.037,0,0,1,0,0,0,4.32,fr,0
172,17,6,0.417,2,0,0,1,0,1,5.23,fr,1
112,22,0,0.118,0,0,0,0,0,0,4.81,fr,0
141,6,7,0.159,5,0,3,0,1,1,5.88,en,1
123,13,4,0.533,6,2,2,5,0,0,6.84,fr,1
86,27,7,0.178,1,5,2,2,0,1,6.21,en,1
53,16,1,0.06,0,0,0,0,1,0,5.28,fr,0
184,3,7,0.586,2,3,4,3,1,1,6.1,en,1
63,22,1,0.021,0,0,0,0,0,0,5.34,en,0
105,5,0,0.081,0,0,0,0,0,0,4.61,fr,0
129,12,1,0.058,2,0,0,0,0,0,5.01,fr,0
128,29,2,0.039,1,0,0,0,0,0,4.49,fr,0
61,14,1,0.196,0,0,0,0,0,0,4.04,fr,0
35,19,1,0.171,0,0,0,0,0,0,5.02,fr,0
133,25,9,0.409,3,0,4,1,1,1,4.94,en,1
66,30,11,0.548,1,3,3,0,1,1,5.97,fr,1
70,10,0,0.164,0,0,0,0,0,0,4.63,en,0
77,26,0,0.111,1,1,0,1,0,0,3.05,en,0
122,16,4,0.244,2,0,1,5,1,1,2.61,fr,1
166,33,9,0.417,2,2,2,2,0,0,5.38,fr,1
103,22,0,0.057,0,0,0,0,0,0,3.73,fr,0
111,19,0,0.147,0,0,0,0,0,0,6.24,en,0
151,20,0,0.216,1,0,0,0,0,0,3.93,fr,0
21,7,0,0.076,0,0,0,0,0,0,3.88,en,0
48,13,3,0.09,0,0,0,0,0,0,5.42,fr,0
96,4,2,0.035,0,0,0,0,0,0,6.44,en,0
121,14,1,0.114,0,0,1,0,0,0,3.1,en,0
120,20,1,0.095,1,0,0,0,0,0,5.49,en,0
5,1,2,0.032,0,0,0,0,1,0,4.82,en,0
48,26,3,0.426,3,0,2,0,1,1,4.34,en,1
87,14,1,0.059,0,0,0,1,0,0,3.83,fr,0
77,19,2,0.051,1,0,0,0,0,0,6.25,en,0
207,16,6,0.201,3,0,3,2,1,1,5.69,fr,1
73,6,0,0.151,0,0,0,0,1,0,4.14,fr,0
85,22,5,0.321,4,1,3,3,1,1,5.62,en,1
198,10,9,0.395,1,1,1,2,1,1,4.57,en,1
48,16,1,0.026,3,1,0,0,0,0,5.18,fr,0
74,5,2,0.085,1,0,0,3,0,0,4.73,fr,0
43,27,1,0.232,0,0,0,0,0,0,4.51,fr,0
80,16,1,0.076,1,0,0,0,0,0,3.77,fr,0
87,25,7,0.28,5,1,2,4,1,1,4.7,fr,1
150,37,7,0.346,2,3,2,3,1,1,6.55,fr,1
149,23,2,0.075,0,0,0,0,0,0,3.56,fr,0
83,10,6,0.217,4,2,4,4,1,1,5.26,fr,1
79,18,0,0.032,1,0,0,0,0,0,4.81,en,0
5,23,2,0.08,1,0,2,0,0,0,5.58,fr,0
96,16,2,0.023,1,0,0,0,0,0,4.24,fr,0
104,28,6,0.411,3,2,1,2,0,0,6.43,en,1
48,6,2,0.258,0,0,1,0,0,0,3.43,en,0
124,13,0,0.054,0,0,0,1,0,0,2.38,fr,0
74,17,7,0.311,2,1,3,0,1,1,4.5,fr,1
113,13,7,0.304,5,3,2,2,1,1,4.94,en,1
143,25,12,0.301,2,3,2,5,1,0,5.04,fr,1
93,37,9,0.444,2,1,0,3,1,1,5.4,en,1
114,36,1,0.104,0,0,0,0,1,0,5.2,en,0
112,26,3,0.056,0,0,0,0,0,0,3.87,fr,0
43,2,0,0.102,1,0,0,0,0,0,5.73,fr,0
53,18,0,0.252,0,0,0,0,0,0,5.99,en,0
116,18,4,0.265,2,4,1,5,1,0,4.87,en,1
109,23,11,0.198,0,2,2,2,1,1,4.9,fr,1
129,22,3,0.284,3,1,1,2,1,1,4.95,fr,1
183,32,4,0.482,4,4,3,3,1,0,6.02,fr,1
132,27,9,0.597,4,2,0,2,1,0,3.45,en,1
133,20,3,0.141,1,0,0,0,1,1,5.11,en,0
78,3,6,0.628,1,1,2,2,1,0,5.56,en,1
97,18,9,0.255,5,1,3,4,1,0,5.42,en,1
103,29,1,0.231,0,0,0,0,0,0,4.03,en,0
93,29,8,0.296,3,0,1,2,1,1,5.24,en,1
66,17,0,0.036,1,0,0,0,1,0,4.05,en,0
173,25,5,0.505,3,2,0,2,1,1,4.89,fr,1
17,23,2,0.308,1,0,0,0,0,0,5.95,fr,0
153,12,1,0.188,1,0,0,1,0,0,5.01,fr,0
5,21,1,0.047,2,0,0,0,0,0,5.17,fr,0
96,32,7,0.642,4,0,3,3,1,1,6.98,fr,1
129,42,3,0.281,1,1,3,4,0,1,6.21,fr,1
80,26,2,0.131,0,0,0,0,0,0,4.04,en,0
156,11,3,0.196,2,2,4,4,1,1,5.81,fr,1
153,13,2,0.073,0,0,0,0,0,0,4.15,fr,0
114,19,4,0.32,2,1,1,4,0,1,3.94,en,1
116,23,7,0.442,5,1,1,1,1,0,4.76,en,1
128,9,3,0.118,3,2,1,2,1,0,4.96,en,1
89,7,0,0.169,1,0,0,0,0,0,4.69,en,0
200,3,9,0.629,4,1,4,2,1,0,5.01,fr,1
101,28,11,0.177,5,2,5,3,1,0,4.32,en,1
106,11,0,0.034,0,0,0,0,1,0,6.67,en,0
62,20,1,0.058,1,0,0,0,0,0,2.92,fr,0
179,13,13,0.359,0,2,4,4,1,0,3.99,en,1
133,10,1,0.158,3,0,0,1,0,0,5.73,fr,0
157,18,4,0.494,3,1,2,2,0,0,5.64,en,1
102,22,2,0.196,1,4,3,2,1,1,5.66,en,1
95,30,1,0.035,0,0,0,0,0,0,2.4,fr,0
77,31,0,0.063,0,0,0,0,0,0,4.4,en,0
150,21,7,0.297,4,1,2,1,0,1,5.62,en,1
127,15,5,0.184,4,4,4,2,1,0,5.75,fr,1
97,4,3,0.123,1,0,0,0,0,1,2.57,en,0
108,12,10,0.393,8,2,0,1,1,1,4.32,en,1
216,27,11,0.595,3,2,3,0,1,0,2.39,en,1
123,28,4,0.744,2,1,0,1,1,1,4.25,fr,1
57,23,8,0.547,3,3,0,1,1,1,5.99,fr,1
163,21,3,0.319,2,1,2,1,1,1,5.42,en,1
130,12,1,0.147,2,0,0,0,0,0,5.03,en,0
168,23,5,0.154,5,3,0,4,1,1,4.33,fr,1
138,21,8,0.506,1,1,0,3,1,0,5.91,fr,1
173,28,6,0.405,2,3,0,1,1,0,6.02,en,1
153,28,4,0.529,1,2,2,3,0,0,5.23,fr,1
37,27,1,0.311,0,0,0,1,0,0,4.6,fr,0
128,7,3,0.147,1,0,0,0,0,0,4.84,fr,0
94,13,1,0.012,0,0,0,1,0,0,3.52,en,0
146,27,8,0.595,2,0,5,2,0,1,4.82,fr,1
157,6,0,0.031,1,0,0,0,1,0,4.71,en,0
118,26,8,0.427,3,0,1,2,1,1,5.59,en,1
125,28,6,0.522,1,0,1,1,1,1,4.01,en,1
116,17,1,0.088,0,0,0,0,0,0,4.75,en,0
19,30,2,0.184,1,0,1,0,0,0,5.15,fr,0
21,10,0,0.238,1,0,0,0,0,0,4.51,fr,0
95,15,1,0.203,1,0,1,0,0,0,4.66,en,0
87,12,2,0.096,0,0,0,0,1,0,3.42,fr,0
79,10,2,0.091,1,0,0,0,0,0,3.86,fr,0
108,16,0,0.173,0,0,0,0,0,0,5.96,fr,0
5,20,2,0.062,0,0,0,1,0,0,5.49,fr,0
103,24,4,0.366,3,0,2,1,1,1,5.68,fr,1
114,22,7,0.527,2,2,4,3,1,1,6.26,fr,1
117,1,1,0.246,0,0,1,1,0,0,5.23,fr,0
82,9,2,0.123,1,0,0,1,0,0,4.72,en,0
133,32,4,0.287,1,1,1,5,1,0,4.03,fr,1
102,11,3,0.516,4,0,0,1,1,1,4.41,en,1
67,23,9,0.6,4,2,3,2,0,1,4.98,fr,1
85,18,2,0.099,1,0,0,0,0,0,4.68,fr,0
83,22,1,0.101,1,0,2,0,0,0,5.48,fr,0
114,20,5,0.291,2,1,2,2,1,1,4.56,fr,1
36,19,0,0.109,0,0,0,0,0,0,3.88,en,0
74,9,0,0.094,0,0,0,0,0,0,4.99,en,0
98,14,6,0.242,3,1,3,3,1,1,3.21,fr,1
84,5,0,0.104,1,0,0,0,0,0,3.67,fr,0
38,20,0,0.063,0,0,0,0,0,0,5.05,en,0
62,4,0,0.088,0,0,0,0,0,0,3.45,fr,0
113,29,1,0.044,0,0,1,0,0,0,5.22,fr,0
144,8,1,0.154,1,1,0,0,0,0,3.75,en,0
97,17,0,0.03,0,0,0,0,0,0,5.97,en,0
92,15,1,0.12,0,0,0,0,0,0,6.99,fr,0
121,15,1,0.16,0,1,0,0,0,0,5.14,en,0
10,10,0,0.119,0,0,0,0,0,0,5.47,fr,0
140,26,7,0.713,4,1,1,1,1,1,4.85,en,1
115,43,3,0.182,3,2,1,1,1,1,5.39,fr,1
185,25,12,0.699,3,1,0,5,1,0,5.32,fr,1
98,3,1,0.136,1,0,0,0,0,0,4.02,fr,0
140,22,1,0.083,0,0,0,0,0,0,6.07,fr,0
210,29,6,0.218,1,2,5,1,1,1,6.37,en,1
54,25,0,0.049,0,0,0,1,0,0,4.93,fr,0
164,10,2,0.131,1,0,0,0,0,0,4.84,en,0
88,26,0,0.024,0,0,0,0,0,1,4.79,fr,0
46,4,0,0.209,0,0,1,0,0,0,5.39,fr,0
95,7,1,0.159,1,0,1,0,0,0,4.08,en,0
105,34,6,0.16,1,2,1,1,1,0,5.17,en,1
109,23,1,0.133,0,0,0,0,0,0,5.87,fr,0
143,15,8,0.518,0,2,2,3,1,0,5.15,en,1
80,17,1,0.13,1,0,1,0,0,0,5.02,fr,0
126,30,3,0.07,2,0,0,0,0,1,6.15,en,0
42,28,2,0.162,0,0,0,1,0,0,4.25,fr,0
92,29,0,0.209,1,0,0,0,0,0,4.22,en,0
89,5,0,0.141,1,0,0,0,0,0,4.25,fr,0
87,3,0,0.242,0,0,0,0,0,0,4.44,en,0
106,36,7,0.615,2,5,1,1,1,1,5.76,fr,1
8,21,1,0.045,1,0,0,0,0,0,3.68,fr,0
99,7,1,0.077,0,0,0,0,0,0,2.17,fr,0
136,3,4,0.0,0,0,0,0,0,0,4.96,en,0
75,19,7,0.429,5,1,3,2,1,0,4.57,fr,1
160,25,3,0.395,4,2,6,1,1,0,4.22,fr,1
137,25,7,0.379,5,3,2,2,1,1,4.62,fr,1
61,31,2,0.026,0,0,0,0,0,0,4.6,fr,0
136,17,5,0.463,3,3,1,2,1,0,5.14,en,1
93,5,2,0.285,2,0,0,0,0,0,6.41,en,0
75,11,1,0.041,0,0,0,0,0,0,5.23,en,0
45,23,2,0.074,1,1,0,0,0,0,4.75,fr,0
45,20,0,0.212,0,0,0,0,0,0,4.03,fr,0
34,11,3,0.179,0,0,0,0,0,0,3.85,en,0
185,13,2,0.13,1,0,0,0,0,0,4.34,fr,0
73,25,1,0.088,1,0,0,0,0,0,5.29,fr,0
183,9,7,0.613,7,1,6,2,0,1,4.1,fr,1
146,13,4,0.315,1,1,2,1,1,0,4.82,en,1
167,23,1,0.14,0,0,0,0,0,0,3.96,en,0
153,13,3,0.134,0,0,0,0,0,0,4.4,fr,0
41,11,3,0.038,0,0,0,0,0,0,4.93,fr,0
125,16,1,0.149,0,0,1,0,0,0,4.79,fr,0
53,23,1,0.09,2,0,0,0,0,0,3.77,fr,0
170,18,4,0.306,2,1,2,0,0,1,4.91,en,1
47,18,0,0.071,0,0,0,0,0,0,3.86,en,0
168,22,5,0.49,1,2,1,2,1,0,4.38,fr,1
24,17,1,0.123,0,0,0,0,0,0,2.97,en,0
148,32,5,0.298,2,1,4,2,1,0,4.4,en,1
188,26,6,0.409,0,6,1,0,1,1,4.36,en,1
189,19,11,0.485,2,0,1,0,0,0,5.74,en,1
124,17,0,0.221,0,0,0,0,0,0,3.62,fr,0
154,3,6,0.211,5,1,1,0,1,0,5.43,fr,1
136,11,0,0.017,1,0,0,1,0,0,4.54,fr,0
115,12,1,0.249,2,0,0,0,0,0,3.78,en,0
79,29,2,0.074,0,0,0,0,0,0,5.72,fr,0
189,7,0,0.148,0,0,0,0,0,0,6.5,en,0
102,12,0,0.041,0,0,0,0,0,0,4.34,fr,0
131,9,0,0.072,0,0,1,0,0,0,4.25,fr,0
5,13,1,0.021,0,0,1,0,0,0,5.1,en,0
58,29,2,0.156,0,0,0,0,0,0,4.75,en,0
89,22,1,0.101,0,0,0,0,0,0,4.61,en,0
110,20,4,0.017,0,0,0,0,0,0,5.1,en,0
85,6,3,0.094,0,0,0,0,0,0,3.37,fr,0
159,30,3,0.317,1,1,3,1,0,0,4.17,en,1
120,27,9,0.634,5,1,2,3,1,1,5.45,en,1
79,11,3,0.065,1,0,0,0,0,0,5.91,fr,0
112,11,0,0.045,3,0,0,0,0,0,4.67,en,0
64,6,1,0.094,0,0,0,0,0,0,5.36,en,0
158,3,8,0.382,3,1,3,2,1,0,5.39,fr,1
172,18,0,0.13,0,0,0,0,0,1,4.14,fr,0
130,19,1,0.067,1,0,0,1,0,0,3.77,fr,0
80,20,0,0.039,0,0,0,0,0,0,4.88,en,0
157,22,2,0.079,1,0,0,1,0,0,4.11,fr,0
166,24,0,0.299,3,0,4,1,1,0,5.23,fr,1
58,12,0,0.043,1,0,0,0,0,0,4.7,fr,0
42,12,1,0.043,0,0,0,0,0,1,5.04,fr,0
176,18,2,0.045,1,0,0,0,0,0,4.42,en,0
75,15,0,0.043,0,1,0,0,1,0,4.81,fr,0
147,20,1,0.077,0,0,0,0,0,0,4.26,fr,0
47,10,3,0.2,0,0,1,0,0,0,4.7,fr,0
144,22,3,0.353,2,0,1,3,1,1,3.89,en,1
36,1,2,0.004,1,0,0,0,0,0,3.8,fr,0
28,19,1,0.075,0,0,0,0,0,0,4.3,fr,0
58,11,1,0.102,0,0,0,0,0,0,4.67,fr,0
31,18,3,0.069,1,0,0,1,0,0,4.38,fr,0
80,14,1,0.034,0,0,0,0,0,0,4.62,fr,0
86,11,1,0.068,0,0,0,0,0,0,4.71,fr,0
5,1,2,0.084,0,0,0,0,0,0,5.28,fr,0
189,18,2,0.163,0,0,0,0,0,0,3.79,en,0
25,19,2,0.09,2,0,1,0,0,0,4.68,fr,0
92,14,1,0.103,0,0,1,0,0,0,5.23,fr,0
130,26,5,0.67,3,1,1,2,1,1,3.88,fr,1
121,12,6,0.563,4,0,1,1,0,1,5.56,fr,1
126,29,5,0.524,1,2,0,1,0,1,3.55,fr,1
111,24,0,0.023,1,0,0,2,0,0,5.35,fr,0
138,33,2,0.052,0,0,0,0,0,0,4.54,en,0
168,38,10,0.222,3,0,2,2,1,1,6.42,fr,1
122,44,9,0.345,5,1,1,1,1,1,6.04,en,1
149,20,2,0.255,0,0,0,1,0,0,5.12,en,0
55,22,1,0.05,1,0,0,0,0,0,4.88,en,0
107,38,3,0.102,0,0,0,1,0,0,5.34,fr,0
92,23,0,0.064,1,0,0,0,0,0,4.05,en,0
45,31,2,0.02,0,0,0,1,0,0,4.78,en,0
90,18,1,0.113,0,0,0,1,0,0,3.87,en,0
133,15,1,0.083,0,0,0,0,0,0,6.14,fr,0
62,19,0,0.149,1,0,0,0,1,0,4.63,fr,0
109,16,0,0.093,0,0,0,0,1,0,5.04,en,0
114,5,1,0.044,0,0,0,0,0,1,4.56,en,0
96,20,0,0.211,1,0,1,0,0,0,4.63,fr,0
67,16,1,0.162,0,0,0,0,0,0,5.22,fr,0
115,20,5,0.658,1,1,2,4,1,0,3.5,fr,1
5,10,1,0.111,0,0,0,0,0,0,3.92,fr,0
196,21,7,0.705,2,0,1,2,1,1,4.65,en,1
90,15,8,0.538,2,2,1,3,1,0,4.51,en,1
59,13,0,0.037,1,1,0,1,0,0,4.98,en,0
140,28,5,0.213,0,1,2,1,0,1,6.7,fr,1
122,12,0,0.052,0,0,0,0,0,0,3.5,en,0
130,40,7,0.344,3,2,3,2,0,1,6.11,en,1
113,19,1,0.02,0,0,0,0,0,0,4.29,en,0
50,18,2,0.122,0,0,0,0,0,0,4.94,en,0
51,22,1,0.102,0,0,0,0,0,0,4.38,fr,0
197,16,1,0.024,0,0,1,0,0,0,4.26,en,0
89,1,0,0.23,0,0,0,0,0,0,4.99,fr,0
91,11,0,0.091,0,0,0,0,0,0,5.16,fr,0
92,10,0,0.132,1,1,0,0,1,0,4.36,fr,0
109,8,1,0.106,1,0,0,1,0,0,5.76,fr,0
98,6,2,0.112,0,0,0,0,0,0,4.29,en,0
127,20,4,0.467,2,1,1,3,1,1,3.73,en,1
159,22,9,0.747,1,3,4,2,1,1,4.17,en,1
183,27,10,0.381,3,2,3,2,1,1,3.49,fr,1
5,22,0,0.169,1,0,0,0,0,0,6.04,fr,0
133,23,4,0.632,2,2,0,1,1,0,6.23,en,1
61,11,0,0.014,0,0,1,0,1,0,6.34,en,0
157,40,10,0.372,1,2,0,0,1,1,5.41,fr,1
159,30,10,0.375,1,2,1,4,0,0,3.22,fr,1
68,30,2,0.154,0,0,0,0,0,0,4.66,en,0
158,13,8,0.446,0,1,0,4,1,1,4.26,en,1
11,21,1,0.12,0,0,0,0,0,0,3.63,en,0
164,1,0,0.099,0,0,0,0,1,0,2.53,fr,0
160,14,2,0.482,3,1,0,0,0,1,2.81,en,1
82,27,1,0.223,1,0,1,0,0,0,4.84,en,0
28,21,0,0.197,1,0,0,0,0,0,4.03,en,0
155,24,4,0.033,0,0,0,0,1,0,4.98,fr,0
57,7,1,0.219,0,0,0,1,0,0,4.27,fr,0
130,9,5,0.458,3,1,2,3,1,1,5.54,en,1
65,3,4,0.052,2,0,0,0,0,0,5.21,fr,0
108,11,1,0.095,0,0,0,0,0,0,5.2,en,0
121,9,0,0.035,0,0,0,0,0,0,4.94,fr,0
109,22,0,0.163,0,0,1,0,0,0,4.52,fr,0
98,26,3,0.135,0,0,0,0,0,0,3.96,en,0
94,8,1,0.206,0,0,0,0,0,0,4.81,fr,0
105,19,2,0.123,0,0,0,0,0,0,5.52,fr,0
89,18,6,0.281,6,4,3,5,0,1,4.21,en,1
20,19,1,0.013,0,0,0,0,0,0,4.12,fr,0
111,20,0,0.093,0,0,0,0,0,0,4.97,en,0
92,8,0,0.052,0,0,0,0,0,0,4.25,fr,0
91,14,2,0.105,0,0,1,0,0,0,4.99,fr,0
98,6,1,0.126,2,0,0,0,0,0,4.04,en,0
80,26,4,0.472,3,1,1,1,1,0,6.93,en,1
63,12,3,0.061,0,0,0,1,0,0,3.37,fr,0
56,14,2,0.158,1,0,0,1,0,0,5.33,fr,0
191,15,2,0.105,1,0,0,1,0,1,4.12,en,0
172,19,11,0.322,1,1,1,1,1,0,5.36,en,1
165,20,10,0.466,2,1,1,3,1,0,4.72,en,1
112,3,1,0.169,1,0,1,0,0,0,4.14,en,0
165,17,4,0.614,6,2,2,4,1,0,6.19,fr,1
139,31,1,0.11,2,0,1,0,0,0,5.44,fr,0
84,17,0,0.143,1,0,0,1,0,1,5.05,fr,0
90,25,8,0.221,1,2,0,0,0,0,3.72,fr,1
102,23,1,0.039,0,0,0,0,0,0,3.94,en,0
128,12,1,0.018,0,0,0,0,0,0,4.94,fr,0
140,30,6,0.168,4,1,0,4,0,0,4.31,en,1
160,36,6,0.284,4,1,0,2,1,1,6.53,en,1
63,24,2,0.036,0,0,0,0,0,0,5.17,fr,0
68,13,0,0.177,0,0,0,0,1,0,3.4,fr,0
93,26,0,0.036,0,0,0,0,0,0,4.45,fr,0
97,28,3,0.133,1,0,0,0,0,0,5.21,en,0
120,9,1,0.127,0,0,0,0,0,0,4.57,fr,0
187,7,4,0.376,4,3,2,2,1,1,5.65,en,1
134,18,7,0.311,1,3,2,3,1,0,5.01,en,1
137,10,3,0.204,0,0,1,0,0,0,4.04,en,0
75,22,0,0.091,0,0,0,0,0,0,6.04,fr,0
168,30,2,0.149,0,0,0,0,0,0,3.91,en,0
94,19,4,0.151,6,2,4,1,1,1,4.41,fr,1
125,20,5,0.238,1,0,0,0,0,0,5.39,en,0
11,16,2,0.187,0,1,0,0,1,0,5.01,en,0
99,21,1,0.262,0,0,1,0,0,0,4.17,fr,0
130,19,0,0.016,0,0,0,0,0,0,4.83,en,0
186,11,11,0.485,1,3,2,5,1,0,4.21,fr,1
121,1,1,0.084,0,0,0,0,0,0,4.16,fr,0
131,13,10,0.439,2,1,1,0,1,0,5.0,fr,1
73,8,1,0.074,0,0,0,0,0,0,5.47,fr,0
131,16,3,0.134,2,0,0,0,1,0,5.14,fr,0
149,11,11,0.498,2,1,2,2,1,0,2.4,en,1
44,17,0,0.111,0,0,1,1,0,0,5.78,fr,0
137,22,1,0.084,1,0,0,1,0,1,5.37,fr,0
129,28,4,0.697,0,2,1,0,1,0,3.21,en,1
128,14,0,0.234,0,0,0,0,0,0,5.27,fr,0
59,25,0,0.09,1,0,0,0,0,0,5.93,fr,0
141,30,9,0.553,4,2,3,1,0,0,4.41,fr,1
168,25,7,0.205,3,3,1,2,1,1,5.84,fr,1
80,24,1,0.068,0,0,0,0,0,0,3.75,fr,0
165,28,1,0.084,0,0,0,0,0,0,4.49,en,0
15,16,2,0.106,0,0,0,0,0,0,5.17,fr,0
43,13,0,0.012,0,0,0,0,0,0,5.46,en,0
81,20,2,0.232,1,0,0,0,1,0,4.22,fr,0
65,38,9,0.357,0,1,3,2,1,0,4.33,en,1
74,12,1,0.341,1,0,0,0,0,1,4.28,fr,0
55,2,0,0.049,1,1,0,0,0,1,4.44,fr,0
109,11,1,0.103,1,0,0,0,0,0,4.24,fr,0
102,18,2,0.005,1,0,0,0,0,0,3.41,fr,0
35,11,1,0.08,3,0,0,0,0,0,6.18,en,0
158,18,7,0.485,4,0,3,3,0,0,4.96,en,1
180,25,6,0.514,4,3,3,1,1,1,6.7,fr,1
103,16,3,0.204,2,2,1,1,1,0,4.66,fr,1
37,10,3,0.094,2,0,0,0,0,0,4.69,en,0
137,33,9,0.515,2,6,2,3,1,1,3.91,fr,1
5,24,1,0.227,0,0,0,0,0,0,5.47,fr,0
146,33,7,0.442,4,0,1,0,1,0,7.19,en,1
133,24,0,0.152,0,0,0,0,1,0,4.73,fr,0
119,22,1,0.172,0,0,0,1,0,0,4.65,fr,0
104,27,2,0.267,1,0,0,0,0,0,4.73,en,0
56,24,2,0.372,1,0,0,0,0,0,3.83,fr,0
126,27,8,0.556,1,2,3,4,0,1,2.95,en,1
86,21,0,0.14,1,0,0,0,0,0,5.23,fr,0
90,5,3,0.048,0,0,0,1,0,0,4.27,fr,0
120,17,0,0.04,0,0,0,0,0,0,6.32,fr,0
72,23,1,0.145,0,0,0,0,0,1,4.89,fr,0
65,23,0,0.339,0,0,0,0,0,0,2.38,en,0
75,16,3,0.194,0,0,0,0,0,0,4.57,fr,0
186,13,0,0.017,0,0,0,0,0,0,3.72,fr,0
130,11,0,0.094,0,0,0,1,0,0,4.33,en,0
225,22,3,0.112,0,0,1,0,0,0,4.58,en,0
165,29,3,0.197,3,1,7,2,0,0,4.97,en,1
82,22,3,0.095,0,0,0,0,0,0,5.38,en,0
70,12,1,0.169,0,0,1,0,0,0,4.0,fr,0
159,20,3,0.54,4,3,1,2,1,0,5.9,fr,1
82,19,0,0.088,0,0,0,0,1,0,4.39,en,0
170,23,6,0.447,5,2,2,3,1,1,5.11,en,1
93,19,3,0.107,0,0,0,0,0,0,5.26,en,0
69,23,0,0.015,0,0,0,0,0,0,4.56,en,0
134,18,0,0.294,0,0,0,0,0,0,5.12,fr,0
152,13,0,0.328,0,0,0,0,0,0,4.61,fr,0
147,17,6,0.433,1,5,2,0,1,0,5.77,fr,1
73,12,1,0.054,0,0,0,0,1,0,3.8,en,0
19,22,0,0.078,1,0,2,0,0,0,3.61,fr,0
70,9,0,0.198,1,0,0,0,0,0,3.98,fr,0
137,4,0,0.023,0,0,0,0,0,0,3.6,fr,0
164,23,8,0.535,1,3,1,0,0,1,6.14,fr,1
123,22,2,0.134,0,0,0,0,0,0,5.23,fr,0
117,25,7,0.143,5,3,1,1,1,1,5.72,en,1
74,9,1,0.036,0,0,0,0,1,0,4.48,en,0
48,13,0,0.052,0,0,0,0,0,0,5.7,fr,0
77,14,2,0.147,0,0,0,0,1,0,5.12,en,0
168,10,2,0.036,0,0,0,1,0,1,4.3,en,0
91,25,0,0.037,1,0,1,0,0,0,4.7,en,0
84,26,6,0.314,2,1,1,1,1,1,5.48,en,1
127,31,4,0.353,3,1,2,2,1,0,6.0,fr,1
79,17,0,0.07,0,0,0,0,0,0,4.13,en,0
149,15,4,0.276,4,1,2,2,1,1,6.07,fr,1
137,14,3,0.149,1,0,0,0,0,0,6.06,fr,0
157,14,0,0.085,1,0,0,1,0,0,4.9,fr,0
67,21,0,0.114,0,0,0,0,0,0,4.38,en,0
83,18,0,0.078,0,0,0,1,1,0,3.83,en,0
79,10,1,0.014,1,0,0,0,0,0,4.17,fr,0
145,11,0,0.09,0,0,0,0,0,0,4.09,fr,0
143,19,1,0.184,0,0,0,0,1,0,4.62,fr,0
5,4,0,0.053,1,0,0,0,0,0,5.22,en,0
131,7,1,0.08,1,0,1,0,0,0,5.43,fr,0
95,27,1,0.049,0,0,0,0,0,0,5.27,en,0
123,18,5,0.125,0,0,0,0,0,0,5.57,fr,0
73,22,4,0.448,3,2,4,3,1,1,4.61,en,1
57,13,2,0.057,1,0,0,0,0,0,5.76,fr,0
15,10,0,0.167,1,0,1,0,0,0,5.26,en,0
93,22,0,0.106,0,0,0,0,0,0,4.02,en,0
116,24,1,0.014,0,0,0,0,1,0,3.55,en,0
108,18,0,0.203,1,0,0,0,0,0,5.92,fr,0
133,25,1,0.032,1,0,0,0,0,0,5.05,en,0
120,29,2,0.023,2,0,0,0,0,0,4.82,en,0
229,12,4,0.415,1,1,4,1,1,1,4.58,fr,1
78,14,2,0.058,0,0,1,0,0,0,3.11,fr,0
124,19,12,0.322,0,1,2,4,1,1,5.71,fr,1
143,12,10,0.828,1,1,3,5,1,1,4.2,en,1
47,8,0,0.033,0,0,0,0,1,0,3.57,fr,0
193,20,6,0.446,0,2,0,4,0,0,4.75,en,1
96,31,0,0.124,0,0,0,0,0,0,3.5,en,0
239,14,8,0.521,3,1,2,1,1,1,4.74,en,1
181,19,3,0.264,0,0,0,0,0,0,6.56,en,0
123,1,0,0.009,0,0,2,0,0,0,4.35,fr,0
45,15,3,0.073,0,0,0,0,0,1,3.19,fr,0
150,15,1,0.061,0,0,1,1,0,0,5.11,fr,0
62,25,1,0.036,0,0,0,0,0,1,4.26,en,0
90,21,0,0.211,2,0,0,0,0,0,5.87,fr,0
64,17,2,0.039,0,0,0,0,1,0,3.39,fr,0
102,27,0,0.035,0,0,0,0,0,0,4.82,en,0
51,22,1,0.076,1,0,0,0,0,0,3.06,en,0
116,36,11,0.414,3,0,2,3,1,0,6.19,en,1
123,4,4,0.143,0,1,0,0,0,0,4.28,en,0
140,18,1,0.08,0,0,0,0,0,0,4.35,en,0
168,18,1,0.038,1,0,0,0,0,1,5.83,fr,0
151,24,8,0.24,1,0,1,0,1,1,5.38,en,1
175,23,1,0.019,0,0,0,0,0,0,5.22,en,0
118,17,5,0.57,1,1,2,1,1,1,6.47,en,1
90,14,1,0.172,0,0,0,0,0,0,4.85,fr,0
135,20,1,0.205,0,0,0,0,0,0,5.84,fr,0
86,10,3,0.1,1,0,1,0,0,0,4.08,fr,0
76,25,3,0.12,0,0,0,0,0,0,4.47,en,0
35,15,2,0.221,0,0,0,0,1,0,4.75,en,0
108,17,3,0.278,2,0,5,5,0,1,5.8,fr,1
88,25,0,0.209,2,1,0,0,0,0,3.83,fr,0
72,25,2,0.074,1,0,0,0,0,0,5.32,en,0
59,15,1,0.074,0,0,0,1,0,0,5.51,fr,0
115,21,1,0.071,0,0,0,1,0,0,4.71,fr,0
15,16,0,0.262,0,0,0,0,0,0,4.01,fr,0
50,16,1,0.074,0,0,0,0,0,0,5.22,en,0
183,16,10,0.14,3,1,4,1,1,1,5.93,en,1
55,13,2,0.033,0,0,0,0,0,0,4.49,fr,0
91,14,2,0.04,0,0,0,1,1,0,4.54,fr,0
106,4,6,0.455,2,1,2,3,0,1,5.81,fr,1
144,21,0,0.066,0,0,0,0,0,0,5.29,fr,0
126,2,3,0.151,2,0,0,0,0,0,5.04,fr,0
19,25,2,0.25,0,0,0,0,1,0,4.35,fr,0
106,17,0,0.013,0,0,0,0,0,0,4.0,en,0
130,4,6,0.358,3,2,1,1,0,0,5.75,en,1
132,30,6,0.496,4,0,4,2,1,0,7.21,en,1
83,20,15,0.737,2,2,2,1,1,0,7.19,fr,1
129,26,1,0.03,1,0,0,0,0,0,3.83,fr,0
131,14,6,0.524,3,2,1,3,0,1,4.14,en,1
63,18,2,0.086,0,0,0,0,0,0,3.83,fr,0
171,15,6,0.459,3,2,4,1,1,0,4.69,en,1
129,16,2,0.094,0,0,0,0,1,0,5.07,fr,0
57,19,2,0.092,0,0,0,2,0,0,4.55,fr,0
51,1,0,0.126,1,0,0,0,1,0,4.08,fr,0
157,6,2,0.054,0,0,0,0,0,0,3.99,fr,0
101,21,0,0.066,0,0,0,0,0,0,5.17,fr,0
193,17,1,0.063,1,0,0,0,0,0,4.86,fr,0
124,21,4,0.063,0,0,1,0,0,0,3.49,fr,0
190,28,1,0.275,0,0,0,0,0,0,5.95,fr,0
56,6,0,0.056,0,0,0,0,0,0,4.68,fr,0
164,15,1,0.119,2,0,0,1,0,0,4.4,en,0
60,9,1,0.132,0,1,0,0,1,0,5.89,fr,0
58,14,2,0.116,0,0,0,0,0,0,3.88,fr,0
102,11,1,0.04,0,0,0,0,0,0,3.4,fr,0
23,18,2,0.013,1,0,0,0,0,0,6.23,fr,0
128,28,6,0.416,3,2,0,3,1,0,5.07,fr,1
73,10,2,0.14,0,0,0,0,1,0,3.19,fr,0
69,25,1,0.177,0,1,0,0,0,1,4.04,fr,0
139,22,7,0.609,4,1,2,1,1,1,4.73,en,1
139,21,6,0.442,2,1,2,2,1,1,5.34,en,1
82,29,0,0.058,1,0,0,0,0,0,2.57,en,0
66,17,3,0.077,0,0,1,0,0,0,4.59,fr,0
106,6,1,0.051,0,0,0,0,0,0,4.08,en,0
5,9,1,0.138,0,0,0,0,0,0,5.34,fr,0
95,8,2,0.017,0,0,1,0,0,0,5.01,fr,0
145,3,1,0.104,0,0,0,1,0,0,4.42,fr,0
170,12,2,0.098,0,1,0,0,0,0,3.63,fr,0
173,27,1,0.207,0,0,0,0,1,0,5.88,en,0
113,30,3,0.107,0,0,0,0,0,0,4.5,fr,0
85,15,1,0.077,0,0,0,0,0,0,4.87,fr,0
143,3,1,0.04,0,0,0,0,0,0,3.68,fr,0
114,14,2,0.04,1,0,0,0,0,0,6.01,fr,0
101,14,1,0.046,0,0,0,0,0,0,3.58,fr,0
101,12,2,0.101,0,0,0,0,0,0,4.72,en,0
93,25,0,0.015,1,0,0,1,0,1,4.86,fr,0
80,10,2,0.086,1,0,0,0,0,1,3.8,fr,0
140,20,0,0.049,1,0,0,0,0,0,5.72,en,0
185,36,7,0.456,1,0,2,3,1,1,5.32,en,1
130,14,7,0.307,3,2,1,3,1,1,4.65,en,1
112,12,2,0.157,1,0,0,0,0,0,4.83,fr,0
161,21,4,0.421,2,3,0,1,0,0,5.79,fr,1
131,44,8,0.427,3,3,1,0,1,1,4.85,en,1
113,14,1,0.125,0,0,0,0,0,0,4.61,en,0
72,22,3,0.013,1,0,0,0,0,0,4.22,fr,0
94,29,5,0.326,2,2,2,4,1,1,5.09,en,1
137,29,2,0.222,3,0,2,4,0,1,5.48,en,1
61,19,3,0.107,2,0,0,0,0,1,3.68,fr,0
158,33,3,0.444,1,0,1,3,1,1,5.76,fr,1
126,28,3,0.114,2,0,0,1,1,0,4.11,fr,0
5,27,1,0.154,1,0,0,0,0,0,5.68,fr,0
23,29,2,0.096,1,0,0,0,0,0,4.82,fr,0
5,1,1,0.012,1,0,0,0,0,0,4.64,en,0
32,28,0,0.137,0,0,0,0,0,0,3.94,en,0
5,18,2,0.188,0,0,1,0,0,0,4.24,en,0
77,29,4,0.283,3,2,2,1,1,1,7.42,en,1
42,17,1,0.04,0,0,0,0,0,0,5.19,en,0
28,24,2,0.249,1,0,0,0,1,0,4.25,fr,0
101,20,1,0.026,0,0,1,0,1,0,4.6,en,0
77,17,1,0.135,0,0,0,0,0,0,4.57,fr,0
133,28,2,0.036,0,0,0,0,0,0,5.83,fr,0
142,27,5,0.326,3,4,5,1,1,1,4.97,en,1
90,22,2,0.094,1,0,0,0,0,0,5.0,fr,0
98,27,9,0.438,2,2,1,2,1,1,3.63,fr,1
65,32,1,0.2,0,0,0,0,0,0,6.02,fr,0
102,23,1,0.055,0,0,0,0,1,0,4.47,fr,0
13,26,2,0.044,0,0,0,0,0,0,4.45,fr,0
58,18,1,0.194,0,0,0,0,0,0,3.2,fr,0
79,6,2,0.176,0,0,0,0,0,0,3.86,en,0
136,27,1,0.031,0,0,0,0,0,0,3.58,fr,0
5,16,1,0.047,0,0,0,0,0,0,4.23,fr,0
156,18,11,0.491,4,1,2,3,0,0,5.36,en,1
52,25,0,0.031,0,0,0,0,0,0,5.53,fr,0
140,3,8,0.526,2,0,3,5,1,0,6.07,en,1
167,13,0,0.117,1,0,0,0,0,0,3.86,en,0
138,4,0,0.047,2,0,0,0,1,0,3.99,fr,0
5,24,1,0.065,0,0,1,0,0,0,5.59,en,0
85,7,2,0.033,0,0,0,0,0,0,4.38,fr,0
103,24,12,0.611,2,2,1,2,1,1,6.14,en,1
199,18,1,0.24,0,0,0,0,0,0,5.33,en,0
92,28,8,0.236,6,4,0,3,1,1,3.4,fr,1
102,11,2,0.014,0,0,0,0,0,0,4.71,fr,0
26,7,0,0.036,1,0,0,1,0,0,5.64,fr,0
132,26,7,0.223,2,1,1,0,1,1,6.36,fr,1
69,21,1,0.209,0,0,0,0,0,0,4.64,en,0
99,26,10,0.494,5,0,4,5,0,0,3.16,fr,1
155,23,5,0.688,2,0,3,4,1,0,5.65,en,1
154,23,2,0.05,1,0,0,0,0,0,3.18,en,0
95,16,1,0.101,0,0,0,0,0,0,4.81,fr,0
66,18,2,0.169,0,0,0,0,0,0,4.31,en,0
55,23,2,0.036,2,0,0,1,0,0,4.77,fr,0
140,27,2,0.191,0,0,0,0,0,0,6.46,en,0
76,8,0,0.051,2,0,0,0,0,0,4.58,fr,0
110,17,7,0.187,3,2,1,3,1,0,5.03,fr,1
13,18,0,0.133,0,0,0,0,0,0,2.77,fr,0
109,24,2,0.234,0,0,1,0,0,0,3.33,fr,0
140,37,7,0.458,6,5,2,0,1,0,6.94,en,1
49,17,0,0.223,2,0,0,0,0,0,5.08,en,0
151,7,1,0.125,0,0,0,0,0,0,4.71,fr,0
29,16,2,0.164,1,0,0,0,0,0,4.3,fr,0
116,16,6,0.846,2,1,4,1,0,0,3.37,fr,1
119,13,0,0.068,0,0,0,0,0,0,4.44,fr,0
41,8,0,0.105,0,0,0,0,0,1,4.34,fr,0
82,31,12,0.468,2,1,2,0,1,1,4.19,en,1
115,9,0,0.278,0,0,0,0,0,0,4.29,fr,0
97,25,1,0.063,0,0,0,0,0,0,5.01,fr,0
122,6,3,0.239,0,0,0,0,0,1,4.52,en,0
119,33,6,0.155,3,3,1,6,1,1,6.98,fr,1
145,28,5,0.455,5,2,2,3,0,1,7.3,fr,1
127,30,1,0.128,0,0,0,0,0,0,2.69,en,0
80,16,3,0.103,0,0,0,0,1,0,4.97,en,0
106,6,9,0.227,4,3,2,1,0,1,5.13,en,1
108,22,2,0.058,1,0,0,0,0,0,4.59,en,0
127,11,1,0.182,0,0,0,0,0,0,3.92,en,0
128,12,4,0.024,0,1,0,0,0,0,3.94,en,0
168,14,6,0.344,5,0,1,2,1,0,4.08,fr,1
61,17,2,0.001,0,0,0,0,0,0,3.08,en,0
67,21,1,0.249,0,0,0,0,0,0,5.06,fr,0
107,19,2,0.049,0,0,1,0,0,0,3.68,fr,0
112,3,0,0.06,1,0,0,0,0,0,4.38,fr,0
126,9,2,0.096,1,0,0,0,0,0,5.32,fr,0
120,12,4,0.445,1,1,0,0,1,0,4.57,en,1
134,23,0,0.272,1,0,0,0,1,0,4.6,fr,0
5,16,1,0.004,1,0,0,0,1,0,4.66,fr,0
133,30,9,0.235,4,7,2,1,1,0,5.36,fr,1
129,31,10,0.517,3,2,1,3,1,0,6.88,en,1
128,21,0,0.121,1,0,0,0,0,0,3.1,en,0
57,21,10,0.416,1,1,0,3,1,0,3.93,en,1
74,20,2,0.322,0,1,0,0,0,1,4.03,en,0
88,24,0,0.251,0,0,0,0,0,0,5.08,fr,0
77,8,0,0.175,0,0,0,0,0,0,3.5,fr,0
66,21,1,0.025,0,0,0,0,0,0,4.08,fr,0
121,20,6,0.541,5,0,1,3,0,1,4.75,en,1
55,15,2,0.029,1,0,0,0,0,0,3.36,en,0
145,19,0,0.247,1,0,0,0,0,0,4.86,en,0
115,20,7,0.335,4,2,2,0,1,1,4.56,en,1
140,34,5,0.298,3,2,1,2,1,1,7.47,fr,1
104,15,1,0.078,0,1,0,0,0,0,4.4,fr,0
45,17,3,0.076,0,0,0,1,0,0,5.89,fr,0
107,10,2,0.02,1,0,0,0,0,0,4.21,fr,0
66,26,0,0.049,1,0,0,0,0,0,6.34,fr,0
130,18,3,0.053,0,0,0,0,0,0,4.28,en,0
88,19,1,0.04,0,0,0,0,0,0,4.49,fr,0
80,10,1,0.137,0,0,0,0,0,0,5.96,en,0
166,16,7,0.391,1,1,1,3,1,1,6.59,en,1
121,12,0,0.034,2,0,0,0,0,0,5.6,fr,0
114,27,0,0.265,0,0,0,0,0,0,4.41,fr,0
130,22,0,0.108,1,0,0,0,0,0,4.7,en,0
66,16,2,0.182,1,0,0,0,0,0,3.7,fr,0
126,17,2,0.074,0,0,0,0,0,0,4.28,en,0
26,20,3,0.032,0,0,0,0,0,0,4.4,fr,0
171,16,1,0.16,0,0,0,0,1,0,4.8,fr,0
71,25,1,0.026,0,0,0,0,0,0,5.15,fr,0
169,43,7,0.247,1,0,0,0,0,0,4.64,en,1
38,12,9,0.107,3,1,1,0,0,1,6.58,en,1
89,17,1,0.213,0,0,0,0,0,0,4.93,fr,0
128,13,1,0.071,0,0,0,0,0,0,4.41,fr,0
119,14,3,0.687,0,2,0,3,1,1,5.29,fr,1
56,23,4,0.183,1,0,0,0,0,0,4.77,fr,0
108,33,16,0.432,3,2,5,3,0,0,5.55,en,1
137,8,1,0.154,1,0,0,0,0,0,3.85,en,0
100,16,2,0.043,0,0,0,0,0,0,3.52,fr,0
107,15,2,0.223,1,0,0,0,0,0,3.78,fr,0
102,8,0,0.011,1,0,0,0,0,0,3.45,fr,0
165,4,1,0.061,1,0,0,0,0,0,4.78,fr,0
50,19,1,0.183,1,0,0,0,0,0,5.44,en,0
76,14,0,0.011,1,0,0,0,0,0,3.01,fr,0
73,21,0,0.084,0,0,0,1,0,0,4.0,en,0
188,25,11,0.55,1,1,1,2,1,1,3.15,fr,1
81,14,2,0.015,0,0,0,0,0,0,7.18,fr,0
154,15,1,0.105,1,0,0,0,0,0,3.52,fr,0
91,19,1,0.059,2,1,0,0,0,0,3.15,fr,0
191,20,5,0.45,0,2,2,3,0,1,6.59,en,1
151,31,0,0.079,1,0,0,0,0,0,4.26,en,0
118,18,1,0.051,0,0,0,1,1,0,3.18,fr,0
63,23,6,0.194,3,4,1,2,1,1,6.94,en,1
108,26,2,0.256,3,0,1,0,1,0,4.88,en,0
5,10,1,0.011,0,0,0,0,1,0,5.18,fr,0
207,18,7,0.528,3,3,2,1,1,1,5.12,fr,1
160,34,5,0.312,2,4,1,3,0,0,4.42,en,1
140,20,4,0.045,1,0,0,0,0,0,3.96,en,0
198,13,12,0.421,4,1,1,3,1,0,4.01,fr,1
54,18,0,0.081,1,0,0,0,0,0,5.15,en,0
36,22,0,0.08,1,0,0,0,1,0,5.37,en,0
80,20,4,0.393,2,0,2,1,1,1,5.39,fr,1
99,19,0,0.009,0,0,0,0,0,0,4.05,en,0
109,18,0,0.066,0,0,0,0,0,0,5.45,en,0
121,15,9,0.39,3,3,3,3,0,0,3.82,en,1
172,26,10,0.465,1,1,1,6,1,0,5.02,fr,1
150,17,2,0.063,0,0,0,0,0,0,4.44,en,0
151,35,9,0.393,1,3,3,2,0,1,4.29,en,1
179,34,8,0.191,2,0,1,2,1,1,6.05,fr,1
97,14,2,0.049,0,0,1,0,0,0,3.37,en,0
121,37,2,0.085,0,0,0,0,0,0,5.09,en,0
88,20,1,0.06,2,0,0,0,0,0,4.24,fr,0
132,12,2,0.16,0,0,0,0,0,0,4.5,fr,0
115,27,1,0.171,0,0,0,1,0,0,4.01,fr,0
63,17,0,0.049,1,0,0,0,0,0,4.61,fr,0
134,25,5,0.266,0,0,4,2,0,1,3.55,fr,1
204,36,11,0.429,2,5,3,3,1,1,5.48,fr,1
101,20,0,0.112,1,0,0,0,0,0,5.17,en,0
101,27,7,0.32,4,0,1,2,1,0,5.09,fr,1
67,10,1,0.351,0,0,0,0,0,0,4.44,fr,0
92,6,0,0.167,1,0,0,0,0,0,2.32,fr,0
244,26,3,0.552,2,1,3,4,1,1,6.18,fr,1
99,14,0,0.153,0,0,0,0,0,0,4.91,fr,0
149,31,8,0.179,1,1,1,1,0,1,4.69,fr,1
98,17,1,0.256,0,0,1,0,0,0,4.84,en,0
76,24,12,0.484,0,2,3,2,0,0,5.35,fr,1
64,8,1,0.26,0,0,0,0,0,0,4.76,fr,0
147,17,1,0.057,0,1,0,0,0,1,4.67,fr,0
59,1,2,0.096,1,0,0,0,0,0,4.18,en,0
145,5,0,0.105,0,0,1,0,0,0,3.93,en,0
57,32,1,0.057,0,0,0,0,0,0,2.95,fr,0
191,24,7,0.253,3,1,2,3,1,1,6.96,en,1
120,13,6,0.591,2,0,3,6,1,1,3.08,en,1
127,26,1,0.077,0,0,0,0,0,0,4.93,fr,0
107,17,1,0.008,1,0,0,0,0,0,4.15,fr,0
82,9,1,0.077,1,0,0,0,0,0,4.84,en,0
97,31,6,0.463,5,3,2,4,0,0,5.05,fr,1
130,30,8,0.357,0,0,4,0,1,1,4.64,fr,1
113,29,2,0.009,0,0,0,0,0,0,4.3,fr,0
145,14,0,0.1,0,0,0,0,0,0,4.9,fr,0
145,20,1,0.147,0,0,0,0,0,0,5.72,fr,0
52,31,1,0.058,1,0,0,0,0,0,5.14,fr,0
130,22,3,0.04,0,0,0,0,0,0,5.12,en,0
29,18,2,0.071,0,0,0,0,1,0,3.16,fr,0
113,23,1,0.196,0,0,0,0,0,0,4.26,fr,0
31,10,4,0.074,1,0,0,0,0,0,3.71,fr,0
110,28,0,0.091,1,0,0,0,0,0,3.91,fr,0
127,9,2,0.112,1,0,0,0,0,0,5.13,en,0
181,30,7,0.498,2,0,0,1,1,1,4.27,en,1
144,19,9,0.605,4,3,5,4,1,0,6.21,fr,1
98,8,1,0.081,0,0,0,0,0,0,4.29,fr,0
179,24,0,0.174,1,0,0,0,0,0,4.8,fr,0
143,16,4,0.34,2,1,4,0,1,0,5.86,fr,1
7,17,1,0.237,0,0,1,0,1,0,4.65,fr,0
133,15,11,0.567,3,1,6,2,1,1,4.95,fr,1
70,1,1,0.068,1,0,1,0,0,0,4.8,fr,0
138,24,0,0.014,0,0,0,0,0,0,4.47,fr,0
115,21,2,0.427,2,2,1,3,0,1,5.15,en,1
54,25,2,0.087,1,1,0,0,0,0,2.99,en,0
5,20,3,0.136,0,0,0,0,0,0,4.04,fr,0
131,19,2,0.033,0,0,0,0,0,0,5.45,en,0
35,22,1,0.11,0,0,0,0,0,0,5.43,en,0
80,13,0,0.092,0,0,2,0,0,0,6.08,en,0
122,11,5,0.325,2,2,2,4,0,0,5.16,fr,1
37,21,0,0.17,1,0,0,0,0,0,3.81,fr,0
104,15,2,0.182,0,0,0,0,0,0,3.84,fr,0
120,30,2,0.076,0,0,0,0,1,0,4.27,fr,0
40,19,0,0.046,0,0,0,0,0,0,4.68,en,0
117,1,2,0.054,0,0,0,1,0,0,4.56,en,0
167,40,9,0.433,3,1,2,3,0,0,5.53,en,1
188,50,4,0.409,6,1,2,0,1,1,4.31,fr,1
117,18,2,0.055,0,0,0,1,0,1,3.05,fr,0
97,17,0,0.072,0,0,0,0,0,0,5.17,fr,0
114,17,1,0.096,0,0,0,0,0,0,6.13,fr,0
83,15,5,0.374,4,4,2,4,1,0,5.19,en,1
65,16,6,0.533,1,0,3,0,1,0,4.63,en,1
31,12,0,0.091,1,1,0,0,0,0,4.02,fr,0
168,32,6,0.729,5,1,1,3,1,1,3.95,en,1
94,7,2,0.159,0,0,0,1,0,0,4.82,fr,0
144,24,2,0.139,0,0,0,0,0,0,4.5,en,0
151,8,8,0.352,1,1,1,6,1,1,4.7,en,1
165,42,7,0.269,1,1,3,1,0,1,5.73,en,1
138,34,10,0.249,4,2,0,2,1,1,4.47,fr,1
151,17,3,0.125,0,0,0,0,0,0,4.57,en,0
64,3,1,0.036,2,0,0,0,0,0,4.65,fr,0
43,28,0,0.156,1,0,0,0,0,0,5.13,en,0
122,21,9,0.266,2,0,5,3,1,0,5.0,en,1
114,18,3,0.219,0,0,2,1,1,0,4.09,fr,1
35,23,0,0.09,0,0,0,0,0,0,4.74,en,0
151,3,6,0.324,1,4,2,4,1,0,4.58,fr,1
166,3,6,0.556,5,4,3,5,1,0,4.85,fr,1
81,21,1,0.058,0,0,1,0,0,0,3.18,en,0
102,28,3,0.12,1,0,0,0,1,0,5.72,en,0
25,14,3,0.076,1,0,0,0,0,0,4.26,en,0
198,26,1,0.092,0,0,0,0,0,0,3.96,fr,0
66,20,1,0.017,1,0,0,0,0,0,3.93,en,0
75,17,1,0.029,1,0,0,0,0,0,4.79,en,0
156,26,7,0.394,1,2,3,6,1,1,5.89,en,1
75,11,1,0.068,0,0,1,0,0,0,4.91,fr,0
94,19,2,0.098,2,0,0,1,0,0,5.75,en,0
173,21,2,0.274,2,1,0,4,1,0,5.84,en,1
70,22,7,0.443,5,3,3,3,1,1,6.59,fr,1
91,2,1,0.026,1,0,0,1,0,0,2.95,en,0
179,14,2,0.03,0,0,0,0,1,0,4.05,fr,0
188,37,11,0.384,1,1,3,5,1,1,5.18,fr,1
95,12,0,0.216,0,0,0,0,0,0,2.34,en,0
81,13,0,0.168,1,0,0,0,0,0,4.41,fr,0
74,15,1,0.082,0,0,0,0,0,0,3.46,en,0
33,24,1,0.246,0,0,0,1,0,0,5.44,fr,0
45,17,0,0.127,0,0,1,0,0,0,4.26,fr,0
7,16,1,0.192,1,0,0,0,0,0,5.73,fr,0
98,1,3,0.02,0,0,0,0,0,0,4.41,en,0
8,26,2,0.006,1,0,0,0,0,0,4.2,en,0
62,16,1,0.145,0,0,0,0,0,0,5.07,en,0
141,12,12,0.327,3,3,2,4,1,0,4.3,fr,1
115,22,4,0.187,2,0,0,1,0,0,4.73,fr,0
45,20,3,0.081,0,0,0,0,0,0,3.89,en,0
98,14,3,0.134,2,0,0,0,0,0,4.46,fr,0
140,25,6,0.534,8,2,1,2,1,0,5.81,fr,1
59,3,3,0.124,1,0,0,0,0,0,5.65,fr,0
57,2,1,0.022,0,0,0,0,0,0,4.31,en,0
166,28,6,0.655,3,2,3,2,1,1,7.23,fr,1
155,24,0,0.066,0,0,0,0,0,0,5.01,fr,0
113,21,0,0.041,1,0,0,0,0,0,5.04,fr,0
52,15,2,0.006,0,0,0,0,0,0,4.42,fr,0
130,17,1,0.087,0,0,0,2,0,0,3.59,en,0
70,16,0,0.147,1,0,0,0,0,0,3.91,fr,0
87,31,8,0.408,1,1,0,1,1,1,6.29,en,1
57,29,0,0.096,0,0,0,0,0,0,5.93,fr,0
113,19,2,0.3,4,0,1,2,1,1,4.87,fr,1
23,25,2,0.159,0,0,0,1,0,0,6.36,en,0
82,10,1,0.073,0,0,0,0,0,0,4.99,fr,0
123,20,4,0.267,1,3,0,3,1,0,3.89,en,1
109,9,3,0.179,0,0,0,0,1,0,4.89,en,0
8,15,1,0.069,0,0,0,0,0,0,3.83,en,0
97,33,0,0.014,0,0,0,0,0,1,5.8,en,0
123,19,5,0.398,1,2,0,3,0,1,5.34,en,1
25,7,2,0.082,0,0,0,0,0,0,4.61,en,0
136,5,3,0.395,5,1,0,1,1,1,4.18,en,1
144,18,6,0.344,6,3,1,2,1,1,4.47,fr,1
81,20,2,0.025,0,0,0,0,0,0,4.6,en,0
157,13,0,0.11,0,0,0,0,0,1,4.81,fr,0
173,32,4,0.439,1,1,1,1,0,0,5.91,en,1
102,35,4,0.376,3,1,1,2,0,0,4.79,en,1
67,21,5,0.738,1,1,0,1,0,1,5.39,en,1
116,27,6,0.401,1,4,2,1,1,1,3.87,en,1
77,24,1,0.125,0,0,0,0,0,0,2.69,fr,0
85,1,1,0.018,0,0,0,0,0,0,4.81,fr,0
96,35,1,0.069,0,0,0,1,1,0,4.07,fr,0
134,16,1,0.037,0,0,0,0,0,0,4.49,en,0
126,21,8,0.597,6,1,4,0,1,1,3.71,fr,1
54,8,0,0.076,1,0,0,0,0,0,4.77,fr,0
94,24,0,0.073,0,0,0,0,0,0,6.71,fr,0
80,7,0,0.032,0,0,0,0,0,0,4.35,en,0
111,17,10,0.602,2,1,1,5,0,1,3.86,en,1
47,18,3,0.109,0,0,0,0,0,0,4.27,fr,0
65,38,3,0.236,0,0,0,0,0,0,4.52,fr,0
131,20,10,0.307,1,2,2,2,0,1,7.76,fr,1
79,4,1,0.242,0,0,0,0,0,0,4.17,en,0
130,20,1,0.068,1,0,1,0,0,0,5.03,en,0
97,6,1,0.269,0,0,0,0,0,0,4.02,fr,0
156,23,9,0.583,1,1,0,1,1,0,5.5,en,1
185,16,2,0.11,0,0,0,0,0,0,4.45,en,0
154,10,0,0.076,2,0,0,0,0,0,3.0,fr,0
62,31,1,0.127,0,0,0,0,0,0,4.43,fr,0
88,38,3,0.065,0,0,0,0,0,0,3.48,en,0
77,27,2,0.025,0,1,0,0,0,0,3.31,en,0
77,19,0,0.024,0,0,0,0,1,0,6.31,fr,0
5,20,1,0.07,0,0,0,0,0,0,4.22,en,0
194,19,7,0.327,2,3,4,6,1,1,4.96,fr,1
97,13,2,0.102,0,0,0,0,1,0,4.49,fr,0
150,16,2,0.016,0,0,0,0,0,0,4.85,en,0
123,44,9,0.516,2,1,1,3,1,0,6.67,en,1
81,20,5,0.12,0,0,0,0,0,0,4.56,fr,0
38,20,2,0.165,2,0,0,1,0,0,6.12,en,0
73,23,2,0.131,1,0,0,0,0,0,4.38,fr,0
94,18,0,0.352,1,1,1,0,0,0,4.66,fr,0
121,32,6,0.23,2,0,0,3,0,0,5.95,en,1
99,22,5,0.156,1,1,1,0,1,0,2.95,en,1
104,18,8,0.395,6,1,3,1,1,1,5.07,fr,1
118,14,2,0.004,0,0,0,0,1,1,4.15,fr,0
104,24,0,0.022,0,0,0,0,0,1,4.93,en,0
5,31,0,0.055,0,0,0,0,0,0,4.87,fr,0
110,21,3,0.062,0,0,0,2,1,0,3.47,en,0
192,17,6,0.381,1,2,3,3,0,0,5.71,fr,1
63,14,1,0.089,0,0,0,0,0,0,3.12,fr,0
51,18,5,0.473,3,0,1,2,0,0,4.45,en,1
190,21,10,0.406,5,2,1,1,1,1,4.74,fr,1
48,12,0,0.148,0,0,0,0,0,0,4.69,fr,0
61,8,1,0.108,0,0,0,0,1,0,3.7,fr,0
184,17,5,0.426,6,3,1,0,1,1,5.5,en,1
75,16,1,0.136,0,0,0,0,0,0,5.31,en,0
8,2,1,0.057,1,0,0,0,0,0,3.3,fr,0
134,26,6,0.367,4,2,3,1,0,0,6.42,en,1
88,30,0,0.08,0,0,0,0,0,0,6.08,fr,0
204,26,3,0.32,2,2,0,1,1,1,4.45,fr,1
133,11,4,0.137,1,0,0,1,1,0,4.47,fr,0
111,18,1,0.068,1,0,0,1,0,0,4.15,en,0
109,31,6,0.648,2,0,0,4,1,1,3.61,en,1
130,9,4,0.542,1,1,3,2,1,1,4.01,en,1
79,18,0,0.039,0,0,0,1,0,0,4.97,fr,0
79,14,1,0.214,0,1,0,0,0,0,4.39,fr,0
40,5,0,0.038,1,0,0,0,0,1,6.04,fr,0
166,1,3,0.091,0,0,0,1,0,0,3.42,en,0
57,20,0,0.183,1,0,0,0,0,1,6.38,fr,0
72,21,0,0.157,0,0,0,0,0,0,5.02,en,0
91,14,7,0.207,5,0,1,4,1,1,6.21,fr,1
144,42,6,0.68,6,2,4,2,1,1,6.45,en,1
101,31,7,0.64,3,4,3,2,1,0,5.8,fr,1
209,27,3,0.304,4,2,0,6,1,1,5.23,fr,1
173,20,8,0.261,3,0,0,0,1,1,6.63,en,1
30,6,2,0.156,0,0,0,0,1,0,3.86,fr,0
124,8,0,0.043,1,0,0,0,0,0,4.69,fr,0
148,31,7,0.132,4,0,0,2,0,0,6.55,fr,1
47,27,0,0.08,0,0,0,0,0,0,4.06,fr,0
124,16,0,0.087,0,0,0,0,0,0,4.41,fr,0
217,27,8,0.292,1,3,3,4,0,0,6.48,en,1
77,15,4,0.118,0,0,0,0,0,0,6.09,fr,0
149,21,7,0.608,1,1,0,2,1,0,5.43,fr,1
61,19,1,0.173,0,0,0,0,0,1,5.16,en,0
148,8,1,0.044,3,0,0,0,0,0,6.09,fr,0
100,29,7,0.591,3,0,0,2,1,1,5.96,fr,1
5,19,4,0.012,0,0,0,0,0,0,3.15,fr,0
48,13,1,0.162,1,0,0,0,1,0,5.07,fr,0
69,14,1,0.12,0,0,0,0,0,1,4.34,en,0
51,13,1,0.127,0,0,0,0,0,0,4.37,fr,0
150,1,3,0.062,0,0,0,0,0,0,4.02,fr,0
90,7,1,0.043,0,0,0,2,0,0,6.17,fr,0
90,23,2,0.036,0,0,1,0,0,0,4.0,fr,0
113,27,4,0.371,3,1,2,3,1,0,3.7,en,1
113,20,4,0.065,2,0,0,0,0,0,4.48,fr,0
75,21,0,0.184,1,0,0,0,0,0,4.91,fr,0
68,17,1,0.169,0,0,0,0,0,0,6.55,en,0
75,30,1,0.263,1,0,0,0,0,0,6.37,fr,0
92,18,0,0.106,4,0,0,0,1,0,4.86,en,0
35,44,4,0.473,1,2,1,3,0,1,5.88,fr,1
114,32,8,0.188,3,2,1,2,0,0,5.11,fr,1
101,24,6,0.195,6,1,1,3,1,0,6.92,en,1
131,21,2,0.45,2,0,1,0,1,1,5.75,fr,1
60,23,2,0.27,1,0,0,0,1,0,5.24,fr,0
84,14,1,0.088,0,0,0,0,1,0,2.78,fr,0
58,30,0,0.169,0,0,0,0,0,0,5.19,fr,0
87,19,1,0.03,2,0,0,0,0,0,4.75,fr,0
88,25,0,0.096,1,0,0,0,0,0,3.97,en,0
151,22,7,0.69,2,0,0,9,0,1,5.61,fr,1
12,15,1,0.205,2,0,0,0,0,0,4.64,fr,0
169,7,1,0.092,0,0,0,0,0,0,4.64,en,0
28,21,2,0.015,0,0,0,0,0,0,4.39,en,0
7,19,0,0.11,0,0,0,0,0,0,4.3,en,0
96,14,0,0.108,0,0,0,0,0,0,3.47,en,0
81,3,0,0.374,1,0,0,0,0,0,4.08,fr,0
33,31,0,0.032,1,0,0,0,0,0,4.4,fr,0
83,6,3,0.099,0,0,0,0,0,0,4.7,fr,0
115,16,3,0.027,0,0,0,0,0,0,3.57,en,0
141,26,0,0.044,2,1,0,0,0,0,5.11,en,0
105,17,1,0.022,0,0,0,0,0,0,4.22,fr,0
49,20,1,0.101,0,0,0,0,1,0,4.39,en,0
18,30,1,0.166,0,0,0,0,0,1,4.3,fr,0
79,15,8,0.398,7,1,4,5,0,1,4.94,fr,1
156,18,5,0.207,6,1,5,1,1,1,6.81,en,1
143,20,7,0.578,5,0,1,3,1,1,6.31,fr,1
137,17,2,0.09,0,0,0,0,0,0,5.53,fr,0
11,8,0,0.069,0,0,0,0,0,0,4.41,fr,0
174,4,13,0.69,2,5,2,5,1,1,3.9,en,1
31,14,0,0.034,0,0,0,0,0,0,4.11,en,0
121,14,1,0.159,2,0,0,0,0,0,5.06,en,0
52,10,0,0.116,0,0,0,0,1,0,4.31,fr,0
48,6,5,0.143,3,0,0,0,0,0,5.27,fr,0
103,18,1,0.122,0,0,0,0,0,0,3.58,fr,0
116,12,2,0.125,1,0,0,0,1,0,3.95,fr,0
100,22,0,0.002,0,0,1,0,0,0,4.3,en,0
131,20,5,0.218,2,1,2,1,1,1,3.89,fr,1
89,3,5,0.595,1,2,3,1,1,0,5.46,en,1
96,16,1,0.196,2,0,0,1,0,1,4.59,fr,0
100,20,0,0.054,1,0,0,0,0,0,3.33,fr,0
158,36,7,0.186,2,2,6,2,1,1,4.31,fr,1
121,12,0,0.127,1,0,0,0,0,0,5.61,fr,0
109,10,0,0.145,0,0,0,0,0,0,5.72,en,0
56,22,1,0.036,0,0,0,0,0,0,3.81,en,0
60,15,1,0.197,0,0,1,0,0,0,3.97,fr,0
89,30,1,0.092,2,0,0,0,0,1,5.2,fr,0
133,29,0,0.029,0,0,0,1,0,0,5.17,en,0
41,24,2,0.228,0,0,0,0,0,0,4.33,fr,0
83,24,1,0.132,0,0,0,0,0,0,5.49,fr,0
130,30,11,0.647,1,3,0,3,0,1,6.87,en,1
122,2,0,0.141,0,0,0,0,0,0,5.07,en,0
157,2,0,0.126,0,0,0,0,0,0,4.77,en,0
175,18,5,0.426,3,1,1,2,1,1,6.2,en,1
87,17,8,0.323,2,1,0,3,1,0,5.2,en,1
115,20,0,0.048,0,0,0,0,0,0,4.4,en,0
115,6,0,0.051,0,0,0,1,0,0,4.34,fr,0
72,14,4,0.471,5,1,2,3,1,0,3.66,en,1
32,21,3,0.025,0,0,0,0,0,0,3.97,fr,0
12,19,2,0.022,0,0,0,0,0,0,4.65,fr,0
165,15,6,0.25,3,1,5,2,1,1,5.39,en,1
88,9,2,0.226,1,0,0,0,0,0,4.66,en,0
62,18,0,0.12,0,0,0,0,0,0,4.66,fr,0
50,24,3,0.036,0,0,0,0,0,0,4.89,en,0
37,10,3,0.06,0,0,0,0,0,1,4.39,fr,0
142,22,10,0.387,4,1,3,3,1,0,5.31,en,1
110,26,15,0.543,4,0,1,3,1,0,4.65,fr,1
72,21,2,0.08,0,0,0,0,0,0,4.72,fr,0
115,15,1,0.209,1,0,0,0,0,0,6.56,fr,0
11,29,0,0.03,0,0,0,0,1,1,3.47,en,0
157,44,9,0.315,4,2,3,1,0,0,3.99,en,1
39,30,0,0.026,0,0,0,0,0,0,3.1,fr,0
73,19,2,0.297,0,0,0,0,0,0,4.35,en,0
128,18,1,0.094,0,0,0,0,0,0,6.64,en,0
122,25,0,0.075,0,0,0,0,0,0,5.95,en,0
138,19,7,0.169,3,2,2,5,1,0,5.28,fr,1
97,6,4,0.043,0,0,0,1,0,0,4.04,en,0
75,20,3,0.072,0,0,0,0,0,0,4.24,fr,0
122,20,2,0.353,5,2,0,1,1,1,4.6,en,1
36,13,0,0.046,1,0,0,0,0,0,4.62,en,0
120,13,7,0.305,3,1,2,0,1,1,6.88,fr,1
96,20,4,0.166,1,0,0,0,0,0,5.86,en,0
93,29,0,0.195,0,1,0,0,0,0,3.74,en,0
159,20,9,0.477,3,2,4,2,1,1,5.93,fr,1
54,16,1,0.041,1,0,0,0,0,0,4.66,fr,0
80,11,0,0.018,0,0,0,0,0,0,4.21,en,0
147,24,1,0.299,3,1,3,1,1,1,6.55,fr,1
96,23,6,0.649,1,1,0,4,0,0,4.25,en,1
215,18,6,0.417,0,0,0,1,1,1,5.94,fr,1
65,10,2,0.046,0,0,0,0,0,0,3.66,fr,0
5,22,0,0.151,0,0,0,0,0,0,3.94,fr,0
41,25,1,0.281,0,0,1,0,0,0,5.68,en,0
94,7,1,0.106,0,0,0,0,0,0,3.58,fr,0
128,20,2,0.06,1,0,0,0,0,0,4.92,fr,0
173,15,12,0.762,2,1,1,2,1,1,5.1,en,1
5,11,1,0.039,1,0,0,0,0,0,4.98,en,0
42,16,0,0.283,0,0,0,0,0,0,3.21,en,0
124,21,9,0.276,2,1,2,4,1,1,5.58,fr,1
117,11,3,0.352,0,1,2,1,0,1,6.27,en,1
115,35,5,0.359,0,1,0,1,1,1,6.05,fr,1
98,23,0,0.007,1,0,0,0,0,0,4.28,en,0
157,3,6,0.422,4,0,1,0,0,1,5.5,en,1
118,9,0,0.01,0,0,0,0,0,0,4.32,fr,0
115,26,5,0.233,2,2,4,1,1,0,4.35,fr,1
118,17,2,0.121,0,0,0,0,0,0,4.93,en,0
151,16,1,0.045,0,0,0,0,0,0,4.17,fr,0
127,21,7,0.444,0,1,6,1,1,0,5.49,en,1
155,26,7,0.394,2,2,1,3,1,0,5.71,fr,1
60,28,2,0.099,0,0,0,0,0,0,5.42,en,0
109,9,1,0.07,0,0,0,0,1,0,4.59,en,0
71,11,1,0.186,0,0,0,0,0,1,4.54,fr,0
201,24,4,0.34,2,2,1,0,0,1,4.15,en,1
54,19,1,0.112,0,0,0,0,0,0,5.2,fr,0
115,23,5,0.373,2,1,2,2,1,1,6.34,fr,1
17,1,2,0.12,0,0,0,0,0,0,2.89,fr,0
115,19,0,0.237,0,0,0,0,0,1,3.85,en,0
176,14,9,0.486,3,3,2,1,1,0,4.78,fr,1
59,11,2,0.155,1,0,0,0,0,0,3.71,en,0
92,10,2,0.243,0,0,1,0,1,0,5.04,en,0
148,15,2,0.045,1,0,0,0,0,0,6.12,fr,0
113,22,1,0.03,0,0,0,0,0,0,4.1,en,0
94,26,8,0.296,4,0,4,2,0,0,4.91,fr,1
86,35,0,0.143,0,0,0,0,0,0,4.33,en,0
143,20,7,0.354,0,2,3,1,1,0,4.68,en,1
126,16,0,0.047,1,0,0,0,1,0,4.92,en,0
83,15,0,0.052,0,0,0,0,0,0,4.77,fr,0
153,27,1,0.13,0,1,0,0,0,0,3.33,en,0
160,6,1,0.019,0,0,0,0,0,1,3.64,fr,0
155,32,9,0.362,4,1,4,3,1,1,3.83,fr,1
191,17,2,0.113,1,0,0,0,0,1,4.18,fr,0
24,19,1,0.153,0,0,0,0,1,0,5.31,en,0
175,18,8,0.342,2,2,5,2,1,1,5.45,fr,1
119,18,3,0.031,2,0,0,0,0,0,4.19,fr,0
25,14,1,0.188,0,0,0,0,0,0,4.17,en,0
48,20,2,0.067,1,0,0,1,0,0,5.46,fr,0
179,28,7,0.39,8,1,3,3,1,1,5.14,en,1
108,27,2,0.114,0,1,0,0,0,0,4.12,fr,0
143,15,1,0.066,0,0,0,0,0,0,3.93,en,0
5,14,1,0.115,0,0,0,0,0,0,3.68,en,0
51,31,0,0.061,0,0,0,0,0,0,3.96,en,0
35,3,2,0.089,0,0,0,0,0,0,4.87,en,0
180,13,7,0.475,2,2,1,1,0,0,4.6,en,1
43,31,2,0.038,1,0,0,0,1,0,3.62,fr,0
81,26,2,0.134,0,0,1,0,0,0,3.89,en,0
81,25,0,0.284,0,0,0,0,0,0,3.98,fr,0
92,3,0,0.056,0,0,0,0,0,0,4.56,fr,0
138,29,3,0.363,4,1,2,2,0,1,3.9,en,1
83,18,2,0.041,0,0,0,0,0,0,4.51,en,0
118,19,10,0.488,2,3,2,1,1,1,5.06,fr,1
104,15,6,0.295,1,2,2,2,1,1,3.0,fr,1
99,22,3,0.041,0,0,0,0,1,0,4.59,fr,0
197,24,3,0.248,1,0,0,0,1,0,5.86,en,0
91,30,12,0.393,5,0,2,0,0,0,5.76,en,1
45,12,1,0.074,0,0,0,0,0,0,3.99,en,0
112,5,2,0.282,0,0,0,0,0,0,4.46,fr,0
106,26,7,0.33,2,3,3,2,1,1,5.18,fr,1
78,33,2,0.032,1,0,1,0,0,1,5.17,fr,0
59,18,1,0.049,2,0,0,0,1,0,6.06,fr,0
5,8,0,0.305,0,0,0,0,0,0,5.33,fr,0
5,14,2,0.16,1,0,0,0,0,0,5.2,fr,0
97,23,3,0.193,0,0,0,0,0,0,3.76,fr,0
56,18,2,0.065,1,0,0,0,0,0,4.06,fr,0
50,25,1,0.166,0,0,0,0,0,0,3.57,en,0
5,22,1,0.19,1,1,0,0,1,0,5.88,en,0
78,11,0,0.021,1,0,0,0,0,0,3.34,fr,0
35,20,0,0.038,0,0,0,0,0,0,4.99,fr,0
109,24,1,0.078,0,0,0,0,0,0,4.79,fr,0
66,23,4,0.378,0,3,1,2,1,0,4.93,fr,1
23,1,1,0.032,0,0,0,0,1,0,3.81,en,0
173,30,3,0.218,0,0,0,0,0,0,5.48,en,0
39,20,1,0.079,1,0,0,0,0,0,4.45,fr,0
25,1,1,0.033,0,0,0,0,0,0,3.5,fr,0
202,11,8,0.298,5,2,1,0,1,0,4.28,fr,1
5,28,0,0.237,1,0,0,1,0,0,5.2,fr,0
37,27,4,0.438,6,3,1,2,1,1,5.55,en,1
151,16,1,0.025,0,0,0,0,0,0,5.53,fr,0
88,42,6,0.3,4,1,0,1,1,1,2.49,fr,1
60,9,2,0.039,0,1,1,0,0,0,3.83,fr,0
125,20,1,0.049,0,0,0,0,0,0,3.58,en,0
101,19,0,0.198,0,0,0,0,0,0,4.39,fr,0
106,12,3,0.017,1,0,0,0,0,0,4.11,fr,0
7,10,1,0.1,1,0,0,0,0,1,5.69,fr,0
162,5,1,0.122,2,0,0,0,1,0,4.13,fr,0
73,15,0,0.223,1,0,1,0,0,0,3.56,fr,0
153,22,12,0.257,2,1,0,3,0,1,5.16,en,1
108,17,0,0.039,0,0,1,0,0,0,4.93,fr,0
147,12,0,0.037,1,0,0,0,0,0,4.43,fr,0
131,34,7,0.318,2,2,1,0,0,1,7.39,en,1
145,30,6,0.175,1,3,2,3,1,0,3.44,fr,1
124,17,5,0.494,2,2,1,2,1,1,6.99,en,1
95,25,0,0.029,0,0,0,0,0,1,4.89,fr,0
166,20,3,0.395,0,0,0,0,0,0,5.86,fr,0
196,30,11,0.389,3,3,7,3,1,0,5.87,en,1
88,9,2,0.101,0,0,1,0,0,1,4.51,fr,0
77,19,5,0.212,0,0,0,0,0,0,4.78,en,0
53,30,0,0.105,1,0,0,0,0,0,4.01,fr,0
40,17,1,0.194,0,0,0,0,0,0,5.23,fr,0
36,15,1,0.033,0,0,1,0,0,0,4.3,en,0
135,35,13,0.476,2,2,1,2,1,0,5.23,fr,1
62,14,1,0.174,0,0,0,0,0,0,6.67,fr,0
59,33,0,0.211,0,0,0,0,0,0,4.52,fr,0
101,27,11,0.342,2,1,1,1,1,1,5.63,en,1
138,30,8,0.137,2,3,1,1,1,0,5.82,fr,1
120,25,11,0.191,1,2,0,4,0,0,4.42,fr,1
140,46,8,0.224,1,1,1,3,1,0,4.1,fr,1
36,22,2,0.209,0,0,0,0,0,0,5.24,en,0
119,27,0,0.037,0,0,0,0,0,0,6.08,fr,0
12,16,3,0.064,1,0,0,0,0,0,5.26,fr,0
206,13,5,0.178,2,2,3,3,0,1,4.91,fr,1
111,24,1,0.129,1,0,0,0,1,1,3.92,fr,0
5,16,0,0.015,0,0,0,0,0,0,5.69,fr,0
141,18,0,0.058,1,0,0,0,1,0,4.89,en,0
117,21,1,0.104,0,0,0,0,0,1,4.15,fr,0
60,26,3,0.14,1,0,0,0,0,0,5.71,en,0
116,28,4,0.237,1,2,2,2,1,0,3.7,fr,1
65,30,5,0.479,6,2,2,2,1,1,5.68,fr,1
103,21,0,0.201,0,0,0,0,0,0,3.74,fr,0
116,13,6,0.18,2,2,0,1,0,0,5.6,fr,1
82,27,2,0.251,2,0,0,0,0,0,4.57,fr,0
60,33,1,0.1,1,0,0,1,1,0,5.06,fr,0
152,25,4,0.389,4,1,5,2,1,1,7.39,fr,1
141,20,10,0.626,4,0,1,1,0,1,4.99,en,1
118,18,0,0.069,0,0,0,0,0,0,6.09,fr,0
102,30,0,0.016,1,0,0,0,0,0,6.13,fr,0
130,26,0,0.165,2,0,0,0,0,0,4.82,fr,0
132,32,6,0.569,6,3,3,5,1,1,5.2,en,1
164,2,3,0.148,0,0,0,0,0,0,4.18,fr,0
16,24,3,0.044,0,0,0,0,0,0,4.53,en,0
112,23,1,0.047,1,0,0,1,0,0,6.02,en,0
88,12,3,0.206,0,0,0,0,0,0,3.13,fr,0
43,4,0,0.089,0,0,0,0,1,0,4.67,en,0
103,8,0,0.186,0,0,0,0,0,0,4.42,fr,0
102,28,9,0.291,2,0,2,2,1,1,4.64,en,1
82,15,1,0.066,0,0,0,0,0,0,4.59,en,0
232,18,5,0.776,1,0,2,4,1,1,5.88,en,1
82,17,1,0.122,0,0,0,0,0,0,4.41,en,0
113,14,1,0.144,0,0,0,0,0,0,3.83,fr,0
115,19,0,0.064,0,0,0,0,0,0,3.72,fr,0
137,24,13,0.26,6,1,1,7,1,1,3.8,en,1
51,12,1,0.069,0,0,0,0,0,0,3.44,fr,0
94,22,0,0.02,0,0,0,0,0,0,4.2,en,0
46,18,2,0.026,0,0,0,0,0,0,5.37,en,0
88,11,2,0.102,0,0,0,0,0,1,3.55,fr,0
5,7,1,0.095,1,0,0,0,0,0,4.28,en,0
178,29,4,0.296,4,2,4,3,1,1,4.61,en,1
88,17,2,0.113,0,0,0,0,0,0,4.13,en,0
91,12,1,0.172,0,0,0,0,0,0,3.57,fr,0
182,33,5,0.44,1,2,1,1,0,0,5.58,en,1
68,21,1,0.33,1,0,0,0,0,1,6.84,fr,0
100,18,6,0.326,3,2,2,0,1,0,6.36,fr,1
19,21,0,0.114,0,0,0,0,0,0,5.36,en,0
84,17,1,0.089,0,1,0,0,0,0,6.15,fr,0
76,1,2,0.174,0,0,0,0,0,0,4.48,en,0
142,18,1,0.252,3,0,0,0,0,0,5.09,fr,0
170,27,1,0.189,0,0,0,0,0,0,5.29,en,0
121,13,8,0.425,1,1,7,3,1,0,5.95,en,1
72,8,0,0.309,1,0,0,0,0,0,5.19,en,0
66,20,1,0.143,1,0,1,0,0,0,4.72,en,0
148,15,1,0.04,1,0,0,0,0,0,4.01,en,0
159,22,6,0.386,4,2,1,1,1,1,5.84,fr,1
23,8,2,0.032,0,0,0,0,0,0,4.15,fr,0
46,23,1,0.198,0,0,0,0,0,0,4.19,fr,0
194,22,3,0.083,0,1,0,0,0,0,4.17,fr,0
60,30,2,0.059,0,0,0,1,0,0,4.63,fr,0
101,18,5,0.332,4,3,1,0,0,0,6.13,fr,1
6,12,3,0.156,0,0,0,0,0,0,4.64,fr,0
103,20,2,0.074,0,0,0,0,0,0,2.9,fr,0
102,13,10,0.367,4,0,3,6,1,1,4.84,en,1
18,11,0,0.078,0,0,0,0,0,0,4.17,en,0
122,35,9,0.13,4,1,1,4,1,1,6.81,en,1
125,37,0,0.104,0,0,0,0,0,0,4.32,fr,0
67,28,2,0.099,0,1,0,1,1,0,5.68,en,0
114,27,4,0.26,1,2,3,1,1,0,6.01,en,1
45,1,1,0.098,2,0,1,0,0,0,4.27,fr,0
55,20,1,0.141,0,0,0,0,0,0,4.66,fr,0
98,9,5,0.316,1,2,2,2,0,1,5.32,fr,1
135,3,8,0.667,3,6,1,4,0,1,4.95,fr,1
104,1,1,0.083,0,0,0,0,0,0,3.3,en,0
5,18,1,0.024,0,0,0,0,0,0,5.01,en,0
72,10,2,0.481,2,2,1,1,1,0,4.33,fr,1
80,20,2,0.056,1,0,0,0,0,0,4.21,en,0
112,24,1,0.028,0,0,0,0,0,0,4.57,en,0
179,23,9,0.408,4,0,2,4,1,0,5.93,en,1
87,10,16,0.26,5,2,3,0,1,1,3.1,en,1
81,28,15,0.455,1,2,0,4,1,0,6.97,en,1
123,13,0,0.093,0,0,0,0,0,0,4.29,en,0
151,20,2,0.21,0,0,0,0,0,0,4.14,fr,0
60,18,1,0.106,0,0,0,0,1,0,5.4,en,0
62,11,1,0.226,0,0,0,1,0,1,4.76,fr,0
108,18,2,0.087,0,0,0,0,0,0,5.46,en,0
128,12,1,0.215,1,0,0,0,0,0,4.55,fr,0
77,5,1,0.076,0,0,0,0,1,0,5.72,fr,0
24,11,0,0.094,0,0,0,0,0,0,3.3,fr,0
135,11,2,0.092,0,0,0,0,0,0,4.68,en,0
145,22,2,0.541,0,2,0,3,1,1,5.98,en,1
44,22,2,0.063,0,0,0,0,0,0,6.01,en,0
82,17,1,0.147,1,0,0,0,1,0,3.57,fr,0
68,18,0,0.333,0,0,0,0,0,0,4.83,en,0
109,15,1,0.021,0,0,0,0,0,0,4.78,fr,0
27,22,1,0.135,0,0,0,0,0,0,4.62,fr,0
81,12,2,0.25,0,0,0,0,0,0,3.9,en,0
155,28,3,0.282,1,2,4,1,1,1,5.86,en,1
122,18,0,0.057,1,0,0,0,0,0,3.94,en,0
48,17,6,0.626,1,0,1,2,1,1,4.65,fr,1
171,23,4,0.071,0,0,0,0,0,0,5.33,en,0
102,12,1,0.01,0,0,0,0,0,0,4.36,en,0
66,28,0,0.048,1,0,0,0,0,0,5.97,fr,0
105,13,1,0.003,2,0,0,0,0,0,4.69,fr,0
91,8,6,0.256,3,1,1,2,1,0,7.03,en,1
47,9,1,0.028,0,0,0,0,1,0,4.6,fr,0
100,32,2,0.152,2,0,1,0,0,0,3.41,fr,0
184,33,7,0.543,2,1,0,1,0,1,6.65,fr,1
134,26,5,0.344,1,3,3,1,1,0,5.26,fr,1
108,15,11,0.726,6,3,2,2,1,1,3.44,fr,1
42,13,0,0.223,0,0,0,1,1,0,3.71,fr,0
60,16,2,0.192,0,0,0,0,0,0,3.7,fr,0
151,26,5,0.126,1,0,3,1,1,0,3.78,en,1
91,20,2,0.205,0,0,0,0,0,0,4.29,fr,0
89,9,1,0.145,0,0,0,0,0,0,5.95,fr,0
77,23,1,0.066,0,0,0,0,0,0,5.68,en,0
39,32,2,0.089,0,0,0,0,0,0,4.42,fr,0
181,34,9,0.304,3,0,2,0,1,1,4.06,fr,1
55,8,2,0.321,1,0,2,3,1,1,4.89,fr,1
58,11,3,0.122,0,0,0,0,0,1,4.88,en,0
98,25,1,0.121,0,0,0,0,0,0,4.47,fr,0
133,29,1,0.107,0,0,0,0,0,0,5.2,en,0
158,28,8,0.311,3,1,1,2,1,0,3.8,fr,1
97,12,2,0.142,2,0,0,0,0,0,3.44,fr,0
60,28,0,0.025,0,0,0,0,0,0,3.69,fr,0
16,32,2,0.126,1,0,1,0,0,1,5.56,en,0
106,32,9,0.546,3,0,2,0,1,1,4.6,en,1
176,19,0,0.065,1,1,0,0,0,0,4.47,en,0
144,21,3,0.258,5,2,8,3,1,0,4.73,fr,1
123,26,3,0.25,1,3,1,1,1,0,4.64,fr,1
116,15,0,0.217,0,1,0,0,0,0,4.74,fr,0
171,21,1,0.047,0,0,0,0,0,0,4.04,fr,0
92,11,1,0.097,0,0,0,0,0,0,3.95,en,0
52,13,0,0.079,0,0,0,0,0,0,4.47,en,0
111,14,1,0.036,0,0,0,0,0,0,5.53,fr,0
90,15,0,0.346,0,0,0,0,1,0,4.67,en,0
121,20,11,0.171,2,2,0,2,1,0,6.03,en,1
69,22,1,0.097,0,0,0,0,0,0,3.13,fr,0
119,15,1,0.068,0,0,0,0,0,0,5.13,fr,0
85,28,6,0.313,3,1,2,1,0,1,6.1,en,1
134,37,10,0.263,1,3,2,1,1,1,4.16,fr,1
103,17,3,0.298,1,0,0,0,0,0,3.89,en,0
195,11,4,0.498,0,4,2,2,1,1,5.5,fr,1
111,21,2,0.12,0,0,0,0,0,0,4.6,fr,0
82,14,7,0.323,1,2,2,1,1,1,5.83,fr,1
81,3,3,0.022,0,0,0,0,0,1,4.06,fr,0
73,14,3,0.052,0,0,0,0,0,1,4.86,fr,0
29,12,2,0.182,2,0,0,0,0,0,3.87,en,0
230,23,8,0.353,1,1,1,5,1,1,5.18,en,1
67,18,1,0.121,1,0,0,0,0,0,4.87,en,0
102,17,0,0.071,0,0,0,0,0,0,5.2,en,0
227,37,6,0.393,2,1,0,2,1,1,4.07,en,1
78,11,1,0.182,1,0,0,0,0,0,4.68,fr,0
27,12,1,0.045,0,0,0,0,0,0,5.07,fr,0
107,14,1,0.092,0,0,0,0,0,1,4.64,fr,0
195,28,6,0.585,2,0,1,3,0,0,5.41,fr,1
104,9,4,0.376,3,0,2,3,1,1,7.68,fr,1
47,29,2,0.392,0,3,6,3,0,1,5.78,en,1
164,32,6,0.259,3,2,2,1,1,0,5.79,fr,1
124,31,1,0.03,0,0,0,0,0,0,5.86,en,0
35,28,10,0.239,3,3,3,4,1,0,6.3,fr,1
48,22,0,0.158,0,0,1,0,0,1,5.02,en,0
151,10,1,0.119,1,0,0,0,0,0,3.31,fr,0
94,29,3,0.039,1,0,0,0,0,0,3.13,fr,0
89,35,5,0.326,3,1,1,0,0,0,4.06,en,1
91,12,1,0.021,0,0,0,0,0,0,4.71,fr,0
82,6,1,0.214,0,0,0,0,0,0,5.99,en,0
5,26,2,0.031,1,0,0,0,0,0,3.92,fr,0
116,33,7,0.124,5,1,3,4,1,1,4.66,en,1
79,2,1,0.146,0,0,0,0,0,0,3.93,en,0
120,20,0,0.126,0,0,0,0,0,0,4.22,fr,0
68,20,1,0.15,1,0,0,0,0,1,3.95,en,0
143,25,2,0.079,1,0,0,0,0,1,4.51,en,0
98,18,0,0.142,0,0,0,0,0,0,3.23,fr,0
117,23,2,0.065,0,0,0,0,0,0,4.79,en,0
120,33,5,0.372,2,4,0,1,0,0,4.74,fr,1
62,7,2,0.039,0,0,0,0,0,0,3.75,fr,0
24,27,1,0.183,0,0,1,0,0,0,4.27,fr,0
86,20,2,0.2,0,0,0,0,0,0,4.24,fr,0
116,22,0,0.13,0,0,0,0,0,0,4.9,fr,0
120,4,0,0.021,0,0,0,1,0,0,5.05,fr,0
93,21,1,0.026,0,0,1,0,0,0,5.66,en,0
138,27,7,0.466,2,1,2,2,0,0,4.84,fr,1
93,17,2,0.159,1,0,0,0,0,0,5.47,en,0
146,27,4,0.074,0,0,0,0,0,0,5.45,fr,0
120,8,1,0.053,1,0,0,0,0,0,4.0,en,0
107,20,3,0.064,1,0,0,0,0,0,3.49,fr,0
73,22,0,0.2,0,0,1,0,0,0,4.3,fr,0
28,13,1,0.023,1,0,1,0,0,0,5.01,en,0
103,9,1,0.034,1,0,0,0,0,0,3.82,fr,0
67,19,0,0.206,0,0,0,0,0,0,5.12,fr,0
93,5,2,0.107,2,0,0,0,1,0,5.6,fr,0
102,17,3,0.073,0,0,0,0,0,0,4.42,en,0
104,16,5,0.257,1,0,0,1,1,0,4.68,fr,0
111,39,8,0.328,4,4,2,0,1,0,5.01,fr,1
75,1,1,0.125,1,0,0,0,1,1,3.53,fr,0
130,23,0,0.093,1,0,0,1,0,0,3.14,en,0
164,21,1,0.019,0,0,0,0,0,0,3.9,fr,0
145,4,6,0.283,2,1,0,0,1,1,4.12,en,1
115,31,1,0.078,1,0,0,0,0,0,4.07,fr,0
184,36,5,0.428,3,0,0,3,1,0,5.68,fr,1
34,13,1,0.03,0,0,0,0,0,0,3.07,en,0
98,7,9,0.565,2,1,1,0,1,0,6.44,fr,1
146,21,5,0.245,1,0,0,0,0,0,5.19,en,0
143,24,0,0.212,1,0,0,0,0,0,4.54,fr,0
113,9,8,0.51,2,2,2,2,1,1,4.08,fr,1
50,26,0,0.168,0,0,0,0,0,0,4.5,fr,0
60,17,2,0.04,0,0,0,0,0,0,2.77,fr,0
70,21,1,0.095,0,0,0,0,0,0,4.31,fr,0
162,16,1,0.176,0,0,0,0,0,0,5.47,fr,0
87,12,0,0.07,0,0,3,0,0,0,6.56,en,0
126,31,6,0.544,5,3,0,4,0,1,5.33,fr,1
219,17,7,0.156,1,2,4,0,1,0,5.53,en,1
118,16,0,0.156,1,0,0,0,0,0,4.09,fr,0
168,28,8,0.532,1,1,1,2,1,1,4.58,fr,1
106,30,1,0.055,0,0,0,0,0,0,4.63,fr,0
71,9,0,0.138,1,0,0,0,0,0,3.62,fr,0
122,10,3,0.042,0,0,0,1,0,0,4.61,en,0
79,20,2,0.169,0,0,0,0,0,0,4.7,en,0
191,20,5,0.368,3,1,1,4,0,0,5.21,en,1
97,7,0,0.099,0,0,0,0,1,0,4.0,fr,0
200,30,1,0.294,0,0,0,0,0,0,4.12,fr,0
106,30,3,0.305,0,0,0,0,1,0,5.29,fr,0
115,17,0,0.214,0,0,0,0,0,0,5.39,fr,0
103,26,9,0.518,2,1,2,2,1,1,5.42,fr,1
56,29,0,0.057,1,0,0,0,0,0,4.78,fr,0
93,34,4,0.656,1,1,1,0,1,0,4.83,fr,1
15,18,1,0.118,0,0,0,0,0,0,4.38,en,0
172,28,4,0.412,1,1,0,1,1,1,4.2,fr,1
167,2,0,0.003,0,1,0,1,0,0,5.5,fr,0
109,26,4,0.175,1,0,3,1,1,0,6.16,fr,1
70,11,0,0.022,0,0,0,0,0,0,4.61,fr,0
188,42,3,0.166,1,3,0,3,1,1,6.09,en,1
177,27,3,0.155,1,0,0,0,0,0,5.89,en,0
126,16,2,0.15,0,0,0,0,0,0,3.55,fr,0
48,23,0,0.36,1,0,1,1,0,0,3.08,fr,0
46,17,2,0.104,0,0,0,0,0,1,3.83,fr,0
107,25,3,0.134,0,0,0,0,0,1,4.04,en,0
50,32,2,0.14,0,0,0,0,0,0,5.48,fr,0
77,29,10,0.327,3,4,1,4,0,0,6.48,fr,1
65,25,1,0.059,2,0,0,1,1,0,3.83,fr,0
104,35,2,0.267,1,1,4,4,1,1,3.97,en,1
138,7,2,0.255,3,2,2,5,1,0,5.84,en,1
57,13,1,0.037,0,0,0,0,0,0,4.31,en,0
90,5,0,0.403,1,0,0,0,0,0,4.31,en,0
45,18,0,0.211,0,0,0,0,0,0,5.63,fr,0
101,6,7,0.379,4,0,0,3,1,0,5.34,en,1
136,16,2,0.023,0,0,0,0,0,0,4.61,fr,0
109,16,0,0.061,0,0,0,0,0,0,5.03,fr,0
116,14,0,0.154,1,0,0,0,0,0,4.63,en,0
161,17,2,0.098,0,0,0,0,1,0,4.17,en,0
71,17,2,0.08,0,0,0,0,0,0,5.29,en,0
78,6,2,0.178,0,0,1,0,0,0,5.06,fr,0
128,21,2,0.155,1,0,0,0,0,0,5.91,en,0
64,26,1,0.079,0,0,0,0,0,0,5.28,fr,0
109,15,4,0.4,3,2,1,1,1,1,5.01,en,1
125,2,2,0.126,0,0,0,0,0,0,5.73,fr,0
128,19,6,0.258,2,3,3,2,1,0,4.62,fr,1
121,14,10,0.361,2,3,0,3,0,1,5.09,fr,1
174,24,5,0.19,3,1,2,2,0,0,6.18,en,1
82,20,7,0.127,4,3,4,0,0,1,2.44,fr,1
174,23,6,0.411,3,0,3,2,1,0,5.0,fr,1
58,27,1,0.05,0,0,0,1,0,1,4.85,fr,0
110,32,8,0.316,5,4,0,2,0,0,6.38,fr,1
101,10,1,0.088,0,0,0,0,0,0,5.0,fr,0
84,13,0,0.327,2,1,0,0,0,0,4.39,fr,0
30,8,2,0.058,0,1,0,0,0,0,4.88,en,0
75,25,0,0.028,0,0,0,0,0,0,6.31,fr,0
58,24,0,0.126,1,0,0,0,0,0,5.63,fr,0
136,9,1,0.192,0,0,0,0,0,0,4.77,fr,0
116,10,0,0.175,0,0,0,0,0,0,5.06,fr,0
64,16,0,0.127,0,0,0,0,0,0,5.36,fr,0
56,25,1,0.219,0,1,0,0,0,0,5.27,en,0
114,26,9,0.405,5,1,1,4,1,1,3.23,fr,1
91,8,1,0.028,1,0,0,0,0,0,4.91,fr,0
186,32,8,0.194,3,1,3,1,0,1,5.91,en,1
130,24,0,0.012,0,0,0,0,0,0,3.89,fr,0
139,28,9,0.403,3,0,1,4,1,1,7.28,en,1
69,9,1,0.02,0,0,0,0,0,0,2.0,fr,0
69,11,0,0.123,0,0,0,0,1,0,4.37,en,0
66,24,0,0.15,1,0,0,0,0,0,3.06,en,0
177,28,0,0.067,0,0,0,0,0,0,5.68,fr,0
160,32,0,0.048,1,0,0,0,0,0,2.51,fr,0
91,18,2,0.218,0,0,0,0,0,0,5.07,en,0
125,20,1,0.002,0,0,0,0,0,0,5.14,fr,0
55,12,2,0.043,0,0,0,1,0,0,4.77,fr,0
131,15,3,0.207,0,0,0,0,0,0,4.87,fr,0
134,10,1,0.021,0,1,0,0,0,0,4.59,en,0
111,21,7,0.08,2,0,1,2,1,0,5.04,fr,1
177,30,8,0.65,5,1,2,3,1,1,4.06,fr,1
133,19,2,0.113,0,0,0,0,0,0,5.79,en,0
13,12,1,0.04,1,0,0,0,0,1,4.24,en,0
139,17,2,0.117,1,0,0,1,0,0,6.0,fr,0
96,19,1,0.091,1,0,0,0,0,0,5.96,fr,0
30,31,2,0.034,0,0,0,0,0,0,5.34,en,0
72,11,0,0.11,0,0,0,1,0,0,5.31,fr,0
148,1,0,0.051,0,0,0,0,0,0,4.59,en,0
28,29,1,0.175,0,0,0,0,0,0,3.32,en,0
184,25,3,0.648,1,0,3,2,1,1,4.69,fr,1
153,15,0,0.317,2,0,0,1,0,0,4.95,en,0
133,30,7,0.347,2,1,2,2,0,0,6.04,en,1
64,29,1,0.169,1,0,0,0,0,0,5.59,fr,0
102,28,10,0.589,4,5,4,1,1,1,6.2,fr,1
133,26,4,0.307,2,1,1,0,0,1,5.58,en,1
97,31,3,0.05,0,0,0,0,0,0,4.93,en,0
84,34,8,0.476,1,0,2,0,1,1,5.58,en,1
26,16,0,0.205,0,0,0,0,0,0,5.2,en,0
175,27,2,0.034,0,0,0,0,0,0,4.07,fr,0
94,27,1,0.183,0,0,0,0,0,1,3.22,fr,0
164,31,5,0.34,3,3,2,3,1,0,6.12,en,1
69,13,1,0.103,0,0,0,0,0,0,3.5,en,0
117,30,8,0.586,1,3,2,5,1,1,5.85,fr,1
159,15,0,0.013,0,0,0,0,0,0,4.29,en,0
161,18,0,0.109,0,0,0,0,1,0,5.34,fr,0
111,2,1,0.016,0,0,0,0,0,0,5.66,fr,0
122,12,0,0.298,0,0,0,0,0,0,4.58,en,0
65,13,1,0.076,0,0,0,0,0,0,4.79,en,0
52,30,1,0.163,1,0,0,0,0,0,4.15,en,0
113,29,2,0.2,0,0,0,0,0,0,3.93,fr,0
174,3,7,0.372,4,1,1,1,1,1,5.6,fr,1
84,24,2,0.049,0,0,0,0,0,0,3.71,en,0
168,16,1,0.152,0,0,1,4,0,1,5.82,fr,1
92,14,9,0.462,4,3,1,5,1,1,4.74,en,1
113,27,4,0.014,0,0,0,0,0,0,5.25,en,0
54,11,0,0.27,1,0,0,0,0,0,5.13,en,0
150,1,2,0.063,0,0,0,0,0,0,4.65,en,0
123,21,4,0.605,4,1,2,2,1,0,6.35,en,1
120,26,7,0.331,4,1,0,1,1,1,4.61,en,1
36,16,1,0.044,0,0,0,1,0,0,6.01,fr,0
36,27,2,0.079,0,0,0,0,0,0,4.13,en,0
161,32,9,0.404,4,3,3,4,1,0,4.66,en,1
140,12,0,0.007,0,0,0,1,0,0,5.36,fr,0
84,4,1,0.049,0,0,0,0,1,0,3.94,fr,0
69,29,0,0.019,1,0,0,0,0,0,3.73,fr,0
75,20,1,0.074,0,0,0,0,1,0,4.43,fr,0
84,14,3,0.231,0,0,0,0,0,0,3.75,en,0
192,39,9,0.533,3,3,0,1,1,0,6.69,en,1
72,13,2,0.138,1,0,0,0,1,0,5.44,fr,0
146,34,3,0.388,2,1,2,1,1,0,4.13,en,1
144,28,1,0.099,0,0,0,0,1,0,4.57,en,0
103,23,3,0.496,1,2,0,4,1,0,5.04,en,1
130,25,6,0.327,5,1,3,4,0,1,6.07,fr,1
148,21,5,0.243,1,3,3,3,0,1,5.04,en,1
89,37,6,0.445,1,3,4,1,1,0,4.54,fr,1
130,16,9,0.26,2,1,2,2,0,0,4.97,en,1
144,29,7,0.547,1,3,1,1,1,0,4.67,en,1
54,1,3,0.048,1,0,1,1,0,0,3.98,fr,0
73,30,2,0.141,0,0,0,0,1,0,5.4,en,0
107,29,1,0.037,0,0,0,0,1,0,4.92,en,0
178,21,6,0.304,1,2,4,4,1,0,2.62,fr,1
5,19,1,0.299,0,0,0,0,0,0,4.06,en,0
72,14,7,0.135,1,6,1,1,1,0,5.39,fr,1
138,21,6,0.21,2,2,2,3,1,0,3.18,en,1
74,7,0,0.081,1,0,0,0,0,0,5.84,fr,0
103,27,8,0.285,4,1,0,3,0,1,5.59,en,1
215,23,4,0.426,4,2,0,2,1,0,7.43,en,1
58,21,0,0.071,0,0,0,1,1,1,5.33,en,0
171,19,3,0.072,1,0,0,1,0,0,5.17,fr,0
127,26,0,0.2,2,0,0,0,0,0,5.07,en,0
117,28,0,0.18,1,0,0,0,0,0,6.05,en,0
55,21,1,0.02,2,0,0,0,0,0,3.9,fr,0
85,34,4,0.357,1,2,1,3,1,0,5.78,fr,1
134,14,4,0.443,6,0,5,3,1,1,7.22,en,1
50,15,1,0.005,0,0,0,0,0,0,3.53,fr,0
59,30,2,0.112,0,0,0,0,1,1,5.46,fr,0
5,13,2,0.24,1,0,1,0,0,0,4.88,fr,0
163,19,2,0.041,1,0,0,0,0,0,4.59,en,0
155,8,0,0.083,1,0,0,0,0,0,4.7,fr,0
125,6,8,0.461,2,3,2,4,0,0,4.49,fr,1
217,40,10,0.614,3,1,3,1,1,1,6.85,en,1
109,17,6,0.266,7,2,1,1,1,0,5.15,fr,1
197,5,0,0.051,0,0,0,0,0,0,5.41,fr,0
64,11,0,0.287,0,0,0,0,0,0,3.98,fr,0
88,16,4,0.137,0,0,0,0,1,0,3.58,en,0
78,14,3,0.106,0,0,0,0,0,0,4.01,en,0
79,17,1,0.151,1,0,0,0,0,0,4.09,en,0
79,11,1,0.02,1,0,0,0,1,0,4.81,fr,0
166,24,11,0.503,1,1,3,2,0,0,5.62,en,1
65,31,1,0.126,0,0,0,0,0,0,4.47,en,0
44,19,2,0.058,1,0,0,0,0,0,4.81,fr,0
90,18,6,0.507,2,0,1,2,1,1,5.82,en,1
50,12,0,0.114,0,1,2,0,0,0,6.45,en,0
155,19,0,0.086,0,0,0,1,0,0,4.13,fr,0
108,18,1,0.156,0,0,0,0,0,0,5.47,en,0
123,18,0,0.216,1,0,0,0,0,1,3.4,en,0
91,6,2,0.079,0,0,0,0,0,0,4.75,fr,0
66,4,0,0.275,0,0,0,0,0,0,4.84,fr,0
150,23,8,0.58,2,1,0,3,1,0,5.1,en,1
139,14,1,0.15,0,0,0,0,0,0,3.82,fr,0
94,19,3,0.27,0,0,0,1,0,0,4.62,en,0
149,21,1,0.061,1,0,0,0,0,0,4.13,en,0
121,31,8,0.061,3,4,1,1,1,1,4.22,fr,1
153,21,11,0.29,5,2,2,1,1,1,6.73,fr,1
179,18,4,0.115,0,0,0,0,0,0,3.51,en,0
117,9,1,0.044,0,0,0,0,0,0,4.16,en,0
116,21,0,0.045,1,0,0,1,0,0,4.31,en,0
58,21,7,0.474,7,1,2,2,0,1,6.45,en,1
149,9,0,0.314,0,0,0,0,0,0,3.92,en,0
95,21,1,0.053,1,0,1,0,0,0,6.0,fr,0
150,8,5,0.488,5,1,1,6,1,1,5.37,en,1
153,24,2,0.002,0,0,0,0,0,0,4.37,fr,0
131,35,9,0.428,0,1,4,1,0,0,5.41,en,1
110,17,1,0.058,1,0,0,0,1,1,5.66,en,0
147,16,1,0.027,1,0,0,0,0,0,4.09,en,0
55,28,0,0.124,0,0,0,0,0,0,3.99,en,0
105,22,9,0.334,5,0,1,3,0,1,4.48,fr,1
145,33,6,0.423,5,3,2,2,1,1,5.14,fr,1
109,23,7,0.519,5,3,0,3,1,1,6.87,en,1
161,12,0,0.013,0,0,0,0,0,0,4.68,en,0
140,32,9,0.446,0,3,0,2,1,1,3.84,fr,1
159,28,0,0.026,0,0,1,0,1,1,4.56,fr,0
73,19,4,0.15,1,0,0,0,0,0,2.67,fr,0
55,40,0,0.134,1,0,0,0,0,0,5.89,en,0
101,5,2,0.068,0,0,0,0,0,1,4.23,fr,0
5,20,3,0.142,0,0,0,0,0,0,4.28,fr,0
96,22,2,0.302,0,0,0,0,0,0,3.06,en,0
20,15,0,0.209,1,0,0,0,0,0,4.73,en,0
67,14,3,0.095,2,0,0,1,1,0,3.73,fr,0
131,13,2,0.228,2,1,3,1,0,1,5.06,en,1
145,15,1,0.033,0,0,0,0,0,0,5.07,fr,0
178,31,6,0.475,2,4,0,1,0,1,5.97,fr,1
76,23,1,0.013,0,0,0,0,0,0,5.79,fr,0
175,9,0,0.181,0,0,1,0,0,0,4.37,en,0
36,24,7,0.287,2,2,2,2,0,0,6.48,fr,1
108,19,1,0.134,0,1,0,0,1,1,5.39,en,0
16,4,1,0.022,0,0,0,0,0,1,4.71,fr,0
24,18,1,0.075,1,0,0,0,0,0,4.84,fr,0
156,3,8,0.266,4,3,2,2,1,1,5.43,en,1
28,17,2,0.085,0,0,0,0,0,0,4.95,en,0
148,24,5,0.134,1,1,1,2,1,0,4.05,en,1
56,9,1,0.104,0,0,1,0,0,0,6.47,fr,0
91,20,1,0.083,0,0,0,0,0,0,4.83,fr,0
134,23,5,0.416,2,2,2,6,1,1,5.26,fr,1
101,24,2,0.108,0,0,0,0,0,1,4.5,en,0
5,24,1,0.064,0,0,0,0,0,0,4.61,en,0
187,37,11,0.278,2,0,1,2,1,1,4.86,en,1
141,28,1,0.11,0,0,0,0,0,1,4.47,fr,0
154,19,2,0.444,1,1,3,2,1,0,6.21,en,1
66,5,0,0.343,0,0,0,0,0,0,4.34,fr,0
57,21,0,0.201,1,0,0,0,0,0,6.05,en,0
13,21,0,0.018,0,0,0,0,1,0,5.12,en,0
120,15,4,0.016,1,0,0,0,0,0,4.57,en,0
94,18,3,0.302,0,3,4,5,0,0,6.37,fr,1
100,19,2,0.12,0,0,0,0,0,0,4.48,fr,0
184,25,4,0.377,1,1,1,1,0,1,6.73,fr,1
150,39,8,0.302,2,4,1,3,1,0,7.39,fr,1
50,15,5,0.175,0,0,0,0,0,0,5.87,fr,0
132,30,7,0.134,0,1,5,4,1,0,4.55,fr,1
144,33,1,0.203,0,0,0,1,0,0,5.55,fr,0
65,19,11,0.501,4,2,1,2,1,1,4.06,fr,1
126,4,5,0.452,0,1,1,1,0,0,4.98,en,1
97,21,1,0.266,1,0,0,0,0,0,3.46,fr,0
137,12,0,0.067,0,0,0,0,0,0,5.53,fr,0
54,7,3,0.046,1,0,0,0,0,0,2.86,fr,0
72,13,1,0.173,1,0,0,1,0,0,5.62,en,0
23,17,2,0.185,0,0,0,0,0,0,2.82,en,0
135,26,6,0.342,2,3,2,5,1,0,3.11,fr,1
176,25,10,0.525,1,2,0,0,0,1,4.16,en,1
62,18,0,0.281,1,0,0,0,0,0,4.21,fr,0
112,21,6,0.382,7,2,3,4,1,1,5.19,fr,1
130,15,2,0.008,1,0,0,0,0,0,4.97,fr,0
143,32,2,0.53,2,0,0,0,1,0,5.44,en,1
25,16,1,0.238,0,0,0,0,0,0,4.84,en,0
119,23,0,0.15,0,0,0,0,0,1,5.4,en,0
122,15,6,0.193,4,2,3,1,1,1,4.78,en,1
182,30,12,0.195,3,0,3,3,1,1,5.42,en,1
169,12,11,0.651,3,1,3,4,0,0,5.46,fr,1
156,28,5,0.396,2,0,0,1,0,1,5.67,fr,1
64,20,2,0.024,1,0,0,0,0,1,4.26,fr,0
75,31,2,0.136,0,0,0,1,0,0,5.0,fr,0
86,16,1,0.164,0,0,0,0,0,0,5.12,fr,0
100,23,4,0.123,0,0,0,0,0,0,4.75,fr,0
155,22,1,0.003,1,1,0,0,1,0,4.33,fr,0
163,11,8,0.606,3,1,1,1,1,0,4.78,en,1
89,17,5,0.193,2,0,4,2,0,0,3.08,fr,1
118,33,4,0.188,0,5,1,1,0,1,5.86,en,1
219,34,3,0.531,0,4,2,4,1,1,5.03,fr,1
99,8,1,0.042,0,0,0,0,0,0,5.45,en,0
25,27,0,0.018,1,0,0,0,0,0,4.62,fr,0
121,28,2,0.163,1,0,0,0,0,0,3.83,en,0
52,20,1,0.012,0,0,0,0,0,0,5.01,fr,0
128,14,11,0.616,3,3,2,4,0,1,4.54,en,1
141,44,10,0.377,3,0,2,4,1,1,5.12,fr,1
97,5,1,0.152,0,0,0,0,0,0,4.71,fr,0
64,13,3,0.022,0,0,0,2,0,0,3.47,fr,0
70,15,0,0.025,1,0,1,0,0,1,4.42,fr,0
57,5,0,0.02,1,0,0,0,0,0,5.89,en,0
184,25,2,0.071,0,0,0,0,0,0,4.44,fr,0
61,11,3,0.09,0,0,0,0,0,0,5.09,fr,0
68,21,11,0.453,4,2,1,3,0,1,5.83,fr,1
130,4,1,0.016,0,0,0,0,0,1,5.43,fr,0
85,17,0,0.023,0,0,0,0,0,0,4.74,fr,0
37,21,0,0.08,0,0,0,0,0,0,4.7,fr,0
106,21,1,0.16,0,0,0,0,0,0,4.95,fr,0
52,11,1,0.162,0,0,1,0,0,0,4.03,en,0
75,17,1,0.282,0,0,0,0,0,0,5.93,fr,0
168,22,5,0.525,3,2,5,7,1,1,5.69,en,1
121,24,0,0.072,1,0,0,0,0,0,4.28,fr,0
84,11,1,0.142,0,0,0,0,0,0,5.09,fr,0
133,21,1,0.068,0,0,0,0,0,0,5.4,fr,0
130,14,6,0.517,4,2,1,2,1,0,3.65,en,1
85,12,0,0.02,0,0,0,0,0,0,5.61,fr,0
55,29,3,0.139,0,0,0,0,1,0,5.31,fr,0
27,13,1,0.151,0,0,0,0,0,0,4.75,fr,0
62,11,1,0.149,0,0,0,0,0,0,4.56,en,0
85,28,3,0.071,0,0,1,0,1,0,6.64,en,0
93,4,2,0.203,0,0,0,2,0,0,4.7,fr,0
70,7,1,0.004,0,0,0,0,0,0,5.41,fr,0
124,26,0,0.141,1,0,0,0,0,0,5.41,en,0
52,24,1,0.085,0,0,0,0,1,0,3.85,en,0
116,14,1,0.078,0,0,0,0,0,0,3.79,en,0
204,22,7,0.319,5,3,5,2,1,1,4.98,en,1
82,19,0,0.053,0,0,0,1,0,1,5.02,fr,0
138,13,1,0.021,0,0,0,0,1,0,5.71,en,0
139,12,0,0.007,0,0,0,0,0,0,4.52,fr,0
73,19,2,0.129,0,0,0,0,0,0,5.81,fr,0
69,21,1,0.053,0,0,0,0,0,0,4.15,fr,0
120,35,1,0.083,1,0,0,0,0,0,3.23,en,0
207,30,2,0.457,1,1,1,2,0,1,5.48,en,1
60,23,1,0.053,1,0,0,0,0,1,4.11,en,0
157,22,1,0.025,0,0,0,0,0,1,3.82,fr,0
105,21,6,0.374,3,1,3,5,1,0,5.94,fr,1
118,3,5,0.071,0,0,0,0,0,0,4.11,en,0
175,10,0,0.108,1,0,1,0,0,0,5.7,en,0
96,28,2,0.058,1,0,0,0,1,0,4.01,fr,0
70,18,5,0.461,2,2,1,4,0,1,5.89,fr,1
153,27,0,0.115,0,0,0,0,0,0,5.04,fr,0
96,20,7,0.527,3,2,2,1,1,0,5.45,en,1
70,29,2,0.183,0,0,0,0,0,0,3.42,fr,0
112,19,7,0.385,3,1,2,4,1,1,7.42,fr,1
157,19,2,0.278,1,0,0,1,0,0,5.19,en,0
125,14,1,0.106,0,0,0,1,0,0,6.42,fr,0
170,17,0,0.142,1,0,0,0,0,0,4.85,fr,0
125,42,9,0.267,4,2,2,1,1,1,6.0,fr,1
54,3,1,0.095,0,0,0,1,0,0,5.57,en,0
196,22,5,0.125,6,2,2,1,0,1,4.55,fr,1
75,18,1,0.149,0,0,0,0,0,0,4.23,en,0
112,15,5,0.446,3,1,1,3,1,1,5.56,en,1
173,25,3,0.133,0,0,0,0,0,1,4.53,fr,0
140,20,1,0.127,1,0,0,0,0,0,4.88,en,0
69,36,3,0.032,0,0,0,0,0,0,5.47,fr,0
147,33,3,0.434,0,4,1,1,1,0,5.6,fr,1
54,20,1,0.078,1,0,0,1,0,0,4.63,fr,0
138,25,2,0.08,0,1,0,1,0,0,5.13,en,0
101,20,2,0.062,0,0,1,0,0,0,3.1,fr,0
77,14,6,0.269,5,1,1,1,1,1,4.42,en,1
70,17,2,0.114,0,1,0,0,1,0,4.44,en,0
65,22,0,0.04,0,0,0,0,0,0,4.07,fr,0
65,13,3,0.022,0,0,0,0,0,0,3.8,fr,0
38,7,1,0.051,0,0,0,0,1,1,4.1,fr,0
111,13,2,0.08,0,0,0,0,0,0,5.17,fr,0
137,32,7,0.615,1,0,1,3,0,0,5.67,fr,1
69,20,0,0.077,0,0,0,0,0,0,6.07,en,0
98,16,0,0.037,0,0,0,0,1,0,4.33,en,0
105,5,0,0.126,0,1,0,1,0,0,3.02,en,0
187,20,1,0.137,0,0,0,0,0,0,4.53,fr,0
138,23,4,0.561,3,0,2,1,0,0,4.26,en,1
80,17,3,0.06,0,0,0,0,0,0,4.94,en,0
130,42,4,0.278,3,0,1,2,1,1,5.43,fr,1
141,38,5,0.449,1,0,1,1,1,0,4.21,fr,1
84,22,1,0.138,1,0,0,0,0,0,4.39,fr,0
178,13,0,0.151,0,0,0,0,0,0,4.42,en,0
177,34,10,0.301,4,0,0,4,0,1,3.62,fr,1
136,27,0,0.143,1,0,0,0,0,0,4.62,fr,0
140,19,9,0.416,2,2,2,2,1,0,3.13,fr,1
102,30,7,0.293,4,1,1,4,1,1,5.73,fr,1
73,25,1,0.044,0,0,0,0,1,0,4.29,fr,0
76,6,1,0.075,0,0,0,0,1,0,5.91,fr,0
150,21,0,0.022,0,0,0,0,0,0,4.96,en,0
139,15,3,0.231,0,0,0,0,1,0,4.33,fr,0
87,27,1,0.032,0,0,0,0,0,0,4.51,fr,0
158,17,1,0.048,0,0,0,0,0,0,4.25,en,0
119,14,2,0.078,0,0,0,0,0,0,4.52,fr,0
104,26,8,0.406,2,1,1,1,1,0,6.44,fr,1
137,24,7,0.693,2,2,1,3,1,0,5.66,en,1
52,12,0,0.139,0,0,1,0,0,0,4.1,fr,0
147,26,9,0.219,1,0,5,2,1,1,4.21,en,1
59,14,5,0.069,0,0,0,0,0,0,4.94,fr,0
211,25,10,0.303,4,0,2,1,1,0,6.35,fr,1
87,18,1,0.071,0,1,0,0,0,0,2.97,fr,0
87,10,0,0.007,1,0,0,0,0,0,4.16,en,0
142,40,6,0.283,4,7,2,2,1,0,5.27,en,1
166,29,3,0.53,3,1,5,2,0,1,5.17,en,1
41,17,0,0.042,0,0,0,0,0,1,3.72,fr,0
73,21,0,0.307,0,0,0,0,0,0,5.26,fr,0
41,9,1,0.052,1,0,0,0,0,0,6.12,en,0
6,7,1,0.079,0,0,0,0,0,0,4.59,en,0
107,21,1,0.096,1,0,0,0,1,1,4.2,en,0
219,9,1,0.127,1,0,0,0,1,0,4.33,fr,0
90,19,1,0.114,1,0,0,0,0,0,4.78,en,0
97,14,3,0.011,0,0,0,0,0,0,3.76,fr,0
45,24,0,0.043,0,0,0,0,0,0,4.55,en,0
134,17,7,0.413,2,1,3,3,0,0,4.46,en,1
151,40,9,0.4,3,1,1,4,0,1,6.39,fr,1
36,17,3,0.113,0,0,0,0,0,0,4.04,fr,0
82,16,2,0.056,2,0,0,0,0,0,4.91,en,0
150,23,3,0.009,0,0,0,0,0,0,4.18,en,0
40,15,0,0.083,0,0,1,0,0,0,5.01,en,0
105,21,8,0.47,4,2,1,2,0,1,5.89,en,1
102,27,6,0.556,3,0,3,5,1,0,5.71,en,1
34,18,2,0.216,0,0,0,0,0,0,6.05,fr,0
108,22,2,0.039,0,0,0,0,0,0,3.49,fr,0
160,32,7,0.399,1,1,0,1,1,0,5.39,en,1
79,26,9,0.301,0,1,2,2,1,1,5.02,en,1
169,27,5,0.196,4,1,0,3,1,0,6.24,en,1
12,21,1,0.201,0,0,0,0,1,1,4.8,fr,0
129,15,7,0.573,2,1,0,0,1,0,3.59,en,1
107,13,1,0.302,1,0,0,0,1,0,4.96,fr,0
145,28,4,0.433,0,1,1,3,0,1,7.02,en,1
110,20,6,0.419,0,2,1,1,1,1,4.95,fr,1
171,31,6,0.165,2,1,2,6,1,0,3.48,en,1
128,31,3,0.224,2,2,3,1,0,1,3.17,fr,1
151,30,7,0.536,2,2,1,2,1,0,6.05,fr,1
102,27,11,0.156,1,0,5,1,1,0,3.12,en,1
143,30,5,0.314,1,0,0,3,1,0,5.96,fr,1
129,17,0,0.204,1,0,0,0,0,0,4.03,en,0
36,25,0,0.049,2,0,0,0,0,0,4.64,fr,0
142,19,2,0.249,3,2,0,4,1,1,4.95,fr,1
122,16,3,0.262,4,1,0,3,1,1,4.25,fr,1
119,7,4,0.087,0,0,1,0,0,0,5.55,en,0
53,21,1,0.131,1,0,2,0,0,0,4.63,fr,0
174,13,8,0.543,5,2,0,2,1,0,5.8,fr,1
103,13,2,0.279,0,0,0,1,0,0,5.93,fr,0
157,22,1,0.068,1,0,0,0,0,0,4.87,en,0
119,17,1,0.219,0,0,0,0,0,0,4.01,fr,0
151,18,11,0.51,3,1,5,1,1,0,4.73,en,1
81,16,4,0.186,0,0,0,0,0,0,5.27,fr,0
133,29,13,0.6,4,1,2,5,1,1,4.62,fr,1
123,18,1,0.228,0,0,0,0,0,0,3.38,en,0
100,11,2,0.051,0,0,1,0,1,0,5.86,en,0
119,8,5,0.566,1,1,5,4,1,0,5.45,en,1
146,23,7,0.499,2,3,4,4,1,1,3.84,fr,1
60,12,2,0.052,0,0,0,0,0,1,3.82,fr,0
63,10,1,0.024,0,0,0,0,0,0,2.98,en,0
90,11,1,0.107,0,0,0,0,0,0,4.44,fr,0
34,13,1,0.08,0,0,0,0,0,0,5.33,fr,0
7,14,0,0.11,0,0,0,0,0,0,5.74,en,0
225,36,6,0.406,6,1,3,0,1,0,4.95,fr,1
149,29,5,0.403,4,0,2,1,1,0,5.06,fr,1
143,27,2,0.009,0,0,0,0,0,0,4.3,en,0
129,31,6,0.573,2,1,1,2,1,0,5.39,en,1
45,19,2,0.034,2,0,0,0,0,0,4.81,en,0
59,25,1,0.156,1,0,1,0,0,0,4.01,en,0
185,23,2,0.098,1,0,0,0,0,0,4.47,en,0
57,1,0,0.154,0,0,0,0,0,0,5.02,fr,0
60,14,3,0.126,0,0,0,0,0,0,4.9,en,0
129,14,9,0.552,3,1,2,1,0,1,3.7,fr,1
223,22,6,0.474,3,2,4,3,1,1,4.94,en,1
108,16,11,0.566,3,2,1,2,1,1,3.92,en,1
108,3,7,0.218,1,1,3,2,1,1,6.35,fr,1
127,30,0,0.176,1,0,0,0,0,0,3.68,fr,0
147,31,0,0.016,0,0,0,0,0,0,4.46,en,0
103,17,2,0.128,0,0,1,0,0,1,3.41,fr,0
138,10,1,0.139,0,0,0,1,0,0,4.36,fr,0
10,19,0,0.027,1,0,0,0,0,0,3.96,en,0
84,3,5,0.311,3,0,0,2,0,0,5.44,fr,1
124,16,5,0.621,1,3,3,1,1,0,4.34,en,1
151,10,4,0.441,3,0,2,0,0,1,4.9,fr,1
38,3,0,0.071,0,0,0,0,0,0,4.51,fr,0
83,5,6,0.417,2,0,1,0,0,1,5.39,en,1
116,3,4,0.452,1,3,0,3,1,1,5.09,fr,1
120,29,1,0.015,0,0,0,0,0,0,4.43,fr,0
127,8,1,0.208,0,0,0,0,0,0,6.05,en,0
130,22,4,0.006,1,0,0,0,0,0,4.27,fr,0
107,13,4,0.325,0,1,2,1,1,1,5.49,en,1
49,25,0,0.152,1,0,0,0,0,0,3.76,en,0
133,17,1,0.121,0,0,0,1,0,0,5.32,fr,0
45,8,0,0.018,1,0,0,0,0,0,4.39,fr,0
213,26,1,0.116,1,0,0,0,0,0,4.03,fr,0
59,12,2,0.097,0,0,0,0,0,0,3.4,fr,0
87,16,2,0.012,2,0,0,0,0,0,5.63,fr,0
161,22,9,0.678,2,1,1,4,1,0,4.47,fr,1
114,24,9,0.387,2,1,0,3,1,1,5.09,en,1
208,27,4,0.749,3,3,3,1,1,1,5.26,fr,1
28,7,0,0.049,0,0,0,0,0,1,4.34,en,0
21,13,1,0.204,0,0,1,0,0,0,5.8,fr,0
42,1,3,0.082,1,0,1,0,0,0,5.43,en,0
100,23,0,0.067,0,0,1,0,0,0,4.68,en,0
97,16,0,0.049,0,0,0,0,0,0,6.43,en,0
131,7,4,0.361,4,0,0,5,1,1,6.78,fr,1
37,8,1,0.062,0,0,0,0,0,1,5.31,fr,0
173,23,7,0.321,3,1,3,3,1,0,4.6,fr,1
140,5,0,0.157,0,0,1,0,0,0,5.87,en,0
144,14,1,0.116,0,0,0,0,0,1,3.73,fr,0
191,21,0,0.023,0,0,1,0,0,0,6.67,fr,0
138,6,0,0.082,0,0,0,0,0,0,4.72,fr,0
86,37,7,0.505,5,2,1,5,1,1,5.14,en,1
119,25,2,0.03,0,0,0,0,0,0,2.47,fr,0
112,25,0,0.163,0,0,0,0,0,0,4.28,fr,0
98,15,0,0.22,0,0,0,0,0,0,3.68,en,0
12,16,0,0.178,1,0,0,0,0,0,5.75,fr,0
82,15,0,0.122,0,0,0,0,0,0,4.03,fr,0
5,27,0,0.115,0,0,0,0,1,0,4.76,en,0
152,19,6,0.694,5,0,0,4,1,1,5.79,fr,1
159,26,1,0.031,0,0,0,0,0,0,4.15,fr,0
112,17,1,0.003,0,0,0,0,0,1,3.98,en,0
216,16,0,0.09,0,0,0,0,0,0,3.29,fr,0
142,25,1,0.051,0,0,0,0,0,0,5.41,en,0
174,16,3,0.164,2,4,0,1,1,0,4.93,en,1
5,17,0,0.172,0,0,1,1,0,0,4.95,en,0
117,27,2,0.087,1,0,0,1,0,0,4.95,fr,0
154,13,8,0.251,2,2,3,4,0,0,4.29,fr,1
67,18,2,0.174,0,0,0,0,0,0,4.77,fr,0
95,8,2,0.02,0,0,0,0,0,0,5.07,fr,0
216,27,11,0.459,2,1,3,2,0,1,5.22,fr,1
208,30,10,0.276,3,1,0,0,1,1,5.15,en,1
144,16,1,0.054,0,0,0,0,0,0,4.2,fr,0
165,26,3,0.016,0,0,0,0,0,0,4.29,fr,0
59,25,0,0.161,0,0,0,0,0,0,4.08,fr,0
41,24,0,0.039,1,1,0,0,1,1,2.78,en,0
30,20,0,0.25,0,0,1,0,0,1,5.06,fr,0
137,19,3,0.309,0,0,0,0,1,0,5.1,fr,0
144,21,2,0.113,1,0,0,0,0,0,3.27,fr,0
199,31,3,0.166,1,2,4,0,0,1,4.22,en,1
121,31,1,0.1,1,0,0,0,1,0,4.47,fr,0
77,29,1,0.019,0,0,0,0,0,0,5.1,en,0
108,24,1,0.071,0,0,0,0,0,0,3.26,en,0
109,15,0,0.033,1,0,0,0,0,0,4.1,fr,0
147,14,7,0.13,2,5,1,3,0,0,4.24,fr,1
77,10,0,0.128,0,0,0,1,0,0,5.37,fr,0
145,14,1,0.046,2,0,0,0,0,0,4.9,en,0
132,19,0,0.03,0,0,0,0,0,0,3.82,fr,0
90,6,4,0.042,1,0,0,0,1,0,7.67,en,0
68,25,0,0.131,0,0,0,0,0,0,3.73,fr,0
95,31,2,0.22,4,0,3,3,1,0,5.91,en,1
165,49,9,0.462,1,2,1,2,1,0,5.21,en,1
68,25,10,0.559,4,3,2,3,1,1,4.91,fr,1
83,18,0,0.07,0,0,1,0,0,0,4.39,fr,0
147,16,2,0.034,0,0,0,0,0,1,4.09,fr,0
87,9,1,0.061,3,0,0,0,0,0,4.95,fr,0
133,19,3,0.641,3,3,1,2,1,0,5.82,en,1
103,24,2,0.12,0,0,0,0,0,1,4.74,fr,0
119,20,2,0.057,1,0,0,0,0,0,4.1,fr,0
97,19,1,0.011,0,0,0,0,0,0,5.93,en,0
99,23,3,0.02,0,0,0,0,0,0,4.71,en,0
103,16,1,0.009,0,0,0,0,0,0,4.14,fr,0
59,18,6,0.393,1,1,2,4,0,1,5.48,en,1
99,12,3,0.372,0,0,0,0,0,0,4.99,en,0
64,38,2,0.171,0,0,0,0,0,1,4.98,fr,0
99,14,0,0.21,1,0,0,0,0,0,5.35,fr,0
122,37,4,0.259,1,4,4,1,1,0,4.23,en,1
110,24,0,0.074,1,0,0,0,0,1,3.03,en,0
153,25,8,0.657,2,1,1,0,1,0,4.72,en,1
170,14,0,0.05,1,1,0,0,0,0,3.77,fr,0
38,20,0,0.21,1,0,0,1,0,0,5.32,fr,0
144,22,1,0.018,0,0,1,1,0,0,4.83,en,0
24,21,1,0.052,1,0,0,0,0,0,4.55,fr,0
88,15,0,0.059,1,0,0,0,0,0,4.36,en,0
154,28,4,0.501,2,1,3,0,1,0,5.78,en,1
150,15,0,0.04,2,0,0,0,0,0,6.47,en,0
258,22,5,0.246,5,2,0,3,1,1,7.1,fr,1
77,20,1,0.197,0,0,0,1,0,0,5.33,en,0
24,17,1,0.125,0,0,0,0,0,0,3.96,fr,0
67,16,2,0.183,0,0,0,0,1,0,4.74,fr,0
5,16,1,0.047,0,0,0,0,0,0,6.62,fr,0
90,24,2,0.094,2,0,1,0,0,0,3.98,fr,0
89,15,0,0.136,2,0,0,0,0,1,4.83,en,0
98,9,2,0.087,0,0,1,0,0,0,5.5,fr,0
168,8,0,0.117,1,0,0,0,0,0,3.82,fr,0
180,18,4,0.305,4,3,0,1,1,1,5.26,en,1
146,15,9,0.441,3,0,0,2,0,1,7.11,en,1
149,21,8,0.365,1,1,1,3,1,0,6.06,en,1
69,23,0,0.079,1,0,0,0,0,0,4.55,fr,0
74,20,5,0.27,2,1,4,0,0,0,6.0,fr,1
105,27,3,0.072,0,0,0,0,0,1,5.54,fr,0
116,27,4,0.352,6,0,1,1,0,1,4.53,en,1
98,21,5,0.56,0,0,3,3,0,1,7.06,en,1
89,16,6,0.295,2,1,0,3,1,1,5.87,fr,1
111,14,3,0.051,0,0,0,0,0,0,5.23,en,0
175,31,7,0.273,5,1,2,1,1,0,4.66,en,1
39,6,1,0.362,0,0,1,0,0,0,3.37,fr,0
148,17,1,0.221,0,0,0,0,0,0,5.55,en,0
132,26,5,0.45,7,0,1,2,1,1,3.66,en,1
91,30,6,0.354,4,1,1,1,1,1,4.28,fr,1
48,25,0,0.205,1,0,0,0,0,1,5.2,fr,0
91,16,1,0.155,0,0,0,0,0,0,2.77,fr,0
116,7,0,0.111,1,1,0,0,0,0,3.94,fr,0
74,27,2,0.025,1,0,0,1,0,0,4.34,fr,0
95,17,0,0.219,0,1,0,0,0,0,4.59,fr,0
109,30,6,0.32,3,2,2,2,1,0,3.96,fr,1
80,23,0,0.035,0,0,0,0,0,1,5.11,en,0
72,3,2,0.111,0,1,0,0,1,0,4.0,fr,0
74,14,1,0.407,1,0,0,0,1,0,5.22,en,0
98,29,1,0.1,1,1,0,0,0,0,3.49,en,0
75,11,0,0.174,0,1,0,0,0,0,4.22,fr,0
135,30,4,0.439,2,2,1,0,1,1,4.54,fr,1
74,16,1,0.056,1,0,0,0,0,0,4.28,fr,0
149,12,0,0.133,0,0,1,0,0,0,4.94,fr,0
63,20,2,0.546,4,1,3,3,1,1,4.48,en,1
5,10,2,0.217,0,0,0,0,0,0,5.07,en,0
132,24,7,0.475,4,3,3,5,0,1,4.03,fr,1
124,25,2,0.17,0,0,0,1,0,0,4.19,fr,0
197,18,1,0.259,0,0,0,0,0,0,5.23,en,0
124,39,1,0.153,1,0,0,0,1,0,5.26,en,0
51,23,2,0.035,0,0,0,0,0,0,3.47,fr,0
73,17,2,0.057,2,0,0,0,0,0,4.76,en,0
133,11,2,0.315,2,0,0,0,1,1,4.19,en,1
41,25,6,0.572,2,1,1,1,1,1,4.77,fr,1
53,21,2,0.163,0,1,0,0,0,0,3.97,fr,0
74,20,0,0.205,0,0,0,0,0,0,4.57,fr,0
88,9,2,0.143,0,0,0,0,0,0,5.24,en,0
138,25,9,0.504,3,1,2,0,0,1,5.16,en,1
58,15,0,0.035,0,0,0,0,0,0,3.71,en,0
142,8,2,0.229,1,0,0,0,0,0,3.53,fr,0
201,15,8,0.652,5,1,0,4,1,0,6.12,en,1
104,32,5,0.479,4,0,2,3,1,1,3.82,fr,1
87,10,2,0.172,0,0,0,0,0,0,5.63,fr,0
120,20,0,0.233,2,0,0,0,0,0,4.11,fr,0
134,17,0,0.052,0,0,0,0,0,0,3.86,fr,0
141,34,9,0.307,5,2,2,3,0,0,6.12,en,1
88,18,1,0.092,0,0,0,0,0,0,4.1,en,0
115,39,10,0.243,2,1,2,3,1,1,5.2,fr,1
154,25,8,0.264,1,1,4,2,1,0,4.82,en,1
5,21,2,0.041,0,0,0,0,0,0,5.53,fr,0
73,24,7,0.313,1,3,3,0,1,0,5.49,fr,1
126,20,9,0.39,0,2,4,3,1,1,5.2,fr,1
137,23,5,0.283,1,4,2,3,1,1,6.64,fr,1
76,27,3,0.053,1,0,0,0,0,0,5.62,fr,0
102,23,1,0.078,0,0,0,0,0,0,6.3,en,0
113,26,0,0.055,0,0,0,0,0,0,2.91,en,0
134,11,2,0.217,0,0,0,0,0,0,2.96,fr,0
101,24,7,0.471,7,1,0,1,1,0,4.08,en,1
199,12,11,0.371,8,1,1,3,0,1,5.23,en,1
165,19,6,0.63,2,0,3,0,1,0,6.63,en,1
114,31,6,0.358,2,1,2,5,0,1,6.48,en,1
137,12,2,0.308,0,0,0,0,0,0,4.91,en,0
123,32,6,0.492,3,0,4,5,0,1,5.23,fr,1
148,15,2,0.043,0,0,0,0,0,0,5.08,en,0
61,15,1,0.134,0,0,0,0,0,0,3.88,fr,0
199,12,4,0.181,5,5,0,3,1,0,3.3,fr,1
122,11,2,0.005,0,0,0,0,0,0,5.14,fr,0
101,16,0,0.108,0,0,2,0,0,0,3.15,en,0
145,30,5,0.29,3,2,1,2,1,0,4.89,en,1
33,15,4,0.074,2,0,0,0,0,0,5.58,en,0
48,12,1,0.146,1,0,0,0,0,0,3.31,fr,0
95,29,4,0.091,2,0,0,1,0,0,5.79,en,0
46,22,0,0.004,2,0,0,0,0,0,5.11,fr,0
71,20,1,0.113,0,0,0,0,0,0,3.77,fr,0
103,11,10,0.505,1,2,4,2,1,1,3.76,en,1
112,20,5,0.284,2,3,2,1,1,0,5.96,en,1
89,24,7,0.303,0,3,2,2,0,0,4.13,en,1
93,20,1,0.176,0,0,0,0,0,0,3.65,fr,0
136,5,0,0.142,1,0,0,0,0,0,5.83,fr,0
121,7,2,0.177,0,0,0,0,0,0,3.77,fr,0
168,11,5,0.038,0,0,0,0,0,0,3.92,en,0
91,18,0,0.061,0,0,0,0,0,0,4.58,en,0
147,13,1,0.137,1,0,0,0,0,0,3.1,en,0
202,22,12,0.446,1,1,4,3,0,0,4.15,fr,1
71,14,2,0.115,0,0,1,0,0,0,4.34,en,0
90,14,4,0.397,2,1,1,2,1,0,5.03,fr,1
83,28,6,0.55,1,2,1,2,1,0,5.97,fr,1
82,19,1,0.103,1,0,0,0,0,0,5.47,en,0
108,11,1,0.032,0,0,0,0,0,0,5.0,en,0
82,19,1,0.064,2,0,0,1,0,1,4.83,en,0
129,14,2,0.198,2,0,0,0,0,1,3.02,fr,0
63,45,14,0.337,6,1,1,4,0,1,4.48,fr,1
200,29,2,0.446,4,1,0,2,1,0,3.63,fr,1
102,30,6,0.542,3,3,0,3,0,1,5.38,fr,1
159,30,5,0.231,0,1,1,1,1,1,4.48,fr,1
132,13,1,0.13,1,0,0,0,0,0,4.45,fr,0
79,21,2,0.083,0,0,0,0,0,0,5.6,en,0
72,22,3,0.098,1,0,0,0,0,0,5.04,en,0
168,16,5,0.55,5,1,3,4,1,0,4.91,fr,1
136,19,4,0.181,3,1,6,3,1,1,5.14,en,1
147,23,5,0.387,2,1,2,1,1,0,4.4,en,1
84,1,5,0.067,0,0,0,0,0,0,4.23,en,0
26,23,1,0.065,0,0,0,0,0,0,4.85,fr,0
35,24,1,0.051,1,0,0,0,0,0,5.14,fr,0
112,13,5,0.409,1,0,2,2,0,1,5.15,fr,1
84,16,0,0.211,0,0,0,0,0,0,4.91,fr,0
171,14,0,0.166,1,0,0,0,0,0,5.67,en,0
97,17,1,0.075,0,0,0,1,0,0,3.43,en,0
97,18,1,0.164,0,0,0,0,0,0,2.47,en,0
133,21,4,0.149,0,0,0,0,0,0,4.86,fr,0
88,32,1,0.085,0,0,0,0,0,0,3.94,fr,0
37,8,1,0.197,0,0,0,0,0,0,4.12,en,0
154,15,2,0.114,0,0,0,0,0,0,4.83,fr,0
56,14,0,0.081,0,0,0,0,0,0,4.83,fr,0
30,11,2,0.076,0,0,0,0,0,0,4.03,fr,0
144,43,3,0.415,1,2,1,2,1,0,6.5,en,1
96,32,6,0.366,2,4,3,0,1,0,6.28,en,1
122,8,1,0.012,0,0,0,0,0,0,4.54,fr,0
85,8,1,0.055,0,0,0,0,0,0,4.51,fr,0
172,5,0,0.115,0,1,0,0,0,0,3.31,en,0
105,3,3,0.214,1,0,0,0,0,0,5.1,fr,0
65,11,0,0.114,0,0,0,1,0,0,4.36,fr,0
65,15,4,0.184,0,0,0,0,0,0,3.75,fr,0
189,18,0,0.026,0,0,0,0,0,1,4.96,en,0
188,27,5,0.394,0,2,0,2,1,0,5.09,en,1
185,12,9,0.336,3,1,5,1,1,1,4.99,en,1
104,15,1,0.025,1,0,0,2,0,0,4.09,fr,0
56,22,6,0.444,3,0,1,0,0,1,6.36,en,1
156,11,0,0.022,1,0,0,1,0,0,3.15,fr,0
77,6,1,0.156,0,0,0,0,0,0,5.51,fr,0
188,10,9,0.568,1,0,3,1,1,1,5.06,en,1
90,29,2,0.423,0,0,0,0,0,0,3.72,fr,0
28,16,0,0.241,0,0,0,1,0,0,5.02,en,0
70,26,3,0.124,1,0,0,0,0,0,4.75,en,0
183,41,6,0.423,3,3,3,3,1,0,3.69,en,1
104,25,6,0.359,4,1,0,4,0,1,5.46,en,1
86,19,3,0.162,0,0,0,0,1,0,4.24,fr,0
119,17,0,0.146,1,0,0,0,0,0,4.54,en,0
175,23,8,0.26,0,2,2,3,0,0,5.0,fr,1
52,21,1,0.182,1,0,0,0,0,0,4.84,en,0
5,17,1,0.052,1,0,0,0,0,0,4.16,fr,0
174,23,2,0.345,1,5,4,2,1,0,4.99,en,1
5,28,0,0.076,1,0,0,0,0,0,4.54,fr,0
92,34,4,0.329,2,3,1,0,1,1,5.17,fr,1
137,32,10,0.44,0,1,1,1,1,1,4.72,fr,1
23,17,1,0.207,0,0,0,0,0,0,4.44,fr,0
205,19,6,0.426,0,1,0,2,0,1,3.75,en,1
100,14,1,0.314,0,0,0,0,0,0,4.88,fr,0
226,35,9,0.607,5,3,3,4,1,0,5.92,en,1
75,10,1,0.065,0,0,0,0,0,0,3.99,en,0
195,43,3,0.064,1,0,0,0,0,0,4.98,fr,0
39,28,0,0.012,0,0,0,0,0,0,3.59,en,0
85,12,3,0.362,4,0,2,2,1,1,3.64,fr,1
83,17,1,0.08,1,0,0,0,0,0,5.62,fr,0
64,22,3,0.036,0,0,0,0,0,0,3.86,en,0
98,24,2,0.043,1,0,0,0,1,0,3.9,en,0
117,14,3,0.176,2,0,0,0,0,0,5.19,en,0
30,11,2,0.07,0,0,0,0,0,0,6.51,en,0
145,29,7,0.313,6,3,0,2,1,1,5.1,fr,1
104,13,1,0.12,0,0,0,0,0,0,4.53,fr,0
173,20,9,0.28,1,1,1,2,1,1,6.15,en,1
68,26,0,0.059,1,0,0,0,0,0,3.72,fr,0
126,19,7,0.194,1,0,1,1,1,0,7.87,fr,1
80,28,9,0.476,0,4,3,1,0,0,6.71,en,1
90,15,2,0.192,1,0,0,0,0,1,3.36,fr,0
82,15,0,0.122,0,0,0,0,0,0,4.51,fr,0
73,30,0,0.055,0,0,0,0,0,0,4.67,fr,0
69,15,0,0.064,0,1,0,0,0,0,3.99,fr,0
55,17,1,0.169,0,0,0,0,0,0,5.63,fr,0
123,27,12,0.433,3,3,4,3,1,0,5.16,en,1
107,28,0,0.059,0,2,0,0,0,0,5.6,fr,0
5,6,1,0.042,1,0,0,1,0,0,5.0,fr,0
130,25,6,0.167,2,1,0,2,0,0,6.49,en,1
194,16,1,0.07,0,0,0,0,0,0,4.51,fr,0
84,21,0,0.042,0,0,0,0,0,0,2.58,en,0
158,19,7,0.626,4,0,2,0,1,0,5.61,fr,1
31,20,1,0.078,0,0,0,0,0,0,3.94,en,0
132,29,7,0.381,5,1,0,2,1,1,6.38,en,1
140,20,3,0.037,0,0,0,0,1,0,3.7,en,0
206,25,3,0.329,2,0,4,3,1,0,6.68,en,1
84,20,2,0.094,0,0,0,0,0,0,4.67,fr,0
83,17,0,0.04,0,0,0,0,0,0,6.1,fr,0
62,32,4,0.04,0,0,0,0,0,0,3.75,en,0
57,33,4,0.504,6,1,1,2,1,0,5.86,en,1
101,20,5,0.098,1,0,0,0,0,0,5.11,en,0
187,25,8,0.364,3,1,0,3,1,1,5.8,en,1
161,27,0,0.058,0,0,0,0,0,0,5.3,fr,0
44,13,4,0.425,1,0,0,0,1,0,4.84,en,0
216,23,8,0.81,2,1,3,1,1,0,5.8,fr,1
88,11,6,0.226,1,0,2,1,0,0,3.9,en,1
78,16,2,0.209,1,0,0,0,0,0,5.69,en,0
161,26,5,0.498,2,2,1,1,1,1,4.52,en,1
5,20,1,0.166,0,0,0,0,0,0,3.85,fr,0
171,23,6,0.196,1,0,1,0,1,0,6.05,fr,1
135,33,7,0.288,3,1,2,1,1,1,5.58,en,1
12,30,1,0.153,0,0,0,0,0,0,5.58,fr,0
109,33,6,0.46,5,1,0,2,1,0,5.12,en,1
49,21,0,0.002,0,0,0,0,0,0,3.14,en,0
32,13,0,0.047,0,0,1,0,0,0,3.95,en,0
61,10,2,0.163,3,0,0,0,0,0,6.26,fr,0
75,14,0,0.024,1,0,0,0,0,0,3.6,en,0
72,16,2,0.125,0,0,0,0,0,0,3.92,fr,0
56,27,2,0.203,0,0,0,0,0,0,5.03,fr,0
109,21,5,0.314,3,2,3,3,1,0,6.06,fr,1
30,26,1,0.158,0,0,0,0,1,0,4.69,en,0
74,6,2,0.061,0,0,0,0,0,0,5.28,en,0
72,9,0,0.15,1,0,1,0,0,0,4.1,en,0
131,13,3,0.334,2,3,2,1,1,0,6.09,fr,1
164,19,5,0.179,1,2,3,3,0,1,4.85,en,1
124,27,1,0.073,0,0,0,0,0,0,4.66,fr,0
62,14,1,0.041,0,0,1,0,0,1,3.68,fr,0
121,25,3,0.175,2,0,1,1,1,0,5.24,en,1
135,20,4,0.739,2,2,2,1,1,0,5.94,en,1
131,18,1,0.019,1,0,0,0,0,0,5.0,en,0
71,38,2,0.167,0,0,0,1,1,0,4.91,fr,0
136,26,1,0.051,0,0,0,0,0,0,4.17,fr,0
100,22,2,0.164,1,0,0,0,0,0,4.87,fr,0
64,24,1,0.091,0,0,0,0,0,0,5.79,fr,0
188,11,5,0.688,1,4,0,3,0,0,5.75,fr,1
149,21,4,0.109,1,0,1,0,0,0,4.98,en,0
102,28,7,0.602,3,2,1,2,1,1,4.13,fr,1
108,32,2,0.264,0,0,0,0,0,0,3.7,fr,0
105,9,1,0.189,0,1,0,1,0,0,4.87,en,0
64,25,0,0.068,3,0,0,0,1,0,5.4,en,0
5,15,1,0.205,2,0,1,0,1,1,5.22,fr,0
83,5,2,0.059,0,0,0,1,0,0,3.69,en,0
81,28,1,0.09,0,0,0,0,0,0,4.81,fr,0
40,18,2,0.089,0,0,0,0,0,0,6.02,fr,0
28,3,2,0.172,0,0,0,0,0,0,3.42,fr,0
66,25,0,0.178,0,0,0,0,0,0,3.89,en,0
174,9,7,0.596,3,1,1,3,0,0,3.54,en,1
65,29,1,0.112,1,0,0,0,0,0,4.66,fr,0
126,22,6,0.611,4,2,0,1,0,1,5.25,en,1
122,12,11,0.329,3,3,0,2,0,0,6.56,en,1
66,7,1,0.025,0,0,0,1,0,0,2.76,fr,0
110,7,0,0.081,1,0,0,0,0,0,4.96,en,0
151,18,6,0.807,4,1,2,1,1,0,5.77,en,1
73,29,2,0.167,0,0,0,0,1,0,3.85,fr,0
109,11,1,0.094,1,0,0,0,0,0,5.71,en,0
116,23,6,0.381,2,3,3,0,1,1,7.12,en,1
209,7,4,0.403,0,2,1,3,1,0,5.07,en,1
141,22,2,0.008,0,0,0,0,0,0,4.39,fr,0
42,25,3,0.058,0,0,0,0,1,0,3.72,fr,0
82,38,10,0.438,4,2,3,1,1,0,6.16,en,1
171,16,8,0.456,2,2,0,3,1,0,6.42,fr,1
106,13,2,0.127,0,0,0,0,0,0,4.5,fr,0
71,35,2,0.017,0,0,0,1,0,1,3.86,en,0
77,14,2,0.229,0,0,0,0,0,0,4.68,en,0
117,22,3,0.203,0,0,0,0,0,0,3.2,en,0
74,7,2,0.038,0,0,0,0,0,0,5.9,fr,0
203,14,1,0.037,0,0,0,0,0,0,4.51,fr,0
81,16,0,0.142,0,0,0,0,1,0,4.17,fr,0
185,22,7,0.362,1,0,2,3,0,1,6.44,fr,1
109,29,2,0.165,0,0,0,0,0,0,5.26,en,0
78,20,3,0.268,0,0,0,0,0,0,3.53,fr,0
96,3,2,0.067,1,0,0,1,0,0,4.58,en,0
7,28,1,0.178,0,0,0,0,0,0,5.12,fr,0
65,22,2,0.178,0,0,0,0,0,0,5.37,fr,0
231,21,7,0.372,3,2,2,3,1,0,5.2,en,1
121,17,1,0.011,0,0,0,0,1,0,3.45,fr,0
140,8,2,0.137,0,0,0,0,0,0,4.34,fr,0
123,20,0,0.013,0,0,0,0,0,0,5.66,en,0
79,6,2,0.029,0,0,0,0,1,0,4.67,en,0
116,17,1,0.139,0,0,0,0,0,0,4.99,fr,0
100,9,1,0.051,1,0,0,0,0,0,5.09,fr,0
199,35,3,0.172,2,6,3,1,1,1,5.13,fr,1
124,23,5,0.297,3,1,2,3,0,1,5.35,fr,1
176,10,4,0.154,1,0,0,0,0,0,3.33,en,0
114,10,0,0.05,0,0,1,0,0,0,5.05,en,0
128,25,7,0.401,2,0,2,3,0,1,4.93,en,1
134,36,7,0.335,3,0,1,4,0,0,4.81,en,1
172,27,3,0.208,2,0,3,4,1,1,5.12,fr,1
157,22,4,0.026,2,0,0,0,0,0,5.03,fr,0
82,17,2,0.026,1,0,1,0,0,0,5.46,fr,0
76,37,7,0.097,3,2,0,7,0,0,6.06,en,1
101,16,2,0.092,0,0,0,0,0,0,5.06,en,0
129,24,11,0.44,2,1,4,3,1,1,4.38,fr,1
61,4,2,0.119,1,0,0,0,0,0,5.35,fr,0
79,18,2,0.224,1,0,0,0,0,0,5.15,en,0
95,27,0,0.147,1,0,0,0,0,1,4.72,en,0
110,14,4,0.055,1,0,0,0,0,1,5.72,fr,0
144,19,6,0.251,4,2,1,2,1,1,5.83,en,1
81,27,2,0.278,1,0,0,0,0,0,4.89,en,0
138,8,2,0.08,0,0,0,0,0,0,3.61,fr,0
138,28,4,0.514,1,1,2,1,1,1,4.78,fr,1
120,15,3,0.088,0,0,1,1,0,0,2.88,fr,0
136,14,0,0.09,0,0,0,0,0,0,3.48,fr,0
217,33,7,0.323,6,3,3,5,1,1,6.37,fr,1
101,2,0,0.028,0,0,0,0,0,0,5.54,fr,0
82,12,1,0.116,1,0,0,0,0,0,4.81,fr,0
178,29,10,0.376,6,0,0,1,1,0,6.32,fr,1
81,18,1,0.027,0,0,0,1,0,0,6.68,fr,0
181,23,7,0.262,1,1,1,2,1,0,4.33,en,1
62,21,1,0.001,0,0,0,1,0,0,4.3,en,0
150,21,7,0.318,2,2,3,2,0,1,4.52,en,1
118,33,9,0.368,5,1,2,2,1,1,5.23,fr,1
215,24,6,0.337,1,2,2,1,1,0,6.77,fr,1
126,25,0,0.198,0,0,0,0,0,0,4.79,fr,0
80,14,0,0.094,0,0,0,0,0,0,5.09,en,0
137,14,3,0.066,0,0,0,0,0,0,3.95,fr,0
85,5,2,0.153,0,0,0,0,0,0,4.73,en,0
65,13,8,0.318,2,2,3,0,0,0,4.95,en,1
77,15,10,0.68,3,0,5,0,0,0,6.87,fr,1
57,10,0,0.069,1,1,0,0,0,0,4.79,fr,0
45,25,10,0.494,6,2,2,2,1,1,5.08,fr,1
53,27,0,0.093,1,0,0,0,0,0,4.23,fr,0
56,19,1,0.131,1,1,1,1,0,0,6.07,fr,0
90,26,0,0.357,1,0,0,0,0,0,4.94,fr,0
163,18,8,0.402,3,1,1,0,0,1,6.04,en,1
57,18,3,0.165,0,0,0,0,0,0,4.01,en,0
68,15,0,0.191,0,0,0,0,0,0,4.93,en,0
57,17,1,0.178,0,0,0,0,0,0,4.94,fr,0
42,17,0,0.11,1,0,0,0,0,0,6.05,fr,0
129,19,6,0.651,3,2,2,3,1,0,6.55,en,1
72,20,3,0.118,1,0,0,0,0,0,4.97,fr,0
100,21,2,0.181,0,0,0,0,0,0,4.81,fr,0
122,7,6,0.533,3,0,3,4,1,1,5.16,fr,1
197,18,1,0.113,0,0,0,0,0,0,4.21,en,0
229,10,0,0.213,1,0,0,0,0,0,4.32,fr,0
107,26,4,0.161,6,0,1,2,1,0,4.15,en,1
118,12,3,0.011,1,0,0,1,0,0,3.96,en,0
33,33,1,0.135,0,0,0,0,0,0,6.05,en,0
63,21,0,0.195,0,0,0,0,0,0,3.33,fr,0
84,19,3,0.267,0,0,1,0,1,0,4.82,fr,0
129,22,12,0.545,2,0,1,2,1,1,7.55,en,1
149,19,5,0.746,3,2,2,1,1,1,4.7,en,1
10,6,3,0.055,1,0,0,0,0,0,3.77,fr,0
218,40,10,0.494,4,3,2,2,1,0,5.12,en,1
124,23,5,0.332,0,3,1,3,0,1,6.33,fr,1
5,22,1,0.03,0,0,0,0,0,0,4.53,fr,0
66,18,0,0.063,0,0,0,0,0,0,4.69,fr,0
99,24,7,0.371,3,1,1,3,1,1,5.58,en,1
76,19,1,0.184,1,0,0,0,0,0,4.77,en,0
101,15,5,0.405,5,0,2,3,0,1,4.77,en,1
141,32,0,0.066,0,0,0,0,0,0,3.64,fr,0
127,12,2,0.11,1,0,0,0,0,0,3.62,fr,0
117,25,2,0.092,1,0,0,0,0,0,4.87,en,0
167,36,14,0.413,3,4,2,3,1,1,5.17,en,1
18,20,2,0.168,1,1,0,0,0,0,4.11,en,0
126,36,11,0.201,2,1,3,2,1,0,5.95,fr,1
5,8,0,0.177,1,0,0,0,0,0,3.61,en,0
176,11,0,0.103,0,0,0,1,1,0,5.43,fr,0
162,19,8,0.359,4,0,0,2,1,1,5.2,fr,1
68,3,5,0.269,1,2,1,4,1,1,5.15,en,1
42,24,1,0.009,0,0,1,0,1,0,3.84,fr,0
67,32,1,0.098,0,0,0,1,0,0,6.05,en,0
41,19,1,0.057,0,0,0,0,0,0,5.72,fr,0
108,27,2,0.014,0,0,1,0,0,0,4.06,en,0
97,23,2,0.216,0,0,1,0,0,0,4.67,fr,0
111,29,1,0.345,1,0,0,0,0,0,5.43,fr,0
18,8,3,0.063,1,0,0,0,0,0,6.48,fr,0
69,15,0,0.136,2,0,0,1,0,0,4.82,en,0
51,16,0,0.031,0,0,0,0,0,0,3.56,en,0
150,32,2,0.038,0,0,0,0,0,0,4.7,en,0
75,7,10,0.205,3,1,2,1,1,1,6.87,en,1
38,17,1,0.075,0,0,0,0,0,0,4.04,fr,0
102,25,5,0.394,2,2,0,2,1,0,6.38,fr,1
171,26,4,0.607,1,1,1,2,1,0,4.48,fr,1
70,28,2,0.029,1,0,0,1,1,0,4.71,fr,0
144,40,6,0.223,1,1,4,0,1,0,5.36,fr,1
94,19,2,0.021,0,0,0,0,0,0,3.29,en,0
111,17,5,0.555,3,4,0,1,1,0,4.84,fr,1
184,12,1,0.186,0,0,0,0,0,0,3.99,fr,0
184,31,7,0.486,2,1,1,3,1,1,6.18,en,1
104,19,3,0.046,2,0,0,0,0,0,5.35,en,0
57,18,1,0.253,1,0,0,0,0,0,3.6,en,0
192,14,2,0.082,0,0,0,0,0,0,4.92,fr,0
114,23,2,0.129,0,0,0,0,0,1,4.17,fr,0
47,2,1,0.13,0,0,0,0,0,1,3.74,en,0
67,12,0,0.103,2,0,0,0,0,0,3.22,fr,0
37,1,2,0.122,0,0,0,0,0,0,3.39,fr,0
87,12,6,0.291,2,2,4,2,0,1,4.63,en,1
160,11,13,0.336,2,1,2,3,1,0,4.47,en,1
65,14,1,0.026,0,0,0,0,0,0,5.16,fr,0
88,11,0,0.208,0,1,0,0,0,0,5.01,fr,0
101,25,2,0.074,0,0,0,0,0,0,3.79,en,0
58,24,0,0.09,0,0,0,0,0,0,5.18,en,0
80,28,7,0.438,4,0,0,1,1,1,4.23,en,1
126,16,3,0.018,0,0,0,0,0,1,4.66,fr,0
110,9,8,0.184,3,3,1,4,1,1,3.56,en,1
21,18,2,0.147,1,0,0,1,0,0,4.35,en,0
25,8,1,0.165,1,0,0,0,1,0,4.95,fr,0
121,13,0,0.141,0,0,0,0,0,1,4.15,en,0
106,12,1,0.157,1,0,0,0,0,0,4.9,fr,0
129,19,2,0.021,1,0,0,0,0,0,4.67,fr,0
105,30,1,0.473,1,1,2,2,1,1,6.83,fr,1
107,28,9,0.412,1,3,1,3,1,1,5.98,fr,1
204,10,2,0.135,0,0,0,0,0,0,5.56,fr,0
193,45,9,0.394,1,3,1,1,0,0,5.87,fr,1
58,28,1,0.217,0,0,0,0,0,0,4.89,fr,0
159,27,9,0.565,2,1,3,0,0,1,3.94,en,1
98,17,3,0.049,0,0,0,0,0,0,4.7,fr,0
149,20,2,0.011,0,0,0,0,0,0,3.65,fr,0
31,25,0,0.116,0,1,0,0,0,0,4.36,fr,0
89,31,2,0.033,0,0,0,0,1,1,4.38,en,0
30,17,2,0.1,0,0,0,0,0,0,4.6,en,0
101,9,1,0.204,1,0,0,0,0,0,4.44,fr,0
104,17,4,0.293,5,1,2,2,1,1,6.97,fr,1
5,25,0,0.143,0,0,0,0,0,0,4.71,en,0
78,19,3,0.023,0,0,0,0,0,0,5.32,en,0
55,14,0,0.094,0,0,0,0,0,0,3.73,en,0
139,22,3,0.115,0,0,0,0,0,0,5.08,fr,0
137,17,2,0.04,0,1,0,0,0,0,5.41,en,0
87,22,0,0.114,1,0,1,0,0,0,3.24,fr,0
105,15,1,0.047,0,0,0,0,0,0,4.86,fr,0
105,13,5,0.539,0,5,1,3,0,0,5.18,en,1
59,29,2,0.253,1,0,0,0,0,0,4.61,fr,0
105,19,0,0.007,0,1,0,0,0,0,5.65,fr,0
199,20,2,0.039,1,0,0,0,0,0,4.28,en,0
109,17,7,0.304,2,0,2,1,1,0,3.0,en,1
130,19,0,0.206,0,0,0,0,0,0,4.43,fr,0
166,28,5,0.245,3,1,2,1,0,1,4.96,fr,1
108,16,0,0.275,0,0,0,0,0,0,4.97,en,0
134,35,6,0.58,4,2,0,3,1,0,5.12,fr,1
85,24,1,0.294,1,0,1,0,0,0,4.5,fr,0
200,17,1,0.077,1,0,0,0,0,0,5.03,fr,0
75,25,0,0.14,0,0,0,0,0,0,4.72,fr,0
98,17,2,0.236,1,0,0,0,0,0,5.61,fr,0
96,11,1,0.024,1,0,0,1,1,0,4.7,en,0
112,11,7,0.43,2,2,2,0,1,1,4.51,en,1
81,28,0,0.254,0,0,0,0,0,0,5.41,fr,0
157,34,1,0.165,0,0,0,0,1,0,3.94,fr,0
83,6,2,0.03,0,0,0,0,0,0,5.74,fr,0
106,31,6,0.494,1,3,2,1,1,0,4.04,en,1
164,12,3,0.075,0,0,0,0,1,0,4.87,fr,0
108,29,5,0.583,3,1,3,3,0,1,5.12,fr,1
103,15,3,0.015,0,0,0,0,0,0,4.35,fr,0
5,27,2,0.09,0,0,0,0,0,0,4.55,fr,0
90,10,2,0.216,0,0,0,1,0,0,5.67,fr,0
122,28,3,0.048,0,0,0,0,1,0,3.78,fr,0
107,13,3,0.049,0,0,0,0,0,0,4.78,en,0
5,14,1,0.136,0,0,0,0,0,0,7.53,fr,0
119,14,3,0.196,0,0,0,0,0,0,3.42,en,0
115,30,5,0.391,2,1,2,0,0,0,3.72,fr,1
108,12,0,0.026,1,0,0,0,0,1,5.09,fr,0
150,19,2,0.019,0,0,1,1,0,0,3.4,fr,0
148,17,3,0.055,0,0,0,1,0,1,5.49,fr,0
26,19,1,0.078,0,0,0,1,0,0,4.31,en,0
131,13,3,0.507,4,1,4,1,1,1,2.71,fr,1
61,10,2,0.11,1,0,1,0,0,0,6.57,fr,0
17,13,0,0.099,0,0,0,0,0,0,7.08,fr,0
151,26,3,0.145,0,0,0,0,0,0,4.64,en,0
110,13,1,0.047,0,0,0,0,0,0,6.25,fr,0
105,26,1,0.032,0,0,0,0,0,0,3.43,fr,0
110,2,3,0.045,1,0,0,0,0,0,4.37,fr,0
158,46,8,0.513,1,1,0,1,1,1,5.85,en,1
149,18,2,0.1,0,0,0,0,0,0,3.44,fr,0
52,12,0,0.09,0,0,0,0,0,0,4.28,fr,0
5,5,4,0.129,2,0,0,0,0,1,5.06,fr,0
59,8,2,0.145,0,0,0,0,0,0,3.13,fr,0
164,15,0,0.044,0,0,0,0,0,0,5.6,en,0
146,26,4,0.501,3,1,6,1,1,1,4.08,en,1
93,19,1,0.046,1,0,0,0,0,0,5.17,fr,0
67,15,0,0.01,1,0,0,0,0,0,3.78,fr,0
104,1,1,0.035,0,0,0,0,1,0,5.36,fr,0
115,24,0,0.096,0,0,0,0,0,0,4.87,fr,0
198,11,0,0.081,0,0,0,0,0,0,4.0,fr,0
108,21,1,0.142,0,0,0,0,0,0,4.43,fr,0
76,20,4,0.37,0,0,3,4,1,0,5.89,fr,1
119,1,2,0.047,0,0,0,0,0,0,4.46,fr,0
128,38,5,0.367,5,1,2,4,1,0,3.24,fr,1
35,23,0,0.082,1,0,0,0,0,0,4.76,fr,0
96,8,0,0.061,1,0,0,0,1,0,3.43,fr,0
90,12,3,0.116,2,0,0,0,0,0,4.39,fr,0
129,11,3,0.407,2,0,1,2,1,1,6.58,fr,1
37,11,1,0.036,0,0,0,0,0,0,4.43,fr,0
78,11,3,0.171,0,0,0,0,1,0,5.44,fr,0
79,24,0,0.155,1,0,0,0,1,0,3.41,fr,0
6,31,0,0.032,0,0,0,0,0,0,5.04,fr,0
69,20,2,0.222,0,0,0,1,0,0,5.27,fr,0
56,17,1,0.063,0,0,0,1,0,1,5.21,fr,0
51,1,1,0.191,0,0,0,0,1,0,5.62,fr,0
